applicant_id,ism,jins,yosh,viloyat,bandlik,ish_staji_oy,deklaratsiya_daromad,oila_azolari,talim,mijoz_boldi_oy
A000001,Qurbonov Shahzoda,F,40,Surxondaryo,xususiy,27,2080000,6,oliy,23
A000002,Umarov Malika,F,58,Toshkent,xususiy,74,3150000,2,orta_maxsus,26
A000003,Qurbonov Zarina,F,27,Navoiy,xususiy,54,3440000,6,orta,102
A000004,Ergashev Oybek,M,59,Sirdaryo,xususiy,119,4580000,4,orta_maxsus,70
A000005,Ravshanov Nurbek,M,62,Farg'ona,xususiy,26,3280000,6,orta,116
A000006,Ergashev Shuhrat,M,22,Andijon,xususiy,106,3770000,4,orta_maxsus,25
A000007,Nazarov Diyor,M,36,Toshkent,savdo,23,6620000,6,orta,86
A000008,Xolmatov Dilnoza,F,52,Andijon,savdo,35,2560000,4,oliy,1
A000009,Hamidov Gulnora,F,28,Andijon,savdo,133,3480000,1,orta_maxsus,4
A000010,Nazarov Davron,M,27,Xorazm,transport,157,3480000,2,orta_maxsus,95
A000011,Ergashev Oybek,M,53,Sirdaryo,qurilish,110,2650000,2,orta_maxsus,105
A000012,Qodirov Madina,F,37,Jizzax,o'z_ishi,21,1420000,4,orta,116
A000013,Aliyev Javohir,M,38,Surxondaryo,IT,160,4520000,2,orta_maxsus,60
A000014,Sultonov Sardor,M,43,Andijon,qurilish,8,2690000,5,oliy,100
A000015,Raximov Aziza,F,50,Navoiy,o'z_ishi,135,7180000,3,orta,24
A000016,Musayev Shahzoda,F,29,Sirdaryo,savdo,8,1820000,6,orta,103
A000017,G'ulomov Shahzoda,F,50,Jizzax,byudjet,36,3000000,2,oliy,85
A000018,Sharipov Aziza,F,55,Navoiy,xususiy,144,2870000,1,orta_maxsus,85
A000019,Muhammadiyev Otabek,M,52,Samarqand,byudjet,33,14160000,6,oliy,46
A000020,Xolmatov Umid,M,48,Samarqand,o'z_ishi,109,3870000,1,orta_maxsus,84
A000021,Qodirov Diyor,M,60,Samarqand,byudjet,26,5060000,2,oliy,61
A000022,Yo'ldoshev Islom,M,32,Qashqadaryo,savdo,149,8710000,2,orta_maxsus,50
A000023,Nazarov Dilnoza,F,50,Andijon,byudjet,149,1870000,6,oliy,65
A000024,Ochilov Aziza,F,42,Samarqand,savdo,38,2720000,5,orta_maxsus,106
A000025,Mirzayev Umid,M,61,Jizzax,transport,134,6280000,5,orta,13
A000026,Bekmurodov Zilola,F,37,Namangan,xususiy,11,4160000,3,orta_maxsus,6
A000027,Ismoilov Nozima,F,48,Navoiy,xususiy,31,6430000,3,oliy,9
A000028,Qurbonov Shohruh,M,26,Andijon,IT,157,1350000,1,orta_maxsus,63
A000029,Ismoilov Zarina,F,42,Buxoro,xususiy,24,2060000,5,orta_maxsus,47
A000030,Nazarov Mohira,F,55,Navoiy,byudjet,46,3940000,3,oliy,46
A000031,Nurmatov Javohir,M,22,Xorazm,xususiy,18,1520000,2,oliy,19
A000032,Bekmurodov Mirzo,M,54,Toshkent,o'z_ishi,176,2180000,6,orta,103
A000033,Saidov Rustam,M,31,Samarqand,xususiy,155,13530000,2,oliy,39
A000034,Hamidov Mirzo,M,58,Surxondaryo,xususiy,58,4040000,5,orta_maxsus,120
A000035,Ravshanov Malika,F,55,Buxoro,o'z_ishi,159,3750000,7,orta_maxsus,96
A000036,Ismoilov Dildora,F,36,Andijon,qurilish,43,2470000,1,orta,81
A000037,Ochilov Ulugbek,M,39,Surxondaryo,xususiy,71,1750000,3,orta,98
A000038,Hamidov Zilola,F,27,Surxondaryo,qurilish,36,2400000,1,orta_maxsus,105
A000039,Ochilov Nodir,M,61,Sirdaryo,xususiy,110,2930000,7,orta_maxsus,88
A000040,Raximov Feruza,F,45,Qoraqalpog'iston,qurilish,80,8290000,7,orta_maxsus,84
A000041,Mirzayev Alisher,M,34,Qoraqalpog'iston,byudjet,180,6230000,5,orta,88
A000042,Karimov Malika,F,45,Farg'ona,qurilish,54,11320000,3,orta_maxsus,88
A000043,Aliyev Nurbek,M,61,Qoraqalpog'iston,IT,55,2870000,6,oliy,33
A000044,Normatov Madina,F,49,Navoiy,xususiy,45,10340000,7,orta_maxsus,32
A000045,Umarov Nozima,F,27,Andijon,xususiy,134,3490000,2,orta_maxsus,17
A000046,Nazarov Davron,M,27,Qoraqalpog'iston,IT,43,2880000,5,oliy,84
A000047,Tursunov Shahzoda,F,33,Farg'ona,savdo,42,7370000,1,orta,43
A000048,Abdullayev Diyor,M,45,Farg'ona,o'z_ishi,47,2760000,7,oliy,5
A000049,Ergashev Feruza,F,56,Buxoro,byudjet,55,2750000,5,orta,72
A000050,Aliyev Bobur,M,31,Navoiy,byudjet,162,3290000,2,orta,27
A000051,Sharipov Ulugbek,M,44,Surxondaryo,IT,75,5650000,3,oliy,28
A000052,Jo'rayev Bobur,M,62,Andijon,xususiy,159,720000,3,orta_maxsus,50
A000053,G'ulomov Muslima,F,63,Xorazm,xususiy,54,2970000,5,orta_maxsus,86
A000054,Jo'rayev Diyor,M,44,Qashqadaryo,byudjet,72,1030000,6,orta_maxsus,1
A000055,Sharipov Zilola,F,60,Farg'ona,savdo,100,4480000,2,oliy,105
A000056,Sharipov Charos,F,63,Toshkent,savdo,87,2100000,5,orta,82
A000057,Musayev Timur,M,59,Samarqand,qurilish,142,5340000,5,oliy,99
A000058,Tursunov Kamron,M,55,Surxondaryo,o'z_ishi,92,5750000,4,orta,42
A000059,Aliyev Alisher,M,25,Sirdaryo,xususiy,92,9610000,4,oliy,85
A000060,Ismoilov Shohruh,M,33,Samarqand,o'z_ishi,117,7500000,5,orta_maxsus,78
A000061,Umarov Lola,F,28,Jizzax,savdo,134,2440000,5,oliy,114
A000062,Normatov Bobur,M,24,Sirdaryo,xususiy,98,4590000,7,orta,27
A000063,Toshmatov Lola,F,59,Qoraqalpog'iston,qurilish,140,9540000,1,orta_maxsus,119
A000064,Ergashev Akmal,M,53,Andijon,xususiy,53,12790000,7,orta_maxsus,6
A000065,Mirzayev Aziz,M,45,Buxoro,o'z_ishi,107,1540000,4,orta_maxsus,13
A000066,Muhammadiyev Sevara,F,55,Toshkent,xususiy,108,2890000,5,oliy,77
A000067,Karimov Charos,F,40,Toshkent,xususiy,84,6390000,7,orta,93
A000068,Toshmatov Mohira,F,32,Jizzax,savdo,70,1540000,1,oliy,98
A000069,Qodirov Dilnoza,F,43,Andijon,xususiy,169,3430000,3,orta_maxsus,75
A000070,Ravshanov Nozima,F,35,Toshkent,savdo,79,6400000,3,oliy,42
A000071,Ravshanov Anvar,M,48,Andijon,ishsiz,0,6200000,3,oliy,75
A000072,Bekmurodov Oybek,M,29,Jizzax,transport,30,2890000,3,oliy,76
A000073,Rahimov Farrux,M,22,Buxoro,qurilish,11,8240000,1,orta,33
A000074,Yo'ldoshev Bobur,M,63,Samarqand,xususiy,93,4090000,5,orta,80
A000075,Ismoilov Kamron,M,24,Toshkent,savdo,153,5390000,6,oliy,47
A000076,Sultonov Mohira,F,60,Namangan,byudjet,47,3900000,6,oliy,100
A000077,Normatov Bekzod,M,41,Xorazm,xususiy,119,2570000,5,orta_maxsus,102
A000078,Karimov Lola,F,21,Buxoro,o'z_ishi,64,4000000,3,oliy,38
A000079,Mirzayev Zilola,F,61,Buxoro,savdo,161,3820000,6,oliy,75
A000080,Xasanov Kamola,F,29,Toshkent,savdo,64,3360000,7,orta,6
A000081,Aliyev Mirzo,M,33,Toshkent,qurilish,151,2400000,3,oliy,11
A000082,Qodirov Dildora,F,40,Surxondaryo,byudjet,50,2990000,7,orta_maxsus,49
A000083,Xudoyberdiyev Farrux,M,40,Sirdaryo,xususiy,49,5500000,6,orta_maxsus,24
A000084,Toshmatov Alisher,M,23,Qashqadaryo,xususiy,5,7200000,6,oliy,27
A000085,Ochilov Dilnoza,F,61,Qoraqalpog'iston,byudjet,169,11830000,2,oliy,100
A000086,Karimov Shahzoda,F,22,Namangan,qurilish,121,4310000,7,oliy,12
A000087,Yusupov Alisher,M,54,Buxoro,savdo,135,8000000,3,oliy,23
A000088,Mirzayev Nargiza,F,28,Buxoro,savdo,179,2570000,5,orta,92
A000089,Tursunov Aziz,M,53,Toshkent,qurilish,52,27030000,5,orta,83
A000090,Umarov Oybek,M,46,Qashqadaryo,xususiy,130,3640000,1,oliy,118
A000091,Jo'rayev Akmal,M,40,Xorazm,byudjet,98,2390000,5,orta_maxsus,86
A000092,Egamberdiyev Mohira,F,36,Jizzax,savdo,55,2710000,5,orta_maxsus,10
A000093,Aliyev Mohira,F,51,Farg'ona,xususiy,76,7120000,7,orta,63
A000094,Egamberdiyev Shahzoda,F,60,Samarqand,o'z_ishi,172,14180000,1,orta_maxsus,110
A000095,Umarov Mohira,F,59,Buxoro,savdo,83,2490000,1,orta,53
A000096,Musayev Nodir,M,38,Toshkent,xususiy,29,4550000,1,orta,117
A000097,Sharipov Lola,F,47,Qoraqalpog'iston,o'z_ishi,80,1680000,6,oliy,108
A000098,Ochilov Bobur,M,23,Qoraqalpog'iston,xususiy,96,2310000,2,orta_maxsus,3
A000099,G'ulomov Feruza,F,62,Navoiy,savdo,85,2510000,2,orta,79
A000100,Xolmatov Shuhrat,M,22,Buxoro,xususiy,160,5840000,6,orta,66
A000101,Rahimov Dilnoza,F,55,Andijon,xususiy,29,2230000,1,orta_maxsus,92
A000102,Normatov Behruz,M,54,Buxoro,xususiy,30,7330000,6,oliy,86
A000103,Ravshanov Sevara,F,42,Jizzax,o'z_ishi,113,3080000,7,orta,62
A000104,Sharipov Malika,F,36,Toshkent,savdo,145,3090000,5,orta_maxsus,45
A000105,Yo'ldoshev Anvar,M,32,Surxondaryo,byudjet,60,5540000,4,orta,71
A000106,Sharipov Nargiza,F,59,Xorazm,qurilish,24,8490000,7,orta_maxsus,41
A000107,G'ulomov Nilufar,F,50,Toshkent,qurilish,153,3440000,2,orta_maxsus,5
A000108,Aliyev Nilufar,F,63,Qoraqalpog'iston,byudjet,92,4720000,5,oliy,10
A000109,Toshmatov Mirzo,M,51,Buxoro,xususiy,176,4700000,6,orta_maxsus,113
A000110,Bekmurodov Nargiza,F,54,Xorazm,o'z_ishi,53,5050000,1,orta,74
A000111,Normatov Farrux,M,54,Navoiy,xususiy,100,4280000,6,orta_maxsus,59
A000112,Sultonov Alisher,M,47,Toshkent,o'z_ishi,71,2450000,7,orta,45
A000113,Ochilov Kamola,F,48,Qoraqalpog'iston,savdo,172,13090000,7,oliy,32
A000114,Saidov Alisher,M,50,Xorazm,xususiy,156,5010000,3,oliy,63
A000115,Boboyev Timur,M,44,Buxoro,transport,105,10540000,5,orta_maxsus,77
A000116,Sultonov Kamola,F,42,Jizzax,byudjet,25,6600000,7,orta_maxsus,49
A000117,G'ulomov Charos,F,27,Jizzax,xususiy,150,4370000,4,oliy,36
A000118,Aliyev Umid,M,21,Toshkent,byudjet,171,5480000,5,oliy,101
A000119,Muhammadiyev Kamola,F,50,Sirdaryo,savdo,112,3060000,7,oliy,13
A000120,Qodirov Nilufar,F,53,Toshkent,transport,18,3180000,1,orta_maxsus,41
A000121,Normatov Mohira,F,62,Namangan,transport,66,14640000,7,oliy,94
A000122,Nurmatov Aziza,F,39,Surxondaryo,o'z_ishi,123,6950000,5,orta_maxsus,87
A000123,Mirzayev Ulugbek,M,42,Surxondaryo,savdo,18,7310000,5,orta_maxsus,60
A000124,Sattorov Farrux,M,55,Toshkent,xususiy,56,5970000,7,oliy,33
A000125,Hamidov Oybek,M,60,Namangan,savdo,74,9650000,1,oliy,36
A000126,Normatov Sevara,F,32,Andijon,xususiy,138,7060000,2,oliy,120
A000127,Muhammadiyev Malika,F,28,Qoraqalpog'iston,transport,54,1950000,4,orta,40
A000128,Nazarov Dilnoza,F,23,Navoiy,ishsiz,0,2900000,6,oliy,77
A000129,Tursunov Akmal,M,59,Samarqand,o'z_ishi,34,4200000,2,orta,6
A000130,Rahimov Charos,F,43,Qashqadaryo,xususiy,154,5490000,1,orta_maxsus,71
A000131,Qurbonov Anvar,M,37,Andijon,xususiy,106,5300000,4,orta,22
A000132,Xolmatov Shohruh,M,29,Sirdaryo,IT,110,2650000,7,oliy,8
A000133,Boboyev Shuhrat,M,43,Qoraqalpog'iston,savdo,44,3830000,4,oliy,27
A000134,Ismoilov Javohir,M,36,Qoraqalpog'iston,byudjet,158,3390000,2,orta_maxsus,49
A000135,Karimov Shuhrat,M,24,Farg'ona,o'z_ishi,143,1810000,6,orta,24
A000136,Qodirov Anvar,M,32,Toshkent,xususiy,114,3090000,3,orta,27
A000137,Yusupov Timur,M,49,Xorazm,savdo,5,3460000,3,orta,114
A000138,G'ulomov Kamola,F,34,Sirdaryo,byudjet,79,3400000,2,oliy,69
A000139,Toshmatov Nilufar,F,35,Sirdaryo,savdo,64,5870000,1,orta,112
A000140,Karimov Zarina,F,33,Andijon,savdo,123,3860000,7,orta,34
A000141,Xasanov Nodir,M,55,Navoiy,IT,149,3960000,7,oliy,115
A000142,Ismoilov Aziza,F,48,Farg'ona,xususiy,85,5740000,2,oliy,66
A000143,Sharipov Sabina,F,38,Navoiy,xususiy,128,1360000,2,orta,64
A000144,Toshmatov Lola,F,26,Sirdaryo,xususiy,81,3940000,1,orta,32
A000145,Jo'rayev Muslima,F,62,Namangan,savdo,54,4880000,6,oliy,84
A000146,Yusupov Zarina,F,27,Toshkent,transport,6,3810000,4,oliy,65
A000147,Rahimov Diyor,M,36,Toshkent,byudjet,59,7630000,4,oliy,77
A000148,Toshmatov Malika,F,60,Namangan,savdo,14,4370000,4,orta_maxsus,50
A000149,Xasanov Aziza,F,53,Qoraqalpog'iston,savdo,46,3360000,3,oliy,52
A000150,Karimov Doston,M,32,Buxoro,xususiy,68,1630000,7,orta_maxsus,50
A000151,Jo'rayev Madina,F,61,Toshkent,byudjet,34,5510000,7,orta,112
A000152,Karimov Islom,M,38,Navoiy,IT,62,3090000,4,orta,118
A000153,Ismoilov Elyor,M,21,Qoraqalpog'iston,IT,152,7010000,1,orta,16
A000154,Yusupov Gulnora,F,39,Jizzax,byudjet,127,3870000,6,orta,107
A000155,Karimov Nilufar,F,59,Farg'ona,savdo,10,3910000,1,orta_maxsus,9
A000156,Sharipov Islom,M,29,Jizzax,IT,18,2930000,4,oliy,39
A000157,Qurbonov Bobur,M,48,Navoiy,savdo,77,3470000,3,orta_maxsus,4
A000158,Ravshanov Muslima,F,34,Xorazm,transport,50,3740000,3,orta_maxsus,74
A000159,Xolmatov Zafar,M,58,Andijon,xususiy,105,3360000,4,oliy,85
A000160,Xasanov Feruza,F,41,Jizzax,byudjet,125,4280000,6,orta,78
A000161,Abdullayev Charos,F,35,Navoiy,savdo,43,4510000,4,oliy,113
A000162,Hamidov Dildora,F,25,Namangan,o'z_ishi,178,2350000,2,orta,7
A000163,Karimov Nargiza,F,58,Sirdaryo,xususiy,41,11710000,4,oliy,70
A000164,Xudoyberdiyev Umid,M,26,Qoraqalpog'iston,o'z_ishi,2,5630000,5,oliy,77
A000165,Musayev Feruza,F,28,Farg'ona,savdo,93,3990000,2,orta_maxsus,30
A000166,Abdullayev Anvar,M,55,Navoiy,qurilish,30,17880000,2,oliy,104
A000167,Abdullayev Shuhrat,M,42,Qoraqalpog'iston,byudjet,132,2420000,6,oliy,65
A000168,Ochilov Muslima,F,29,Qoraqalpog'iston,o'z_ishi,151,4040000,1,orta,9
A000169,Jo'rayev Zilola,F,52,Toshkent,byudjet,95,6270000,6,oliy,109
A000170,Umarov Mohira,F,33,Samarqand,IT,94,1720000,1,orta,30
A000171,Xolmatov Timur,M,51,Xorazm,qurilish,116,4890000,2,oliy,51
A000172,Musayev Madina,F,54,Samarqand,qurilish,151,14490000,7,orta_maxsus,20
A000173,Aliyev Umid,M,48,Xorazm,byudjet,35,6340000,5,orta,40
A000174,Sultonov Bobur,M,43,Qashqadaryo,IT,81,7650000,1,oliy,112
A000175,Nazarov Sabina,F,51,Surxondaryo,o'z_ishi,143,9880000,4,orta_maxsus,42
A000176,Bekmurodov Madina,F,59,Qoraqalpog'iston,IT,54,4310000,7,orta_maxsus,55
A000177,Nurmatov Dildora,F,48,Qoraqalpog'iston,xususiy,105,4720000,7,oliy,27
A000178,Hamidov Islom,M,41,Farg'ona,savdo,131,4170000,5,orta,48
A000179,G'ulomov Nozima,F,25,Surxondaryo,xususiy,18,1750000,3,orta,104
A000180,Egamberdiyev Oybek,M,38,Surxondaryo,xususiy,78,6030000,6,oliy,83
A000181,Rahimov Zilola,F,53,Qashqadaryo,savdo,155,7860000,5,orta,20
A000182,Saidov Shahzoda,F,34,Qoraqalpog'iston,savdo,174,5320000,5,oliy,13
A000183,Rahimov Aziza,F,42,Sirdaryo,IT,160,2820000,4,orta_maxsus,38
A000184,Nazarov Sabina,F,26,Xorazm,byudjet,125,8490000,1,orta,7
A000185,Nazarov Zarina,F,53,Buxoro,byudjet,147,1600000,7,orta,35
A000186,Ergashev Charos,F,40,Farg'ona,xususiy,133,4340000,5,oliy,118
A000187,G'ulomov Shuhrat,M,47,Andijon,savdo,98,2090000,2,orta,58
A000188,Yo'ldoshev Sabina,F,40,Toshkent,xususiy,162,2000000,4,orta,82
A000189,Bekmurodov Dildora,F,60,Sirdaryo,xususiy,127,2590000,7,orta_maxsus,23
A000190,Tursunov Alisher,M,36,Surxondaryo,o'z_ishi,52,4570000,5,orta,83
A000191,Raximov Nargiza,F,26,Navoiy,byudjet,174,2630000,1,orta,39
A000192,Yusupov Malika,F,21,Qoraqalpog'iston,transport,146,3080000,4,orta,113
A000193,Nazarov Mohira,F,54,Qoraqalpog'iston,IT,156,3100000,2,orta_maxsus,44
A000194,Boboyev Nozima,F,44,Navoiy,xususiy,41,1690000,2,oliy,80
A000195,Aliyev Lola,F,37,Qoraqalpog'iston,xususiy,160,4210000,2,orta_maxsus,82
A000196,Aliyev Dilnoza,F,29,Surxondaryo,o'z_ishi,34,2020000,3,orta,26
A000197,Toshmatov Diyor,M,22,Jizzax,xususiy,178,3300000,4,oliy,78
A000198,Yo'ldoshev Nurbek,M,25,Farg'ona,byudjet,16,8180000,5,oliy,1
A000199,Abdullayev Kamola,F,36,Buxoro,IT,159,840000,4,orta,26
A000200,Toshmatov Davron,M,23,Toshkent,savdo,57,4760000,4,oliy,43
A000201,Bekmurodov Umid,M,56,Jizzax,xususiy,152,4300000,2,oliy,12
A000202,Toshmatov Nargiza,F,60,Buxoro,transport,149,2620000,4,oliy,16
A000203,Raximov Malika,F,27,Xorazm,xususiy,126,4700000,3,orta_maxsus,58
A000204,Abdullayev Feruza,F,56,Qashqadaryo,IT,148,2570000,1,orta,94
A000205,Qodirov Lola,F,54,Jizzax,byudjet,122,3020000,6,oliy,114
A000206,Sharipov Otabek,M,44,Toshkent,IT,124,1930000,5,oliy,112
A000207,Raximov Nargiza,F,54,Buxoro,o'z_ishi,58,1760000,7,orta_maxsus,10
A000208,Rahimov Akmal,M,35,Namangan,qurilish,16,2720000,1,oliy,55
A000209,Egamberdiyev Shohruh,M,54,Jizzax,savdo,172,4060000,1,orta_maxsus,2
A000210,G'ulomov Feruza,F,21,Sirdaryo,o'z_ishi,79,6290000,6,oliy,120
A000211,Mirzayev Aziz,M,57,Navoiy,savdo,142,5260000,1,orta,111
A000212,Karimov Ulugbek,M,35,Namangan,o'z_ishi,146,4850000,5,oliy,25
A000213,Qurbonov Nozima,F,51,Toshkent,xususiy,95,3740000,5,orta,36
A000214,Ochilov Islom,M,53,Sirdaryo,xususiy,168,2950000,2,orta_maxsus,112
A000215,Muhammadiyev Madina,F,63,Xorazm,byudjet,107,5140000,2,orta_maxsus,116
A000216,Muhammadiyev Charos,F,43,Navoiy,xususiy,49,3030000,7,orta,32
A000217,Qurbonov Zilola,F,50,Namangan,xususiy,118,3440000,1,orta_maxsus,53
A000218,Umarov Aziza,F,45,Farg'ona,transport,70,1690000,3,orta_maxsus,43
A000219,Raximov Bobur,M,33,Qashqadaryo,savdo,1,4400000,1,orta,39
A000220,Qodirov Shahzoda,F,52,Xorazm,xususiy,100,2660000,4,orta,15
A000221,Xudoyberdiyev Gulnora,F,54,Buxoro,qurilish,52,7620000,2,orta_maxsus,50
A000222,Sultonov Malika,F,50,Namangan,xususiy,103,3790000,3,oliy,97
A000223,Nurmatov Sabina,F,35,Namangan,xususiy,17,3770000,7,orta,63
A000224,Tursunov Zarina,F,23,Qashqadaryo,xususiy,25,5460000,6,orta,94
A000225,Saidov Farrux,M,44,Namangan,qurilish,178,10060000,7,orta,23
A000226,Nazarov Sabina,F,26,Sirdaryo,transport,109,4610000,6,oliy,2
A000227,Yusupov Bekzod,M,47,Qoraqalpog'iston,xususiy,69,3710000,4,orta,71
A000228,Nazarov Nodir,M,25,Navoiy,xususiy,10,4390000,6,orta,69
A000229,Egamberdiyev Aziza,F,35,Navoiy,xususiy,137,2340000,5,orta,68
A000230,Raximov Doston,M,51,Navoiy,ishsiz,0,1790000,3,orta,27
A000231,Mirzayev Dildora,F,40,Sirdaryo,xususiy,68,3490000,5,oliy,71
A000232,Normatov Muslima,F,39,Sirdaryo,o'z_ishi,151,4100000,5,orta,93
A000233,Ochilov Nodir,M,60,Xorazm,xususiy,74,3490000,7,orta,40
A000234,Bekmurodov Elyor,M,48,Qoraqalpog'iston,ishsiz,0,2670000,6,orta_maxsus,9
A000235,Sultonov Mohira,F,54,Sirdaryo,transport,169,6300000,4,oliy,29
A000236,G'ulomov Madina,F,37,Buxoro,byudjet,87,5330000,1,orta_maxsus,13
A000237,Ravshanov Nodir,M,53,Buxoro,savdo,63,11180000,3,orta,43
A000238,G'ulomov Aziz,M,54,Xorazm,byudjet,162,4190000,3,orta_maxsus,7
A000239,Xudoyberdiyev Timur,M,32,Qashqadaryo,transport,148,7170000,3,orta,100
A000240,Raximov Gulnora,F,36,Qoraqalpog'iston,byudjet,125,3130000,3,orta_maxsus,101
A000241,Boboyev Nargiza,F,21,Buxoro,xususiy,95,4250000,2,orta,41
A000242,Muhammadiyev Madina,F,31,Namangan,transport,21,2140000,5,orta_maxsus,98
A000243,Saidov Nilufar,F,22,Qashqadaryo,o'z_ishi,13,6060000,3,orta_maxsus,73
A000244,Xudoyberdiyev Kamron,M,42,Qashqadaryo,byudjet,157,4220000,1,orta_maxsus,110
A000245,Nurmatov Farrux,M,52,Toshkent,byudjet,70,18290000,6,oliy,85
A000246,Toshmatov Elyor,M,52,Qashqadaryo,xususiy,38,7100000,7,orta,39
A000247,Rahimov Jasur,M,55,Xorazm,transport,156,4530000,6,orta_maxsus,27
A000248,Umarov Islom,M,61,Samarqand,xususiy,22,6410000,4,orta_maxsus,90
A000249,Raximov Lola,F,55,Namangan,xususiy,174,2650000,3,orta,116
A000250,Rahimov Alisher,M,35,Qashqadaryo,xususiy,46,2650000,4,orta,67
A000251,G'ulomov Sardor,M,56,Qoraqalpog'iston,o'z_ishi,167,8100000,5,orta,13
A000252,Musayev Sevara,F,36,Xorazm,savdo,80,3440000,1,orta,119
A000253,Sattorov Sevara,F,62,Andijon,savdo,26,2840000,4,orta,75
A000254,Nazarov Muslima,F,38,Farg'ona,xususiy,107,6830000,6,orta,69
A000255,Bekmurodov Nozima,F,36,Xorazm,o'z_ishi,56,12250000,4,orta,3
A000256,Ravshanov Dildora,F,52,Jizzax,savdo,81,6040000,3,orta_maxsus,69
A000257,Saidov Bobur,M,56,Namangan,IT,32,6120000,5,orta_maxsus,70
A000258,Nurmatov Dilnoza,F,49,Surxondaryo,savdo,1,2630000,1,oliy,98
A000259,Ismoilov Gulnora,F,45,Sirdaryo,xususiy,71,1700000,3,oliy,8
A000260,Yo'ldoshev Jasur,M,48,Samarqand,byudjet,49,1450000,7,orta_maxsus,12
A000261,Saidov Oybek,M,43,Sirdaryo,byudjet,26,3250000,5,oliy,12
A000262,Hamidov Jasur,M,62,Buxoro,xususiy,66,6020000,1,orta,37
A000263,Tursunov Kamron,M,61,Samarqand,xususiy,32,4120000,1,orta,45
A000264,G'ulomov Behruz,M,36,Namangan,IT,53,7730000,1,orta,70
A000265,Ismoilov Gulnora,F,54,Jizzax,xususiy,146,5280000,3,oliy,82
A000266,Hamidov Shahzoda,F,55,Xorazm,xususiy,155,2150000,3,orta_maxsus,106
A000267,Xasanov Kamola,F,34,Qashqadaryo,qurilish,38,2520000,6,oliy,33
A000268,Rahimov Zilola,F,33,Andijon,byudjet,173,8820000,6,oliy,65
A000269,Sultonov Charos,F,48,Farg'ona,byudjet,53,4650000,7,orta,72
A000270,Boboyev Kamron,M,29,Navoiy,byudjet,88,6980000,2,oliy,78
A000271,Saidov Elyor,M,28,Namangan,byudjet,152,10280000,7,orta,19
A000272,Egamberdiyev Shohruh,M,43,Qoraqalpog'iston,qurilish,11,4320000,5,oliy,71
A000273,Hamidov Shahzoda,F,59,Andijon,xususiy,53,11880000,4,orta,0
A000274,Muhammadiyev Nozima,F,22,Jizzax,savdo,26,8370000,2,orta,84
A000275,Karimov Charos,F,62,Navoiy,xususiy,65,7340000,3,oliy,102
A000276,Muhammadiyev Lola,F,45,Namangan,savdo,105,3230000,7,orta_maxsus,98
A000277,Bekmurodov Shuhrat,M,50,Surxondaryo,qurilish,26,2720000,7,oliy,88
A000278,Bekmurodov Madina,F,27,Surxondaryo,o'z_ishi,149,6180000,1,orta,50
A000279,Egamberdiyev Madina,F,29,Navoiy,xususiy,154,8750000,6,oliy,94
A000280,Toshmatov Sabina,F,50,Xorazm,qurilish,97,2250000,7,oliy,31
A000281,Yusupov Nargiza,F,53,Jizzax,xususiy,5,9040000,7,oliy,62
A000282,Raximov Malika,F,26,Qoraqalpog'iston,xususiy,26,5200000,6,orta_maxsus,117
A000283,Toshmatov Akmal,M,54,Andijon,byudjet,83,5040000,6,oliy,114
A000284,Qurbonov Javohir,M,51,Samarqand,savdo,74,7220000,2,oliy,107
A000285,Bekmurodov Zilola,F,44,Navoiy,o'z_ishi,66,3340000,3,orta_maxsus,88
A000286,Sharipov Elyor,M,51,Qashqadaryo,xususiy,107,6030000,4,oliy,37
A000287,Jo'rayev Dilnoza,F,32,Jizzax,o'z_ishi,168,1690000,5,oliy,60
A000288,Qodirov Shuhrat,M,48,Xorazm,xususiy,75,4980000,7,orta_maxsus,6
A000289,Sultonov Nozima,F,52,Farg'ona,IT,122,3940000,3,orta_maxsus,4
A000290,Musayev Ulugbek,M,21,Namangan,byudjet,33,950000,2,orta_maxsus,62
A000291,Xolmatov Davron,M,34,Jizzax,savdo,164,2430000,1,oliy,80
A000292,Umarov Nilufar,F,50,Jizzax,xususiy,144,4830000,4,orta,69
A000293,Raximov Shahzoda,F,45,Andijon,transport,39,5410000,6,orta_maxsus,107
A000294,Ravshanov Dilnoza,F,32,Buxoro,savdo,132,18050000,7,orta_maxsus,62
A000295,Ravshanov Dildora,F,24,Qashqadaryo,byudjet,55,3800000,5,orta_maxsus,45
A000296,Tursunov Shahzoda,F,39,Jizzax,byudjet,74,2350000,2,orta,26
A000297,Yusupov Dildora,F,24,Namangan,IT,163,2150000,3,orta,82
A000298,Karimov Gulnora,F,32,Qashqadaryo,o'z_ishi,26,4230000,5,oliy,79
A000299,Karimov Jasur,M,34,Samarqand,qurilish,1,6610000,5,orta_maxsus,66
A000300,Bekmurodov Shahzoda,F,27,Farg'ona,IT,18,5000000,7,orta,109
A000301,Ochilov Gulnora,F,57,Sirdaryo,byudjet,88,4370000,4,oliy,48
A000302,Sattorov Aziza,F,35,Sirdaryo,savdo,61,8950000,4,orta,10
A000303,Xolmatov Mohira,F,28,Toshkent,byudjet,13,9720000,3,orta_maxsus,10
A000304,Abdullayev Aziza,F,44,Surxondaryo,o'z_ishi,81,11700000,5,orta_maxsus,87
A000305,Qodirov Sanjar,M,43,Jizzax,byudjet,24,1340000,5,oliy,29
A000306,Sattorov Charos,F,62,Xorazm,xususiy,55,11710000,4,orta_maxsus,16
A000307,Qodirov Nilufar,F,35,Xorazm,byudjet,95,2670000,6,orta_maxsus,28
A000308,Umarov Dilnoza,F,30,Qoraqalpog'iston,transport,96,2320000,2,orta,37
A000309,Qodirov Sevara,F,59,Sirdaryo,IT,154,12760000,6,orta,35
A000310,Rahimov Javohir,M,38,Andijon,transport,78,4660000,3,oliy,108
A000311,Ochilov Sardor,M,39,Sirdaryo,byudjet,103,1910000,6,orta,22
A000312,Xolmatov Zafar,M,33,Sirdaryo,xususiy,100,10920000,7,orta_maxsus,13
A000313,Yusupov Shohruh,M,29,Jizzax,savdo,70,1120000,3,oliy,107
A000314,Sharipov Nozima,F,27,Namangan,o'z_ishi,136,600000,5,orta,87
A000315,Musayev Oybek,M,62,Farg'ona,xususiy,71,3910000,6,orta,92
A000316,Normatov Madina,F,47,Andijon,IT,131,2530000,2,oliy,44
A000317,Xudoyberdiyev Jasur,M,31,Navoiy,xususiy,165,16580000,1,orta_maxsus,17
A000318,Xolmatov Dilnoza,F,57,Andijon,xususiy,64,1680000,4,orta_maxsus,0
A000319,Musayev Nodir,M,34,Xorazm,xususiy,177,11170000,1,oliy,84
A000320,Nazarov Malika,F,46,Jizzax,savdo,38,9810000,7,orta,108
A000321,Mirzayev Nurbek,M,26,Sirdaryo,xususiy,105,6110000,4,orta_maxsus,41
A000322,Abdullayev Charos,F,23,Namangan,byudjet,30,4190000,7,oliy,48
A000323,Saidov Feruza,F,54,Xorazm,byudjet,158,3360000,4,oliy,87
A000324,G'ulomov Zarina,F,52,Sirdaryo,byudjet,50,8880000,4,oliy,74
A000325,Boboyev Farrux,M,54,Surxondaryo,savdo,139,2350000,1,oliy,107
A000326,Aliyev Aziz,M,58,Surxondaryo,savdo,26,2310000,4,oliy,6
A000327,Sultonov Malika,F,35,Farg'ona,xususiy,178,2290000,7,orta_maxsus,63
A000328,Raximov Bobur,M,29,Navoiy,xususiy,100,9800000,5,orta_maxsus,43
A000329,Boboyev Farrux,M,25,Surxondaryo,xususiy,148,4440000,1,orta,65
A000330,Toshmatov Timur,M,24,Sirdaryo,qurilish,155,4550000,6,orta,11
A000331,Qodirov Nodir,M,21,Samarqand,IT,163,4510000,5,oliy,70
A000332,Rahimov Shuhrat,M,55,Xorazm,xususiy,167,3270000,3,oliy,84
A000333,G'ulomov Shuhrat,M,21,Farg'ona,byudjet,158,2280000,6,oliy,38
A000334,Mirzayev Dildora,F,44,Farg'ona,savdo,44,4770000,5,orta_maxsus,49
A000335,Egamberdiyev Islom,M,24,Surxondaryo,xususiy,35,14380000,7,oliy,3
A000336,Ergashev Behruz,M,27,Qoraqalpog'iston,xususiy,43,4810000,3,orta,47
A000337,Yo'ldoshev Davron,M,53,Namangan,savdo,103,5220000,2,oliy,35
A000338,Bekmurodov Nozima,F,22,Sirdaryo,byudjet,55,5180000,1,oliy,55
A000339,Ismoilov Malika,F,33,Qashqadaryo,qurilish,86,4620000,3,orta,80
A000340,Sharipov Otabek,M,36,Samarqand,xususiy,132,1640000,5,orta_maxsus,95
A000341,Ravshanov Ulugbek,M,35,Farg'ona,byudjet,33,8010000,3,orta,68
A000342,Sattorov Diyor,M,32,Buxoro,savdo,164,5300000,6,oliy,38
A000343,Ravshanov Mohira,F,53,Sirdaryo,savdo,55,3700000,5,orta,10
A000344,Sultonov Nargiza,F,46,Andijon,xususiy,95,2460000,4,orta_maxsus,32
A000345,Tursunov Anvar,M,36,Buxoro,savdo,67,2820000,5,orta_maxsus,77
A000346,Qurbonov Charos,F,60,Farg'ona,byudjet,62,3110000,6,oliy,73
A000347,Xasanov Sardor,M,50,Jizzax,savdo,122,2310000,1,orta_maxsus,44
A000348,Ochilov Zafar,M,35,Toshkent,ishsiz,0,3760000,4,orta_maxsus,95
A000349,Musayev Nozima,F,53,Buxoro,transport,26,3470000,3,oliy,110
A000350,Hamidov Charos,F,45,Buxoro,byudjet,12,7210000,4,orta_maxsus,15
A000351,Abdullayev Feruza,F,56,Jizzax,byudjet,145,4070000,1,orta,54
A000352,Muhammadiyev Dilnoza,F,32,Toshkent,xususiy,25,6240000,1,orta,96
A000353,Yo'ldoshev Madina,F,58,Toshkent,o'z_ishi,180,8680000,4,oliy,0
A000354,Raximov Shohruh,M,32,Sirdaryo,xususiy,168,3400000,4,orta,6
A000355,Mirzayev Mirzo,M,26,Toshkent,xususiy,68,6950000,4,orta,108
A000356,Nurmatov Shuhrat,M,63,Farg'ona,xususiy,15,4580000,5,oliy,106
A000357,Ismoilov Feruza,F,46,Farg'ona,IT,156,2880000,5,orta_maxsus,77
A000358,Umarov Lola,F,36,Xorazm,savdo,160,7480000,3,oliy,61
A000359,Nazarov Zilola,F,61,Farg'ona,xususiy,174,8320000,7,oliy,79
A000360,Muhammadiyev Bobur,M,54,Sirdaryo,o'z_ishi,98,3850000,5,orta,73
A000361,Egamberdiyev Nozima,F,27,Jizzax,xususiy,69,9000000,2,orta_maxsus,16
A000362,Xolmatov Diyor,M,21,Surxondaryo,o'z_ishi,54,5220000,6,oliy,36
A000363,Bekmurodov Rustam,M,41,Navoiy,byudjet,98,6750000,7,orta,108
A000364,Sharipov Umid,M,22,Surxondaryo,ishsiz,0,4650000,3,oliy,14
A000365,Xudoyberdiyev Gulnora,F,34,Xorazm,xususiy,140,4450000,6,orta_maxsus,18
A000366,Sattorov Nargiza,F,57,Surxondaryo,ishsiz,0,4620000,6,orta,64
A000367,Sattorov Sevara,F,40,Farg'ona,byudjet,166,4040000,6,oliy,24
A000368,Xolmatov Dilnoza,F,23,Sirdaryo,IT,89,3900000,6,orta_maxsus,43
A000369,Mirzayev Javohir,M,23,Toshkent,savdo,129,2530000,2,orta,8
A000370,Muhammadiyev Shuhrat,M,42,Buxoro,ishsiz,0,3210000,7,orta,94
A000371,Jo'rayev Jasur,M,51,Sirdaryo,qurilish,39,3320000,3,orta_maxsus,99
A000372,Ochilov Muslima,F,58,Toshkent,IT,20,3490000,4,oliy,45
A000373,Yo'ldoshev Oybek,M,61,Surxondaryo,o'z_ishi,34,3590000,2,orta,61
A000374,Abdullayev Dildora,F,60,Jizzax,ishsiz,0,14380000,3,oliy,84
A000375,Karimov Islom,M,55,Surxondaryo,qurilish,147,5750000,6,oliy,111
A000376,Qurbonov Mohira,F,36,Xorazm,xususiy,35,6450000,6,orta,51
A000377,Musayev Aziza,F,41,Toshkent,byudjet,169,3180000,7,orta,83
A000378,Rahimov Nozima,F,40,Qashqadaryo,savdo,102,3420000,6,orta_maxsus,60
A000379,Ismoilov Sevara,F,59,Surxondaryo,byudjet,180,2760000,2,orta,5
A000380,Saidov Nozima,F,47,Namangan,xususiy,105,7460000,2,orta_maxsus,27
A000381,Nurmatov Akmal,M,23,Qoraqalpog'iston,IT,95,2070000,6,orta_maxsus,10
A000382,Ergashev Feruza,F,48,Samarqand,savdo,140,9310000,6,oliy,42
A000383,Ravshanov Javohir,M,23,Qashqadaryo,qurilish,78,4660000,5,oliy,8
A000384,Muhammadiyev Nodir,M,34,Qashqadaryo,o'z_ishi,12,5380000,4,orta,38
A000385,Ravshanov Shohruh,M,61,Namangan,xususiy,88,4950000,7,oliy,21
A000386,Ergashev Bobur,M,24,Farg'ona,savdo,50,3090000,1,oliy,91
A000387,Sharipov Dildora,F,36,Surxondaryo,xususiy,123,5430000,6,oliy,47
A000388,Karimov Charos,F,21,Farg'ona,byudjet,116,5090000,1,oliy,93
A000389,Rahimov Charos,F,49,Navoiy,xususiy,165,3660000,6,oliy,77
A000390,Rahimov Sevara,F,52,Navoiy,xususiy,145,2190000,2,oliy,31
A000391,Boboyev Rustam,M,22,Toshkent,xususiy,157,4050000,3,orta,112
A000392,Nurmatov Akmal,M,49,Navoiy,savdo,115,6350000,2,orta,96
A000393,Sultonov Nilufar,F,52,Andijon,xususiy,86,3280000,3,oliy,50
A000394,Qurbonov Nilufar,F,24,Buxoro,xususiy,16,4530000,5,orta_maxsus,29
A000395,Rahimov Malika,F,31,Jizzax,transport,175,6350000,7,orta_maxsus,87
A000396,Sultonov Charos,F,47,Farg'ona,xususiy,100,8650000,5,orta,14
A000397,Jo'rayev Sanjar,M,40,Navoiy,qurilish,11,4200000,1,orta_maxsus,37
A000398,Nazarov Shuhrat,M,63,Farg'ona,xususiy,161,10710000,7,oliy,43
A000399,Muhammadiyev Bobur,M,21,Xorazm,o'z_ishi,30,3940000,6,orta_maxsus,43
A000400,Aliyev Ulugbek,M,54,Toshkent,xususiy,49,5040000,7,orta_maxsus,4
A000401,Hamidov Aziz,M,57,Toshkent,IT,140,2270000,4,orta,19
A000402,Raximov Doston,M,53,Surxondaryo,byudjet,59,4190000,2,orta_maxsus,24
A000403,Sattorov Zarina,F,38,Namangan,xususiy,84,5990000,6,oliy,64
A000404,Normatov Javohir,M,58,Qashqadaryo,xususiy,142,1800000,1,orta,102
A000405,Ochilov Rustam,M,61,Andijon,xususiy,96,6080000,7,orta,102
A000406,Rahimov Nilufar,F,61,Buxoro,savdo,165,3450000,5,orta,57
A000407,Aliyev Timur,M,59,Farg'ona,xususiy,85,5830000,6,orta,28
A000408,Mirzayev Kamola,F,54,Toshkent,savdo,80,13920000,6,orta,20
A000409,Qodirov Aziza,F,44,Navoiy,byudjet,1,4550000,4,orta_maxsus,21
A000410,Ismoilov Dilnoza,F,56,Xorazm,savdo,18,5110000,1,oliy,107
A000411,Saidov Feruza,F,52,Qoraqalpog'iston,savdo,157,6130000,6,orta,120
A000412,Xolmatov Nozima,F,29,Xorazm,IT,116,7780000,5,orta_maxsus,60
A000413,Ismoilov Kamola,F,24,Jizzax,xususiy,102,4520000,2,orta_maxsus,78
A000414,Saidov Lola,F,51,Andijon,savdo,44,800000,6,oliy,2
A000415,Muhammadiyev Dilnoza,F,36,Andijon,savdo,2,8020000,3,orta,26
A000416,Muhammadiyev Dilnoza,F,58,Samarqand,byudjet,132,3860000,6,orta_maxsus,105
A000417,Rahimov Gulnora,F,38,Toshkent,IT,85,1320000,2,orta_maxsus,30
A000418,Xolmatov Behruz,M,58,Jizzax,byudjet,89,3890000,7,orta,35
A000419,Ochilov Malika,F,21,Farg'ona,transport,120,5610000,3,oliy,7
A000420,Nurmatov Dildora,F,37,Buxoro,transport,159,2560000,6,orta_maxsus,29
A000421,Saidov Bobur,M,47,Surxondaryo,savdo,137,3840000,4,orta,71
A000422,Mirzayev Nozima,F,59,Andijon,byudjet,108,4020000,6,orta,65
A000423,Sharipov Sabina,F,54,Farg'ona,xususiy,41,3640000,2,orta,63
A000424,Mirzayev Gulnora,F,54,Qoraqalpog'iston,xususiy,139,4340000,4,orta_maxsus,83
A000425,Qodirov Mirzo,M,44,Qoraqalpog'iston,IT,45,1960000,1,orta_maxsus,34
A000426,Ochilov Malika,F,30,Jizzax,byudjet,147,5930000,6,orta,63
A000427,Saidov Sabina,F,44,Buxoro,savdo,54,2230000,3,orta_maxsus,18
A000428,Nazarov Elyor,M,52,Buxoro,xususiy,76,11310000,3,orta_maxsus,88
A000429,Yusupov Aziza,F,52,Farg'ona,qurilish,102,2220000,4,orta_maxsus,97
A000430,Karimov Sevara,F,22,Xorazm,savdo,2,2530000,3,orta,16
A000431,Mirzayev Madina,F,33,Andijon,xususiy,170,8110000,1,orta_maxsus,10
A000432,Qurbonov Sabina,F,62,Namangan,byudjet,77,8090000,6,oliy,29
A000433,Rahimov Sevara,F,49,Jizzax,xususiy,20,3390000,6,orta_maxsus,49
A000434,Nurmatov Dilnoza,F,25,Surxondaryo,xususiy,168,6710000,2,orta,46
A000435,Karimov Oybek,M,40,Qashqadaryo,qurilish,25,1220000,6,orta_maxsus,5
A000436,Abdullayev Madina,F,29,Toshkent,xususiy,7,5620000,1,orta_maxsus,37
A000437,Musayev Dildora,F,51,Samarqand,savdo,117,5000000,5,orta_maxsus,29
A000438,Normatov Sardor,M,56,Qashqadaryo,xususiy,136,2100000,3,orta,68
A000439,Mirzayev Islom,M,29,Toshkent,IT,127,4250000,4,orta_maxsus,90
A000440,Tursunov Bekzod,M,39,Samarqand,qurilish,72,9910000,3,oliy,67
A000441,Rahimov Aziz,M,52,Namangan,o'z_ishi,121,10970000,2,orta_maxsus,35
A000442,Abdullayev Dilnoza,F,31,Xorazm,byudjet,169,11000000,2,orta_maxsus,8
A000443,Hamidov Sanjar,M,63,Qoraqalpog'iston,xususiy,86,1920000,4,oliy,67
A000444,G'ulomov Umid,M,21,Buxoro,ishsiz,0,3900000,5,orta,108
A000445,G'ulomov Nargiza,F,54,Namangan,savdo,47,7370000,7,orta_maxsus,58
A000446,Hamidov Dilnoza,F,34,Qashqadaryo,xususiy,42,1750000,4,orta,3
A000447,Ergashev Feruza,F,61,Qoraqalpog'iston,IT,147,2280000,7,oliy,50
A000448,Karimov Zafar,M,27,Xorazm,byudjet,118,5200000,2,oliy,102
A000449,Tursunov Gulnora,F,59,Andijon,savdo,107,5930000,4,oliy,3
A000450,Nurmatov Aziza,F,39,Xorazm,transport,130,2800000,6,orta_maxsus,65
A000451,Nazarov Shohruh,M,41,Sirdaryo,xususiy,16,8560000,5,orta,114
A000452,Boboyev Mohira,F,29,Andijon,savdo,68,3050000,3,orta_maxsus,79
A000453,Jo'rayev Oybek,M,46,Sirdaryo,xususiy,144,5310000,2,oliy,8
A000454,Saidov Jasur,M,31,Sirdaryo,o'z_ishi,16,2340000,2,orta,9
A000455,Muhammadiyev Bekzod,M,24,Toshkent,savdo,158,3450000,1,oliy,101
A000456,Umarov Dilnoza,F,43,Navoiy,IT,98,7730000,5,orta,3
A000457,Aliyev Rustam,M,28,Toshkent,savdo,86,3640000,5,orta,117
A000458,Boboyev Timur,M,53,Qoraqalpog'iston,xususiy,116,2440000,3,orta_maxsus,50
A000459,Sharipov Anvar,M,41,Buxoro,o'z_ishi,103,2770000,1,orta_maxsus,77
A000460,Normatov Diyor,M,37,Navoiy,savdo,77,5310000,5,oliy,48
A000461,Yo'ldoshev Sabina,F,45,Andijon,IT,45,2900000,2,oliy,58
A000462,Rahimov Umid,M,21,Namangan,xususiy,148,5470000,3,oliy,19
A000463,Qurbonov Feruza,F,61,Qashqadaryo,xususiy,167,11790000,7,orta_maxsus,66
A000464,Nazarov Oybek,M,27,Andijon,savdo,175,2990000,2,oliy,56
A000465,Umarov Oybek,M,63,Qoraqalpog'iston,IT,26,5910000,3,orta,23
A000466,Saidov Bekzod,M,63,Namangan,qurilish,0,4720000,2,oliy,85
A000467,Saidov Feruza,F,40,Jizzax,ishsiz,0,7120000,5,orta,49
A000468,Aliyev Charos,F,52,Andijon,byudjet,46,5440000,4,orta,70
A000469,Muhammadiyev Akmal,M,34,Surxondaryo,qurilish,19,3020000,3,orta,102
A000470,Saidov Sevara,F,55,Jizzax,savdo,43,5320000,4,orta_maxsus,78
A000471,Normatov Zafar,M,33,Samarqand,qurilish,156,1170000,1,oliy,115
A000472,Nurmatov Zilola,F,59,Sirdaryo,o'z_ishi,94,4160000,7,orta_maxsus,43
A000473,Bekmurodov Sardor,M,62,Jizzax,byudjet,135,3060000,4,orta,93
A000474,Rahimov Jasur,M,42,Farg'ona,xususiy,102,2820000,5,orta,75
A000475,Nurmatov Farrux,M,44,Qashqadaryo,savdo,21,2200000,5,oliy,84
A000476,Umarov Nozima,F,21,Xorazm,o'z_ishi,37,5290000,2,orta,27
A000477,Ismoilov Muslima,F,36,Namangan,qurilish,93,7730000,4,orta,93
A000478,Saidov Nurbek,M,54,Jizzax,IT,98,6340000,6,oliy,83
A000479,Raximov Behruz,M,63,Sirdaryo,savdo,4,5560000,3,orta,120
A000480,Normatov Aziza,F,33,Samarqand,o'z_ishi,144,4850000,3,oliy,85
A000481,Jo'rayev Farrux,M,56,Surxondaryo,savdo,118,2950000,3,oliy,16
A000482,Tursunov Shahzoda,F,24,Samarqand,xususiy,57,4290000,7,orta,56
A000483,Ergashev Akmal,M,36,Qashqadaryo,o'z_ishi,77,4530000,2,orta_maxsus,75
A000484,Ergashev Zilola,F,41,Namangan,qurilish,1,4410000,3,orta,14
A000485,Yo'ldoshev Sevara,F,54,Qashqadaryo,IT,9,6810000,2,orta_maxsus,7
A000486,Nurmatov Kamron,M,49,Qoraqalpog'iston,o'z_ishi,168,11750000,2,orta,53
A000487,Ergashev Shahzoda,F,48,Sirdaryo,xususiy,112,2660000,1,oliy,113
A000488,Ravshanov Islom,M,50,Xorazm,IT,168,3650000,7,orta_maxsus,20
A000489,Boboyev Anvar,M,38,Jizzax,byudjet,15,1000000,2,oliy,98
A000490,Normatov Zarina,F,34,Andijon,qurilish,41,4450000,3,oliy,112
A000491,Ismoilov Gulnora,F,34,Sirdaryo,savdo,115,3850000,2,oliy,63
A000492,Nazarov Nozima,F,47,Buxoro,IT,120,3700000,4,oliy,10
A000493,Karimov Diyor,M,49,Toshkent,byudjet,82,2270000,4,orta_maxsus,58
A000494,Ergashev Zafar,M,52,Andijon,IT,90,10920000,3,orta_maxsus,88
A000495,Ergashev Zilola,F,47,Sirdaryo,xususiy,158,7860000,2,orta,81
A000496,Aliyev Sanjar,M,40,Surxondaryo,IT,125,2930000,6,orta_maxsus,97
A000497,Saidov Bobur,M,50,Qoraqalpog'iston,xususiy,36,3190000,3,orta_maxsus,18
A000498,Musayev Gulnora,F,48,Andijon,o'z_ishi,131,5940000,6,orta_maxsus,13
A000499,Aliyev Nilufar,F,56,Toshkent,transport,7,2630000,7,oliy,11
A000500,G'ulomov Sevara,F,51,Xorazm,ishsiz,0,7680000,3,orta,32
A000501,Ochilov Kamron,M,42,Navoiy,savdo,67,4600000,3,oliy,21
A000502,Mirzayev Diyor,M,60,Samarqand,xususiy,84,1590000,7,orta_maxsus,69
A000503,Musayev Doston,M,53,Xorazm,transport,51,11420000,7,oliy,17
A000504,Musayev Malika,F,21,Andijon,o'z_ishi,77,10990000,2,orta,83
A000505,G'ulomov Elyor,M,43,Xorazm,savdo,10,4070000,4,oliy,32
A000506,G'ulomov Dildora,F,29,Sirdaryo,xususiy,3,4500000,4,orta_maxsus,112
A000507,Qurbonov Sevara,F,30,Farg'ona,xususiy,119,2030000,1,orta,12
A000508,Xasanov Nilufar,F,39,Samarqand,IT,98,1790000,4,orta,71
A000509,Rahimov Timur,M,36,Sirdaryo,ishsiz,0,9290000,7,orta_maxsus,6
A000510,Karimov Nurbek,M,41,Xorazm,xususiy,133,5860000,3,orta,39
A000511,Tursunov Sabina,F,57,Qoraqalpog'iston,savdo,28,6300000,2,orta,90
A000512,Xasanov Nozima,F,44,Namangan,savdo,116,4120000,5,orta_maxsus,14
A000513,Ergashev Aziza,F,50,Buxoro,IT,42,5510000,6,orta_maxsus,15
A000514,Hamidov Bobur,M,33,Toshkent,transport,14,1640000,4,orta,111
A000515,Saidov Charos,F,60,Xorazm,byudjet,18,3560000,6,oliy,51
A000516,G'ulomov Gulnora,F,37,Xorazm,xususiy,10,10100000,1,orta,9
A000517,Qurbonov Muslima,F,51,Toshkent,savdo,19,4760000,4,oliy,34
A000518,Jo'rayev Kamron,M,31,Qashqadaryo,qurilish,84,1710000,6,orta_maxsus,100
A000519,Sattorov Gulnora,F,27,Samarqand,qurilish,172,8060000,4,oliy,84
A000520,Umarov Aziza,F,22,Qoraqalpog'iston,xususiy,57,3280000,7,orta_maxsus,40
A000521,Karimov Sardor,M,47,Samarqand,byudjet,76,10600000,6,oliy,42
A000522,Nazarov Rustam,M,38,Buxoro,qurilish,127,8620000,6,orta_maxsus,1
A000523,Abdullayev Nodir,M,37,Surxondaryo,xususiy,29,4290000,1,orta,76
A000524,Bekmurodov Nodir,M,24,Surxondaryo,IT,149,3920000,2,oliy,68
A000525,Raximov Otabek,M,39,Buxoro,o'z_ishi,62,6130000,7,orta,11
A000526,G'ulomov Charos,F,35,Farg'ona,xususiy,59,3240000,1,oliy,32
A000527,Saidov Islom,M,21,Surxondaryo,savdo,59,12240000,4,orta,51
A000528,Boboyev Anvar,M,60,Andijon,byudjet,54,2520000,6,orta,26
A000529,Abdullayev Timur,M,51,Andijon,ishsiz,0,2100000,4,orta,17
A000530,Sultonov Shahzoda,F,36,Buxoro,savdo,149,2070000,7,orta,38
A000531,Abdullayev Sardor,M,50,Samarqand,IT,76,4080000,3,oliy,106
A000532,Yo'ldoshev Madina,F,46,Qashqadaryo,savdo,36,3120000,3,oliy,41
A000533,Musayev Otabek,M,34,Toshkent,byudjet,153,5180000,2,orta,21
A000534,Nazarov Malika,F,59,Xorazm,o'z_ishi,110,2780000,1,orta,28
A000535,Aliyev Zilola,F,33,Surxondaryo,xususiy,140,3790000,2,oliy,87
A000536,Sharipov Behruz,M,38,Sirdaryo,byudjet,172,2240000,3,oliy,33
A000537,Ochilov Oybek,M,49,Farg'ona,byudjet,2,5870000,4,oliy,49
A000538,Normatov Alisher,M,40,Namangan,savdo,134,12500000,1,orta,41
A000539,Abdullayev Gulnora,F,23,Xorazm,savdo,137,1130000,4,orta_maxsus,112
A000540,Sattorov Sardor,M,21,Jizzax,savdo,106,2750000,3,oliy,100
A000541,Ismoilov Sabina,F,45,Surxondaryo,byudjet,84,9330000,2,orta_maxsus,116
A000542,Musayev Umid,M,48,Jizzax,o'z_ishi,154,2240000,4,oliy,86
A000543,Hamidov Bekzod,M,63,Sirdaryo,ishsiz,0,8570000,2,oliy,69
A000544,Karimov Zilola,F,53,Namangan,o'z_ishi,28,3660000,3,orta_maxsus,105
A000545,Xolmatov Mohira,F,55,Toshkent,savdo,124,7410000,5,orta_maxsus,62
A000546,Nurmatov Nargiza,F,34,Sirdaryo,byudjet,49,6350000,3,orta_maxsus,72
A000547,Egamberdiyev Davron,M,44,Samarqand,ishsiz,0,6270000,1,orta,58
A000548,Sharipov Akmal,M,39,Buxoro,transport,178,3000000,5,oliy,54
A000549,Ismoilov Mohira,F,62,Samarqand,xususiy,61,4810000,4,oliy,40
A000550,Jo'rayev Otabek,M,56,Xorazm,IT,153,4830000,2,orta,100
A000551,Sultonov Shohruh,M,61,Toshkent,savdo,114,4350000,2,orta_maxsus,17
A000552,Boboyev Charos,F,62,Andijon,ishsiz,0,4650000,2,orta,116
A000553,Nazarov Charos,F,34,Jizzax,xususiy,67,3830000,3,orta_maxsus,67
A000554,Boboyev Rustam,M,25,Qoraqalpog'iston,xususiy,159,12270000,5,oliy,45
A000555,Yusupov Zafar,M,39,Jizzax,xususiy,136,2990000,7,orta,78
A000556,Toshmatov Malika,F,40,Toshkent,ishsiz,0,4280000,6,orta_maxsus,114
A000557,Jo'rayev Umid,M,34,Surxondaryo,xususiy,172,4950000,6,orta_maxsus,84
A000558,Rahimov Kamron,M,60,Jizzax,qurilish,69,5570000,2,oliy,50
A000559,Xasanov Sabina,F,43,Andijon,o'z_ishi,113,8230000,1,orta,1
A000560,Yusupov Doston,M,27,Xorazm,IT,94,2320000,6,orta,22
A000561,Ergashev Ulugbek,M,39,Farg'ona,xususiy,155,1270000,3,oliy,99
A000562,Ergashev Dilnoza,F,51,Surxondaryo,xususiy,78,4700000,7,orta_maxsus,21
A000563,Ismoilov Kamola,F,46,Navoiy,IT,47,9330000,3,orta_maxsus,82
A000564,Sattorov Bekzod,M,35,Toshkent,byudjet,23,3330000,3,oliy,44
A000565,Qurbonov Nargiza,F,40,Buxoro,IT,21,3430000,6,orta_maxsus,62
A000566,G'ulomov Alisher,M,24,Navoiy,o'z_ishi,7,6900000,5,orta_maxsus,105
A000567,Nurmatov Rustam,M,30,Andijon,transport,8,4780000,5,orta,116
A000568,Qodirov Nozima,F,57,Farg'ona,xususiy,121,2410000,1,orta_maxsus,90
A000569,Xudoyberdiyev Aziz,M,39,Buxoro,savdo,62,5150000,2,orta,69
A000570,Sultonov Akmal,M,42,Namangan,xususiy,118,4290000,1,oliy,13
A000571,Abdullayev Lola,F,43,Farg'ona,o'z_ishi,70,9470000,4,orta_maxsus,109
A000572,Musayev Rustam,M,27,Xorazm,xususiy,117,2490000,3,orta_maxsus,68
A000573,Musayev Bekzod,M,24,Farg'ona,transport,54,11120000,7,orta,67
A000574,Sattorov Nurbek,M,58,Navoiy,savdo,83,9100000,2,oliy,6
A000575,Egamberdiyev Feruza,F,51,Surxondaryo,transport,131,2710000,6,orta,11
A000576,Karimov Sabina,F,36,Navoiy,xususiy,75,1990000,3,orta_maxsus,25
A000577,Ergashev Nilufar,F,59,Jizzax,xususiy,92,5160000,5,orta_maxsus,74
A000578,Egamberdiyev Aziza,F,22,Jizzax,byudjet,14,8870000,4,orta_maxsus,62
A000579,Raximov Zilola,F,24,Navoiy,qurilish,94,4180000,1,oliy,95
A000580,Egamberdiyev Mohira,F,37,Samarqand,transport,63,7540000,7,orta,55
A000581,Tursunov Zafar,M,24,Sirdaryo,xususiy,144,3430000,7,oliy,47
A000582,Ismoilov Nargiza,F,61,Toshkent,qurilish,152,2780000,5,orta_maxsus,74
A000583,Ravshanov Jasur,M,54,Buxoro,o'z_ishi,128,2890000,3,orta_maxsus,18
A000584,Egamberdiyev Doston,M,27,Andijon,xususiy,48,4130000,7,oliy,0
A000585,Qodirov Diyor,M,42,Jizzax,xususiy,141,10930000,2,orta_maxsus,66
A000586,Ismoilov Davron,M,32,Toshkent,xususiy,163,2610000,6,orta,94
A000587,Nazarov Malika,F,43,Qashqadaryo,byudjet,76,5790000,4,orta_maxsus,90
A000588,Ravshanov Gulnora,F,46,Farg'ona,byudjet,103,10780000,5,orta,11
A000589,Saidov Behruz,M,46,Buxoro,savdo,33,2400000,6,oliy,58
A000590,Nurmatov Timur,M,24,Farg'ona,byudjet,124,14210000,1,orta_maxsus,54
A000591,Musayev Davron,M,61,Andijon,IT,56,3430000,3,orta,90
A000592,Ergashev Nozima,F,49,Qashqadaryo,qurilish,9,2750000,4,orta_maxsus,41
A000593,Ergashev Aziz,M,35,Qoraqalpog'iston,xususiy,81,6910000,5,orta,15
A000594,Sattorov Zarina,F,42,Toshkent,IT,10,6350000,4,oliy,98
A000595,Ergashev Farrux,M,63,Toshkent,byudjet,143,6340000,2,orta_maxsus,66
A000596,Bekmurodov Kamron,M,31,Andijon,xususiy,113,5290000,5,oliy,57
A000597,Muhammadiyev Aziza,F,49,Toshkent,xususiy,116,2820000,2,orta_maxsus,35
A000598,Ochilov Sanjar,M,59,Andijon,savdo,128,5710000,6,orta,60
A000599,Mirzayev Sanjar,M,40,Xorazm,transport,173,1540000,6,orta_maxsus,102
A000600,Egamberdiyev Nodir,M,22,Xorazm,IT,5,11990000,2,oliy,1
A000601,Sultonov Malika,F,40,Surxondaryo,byudjet,168,9600000,3,orta,7
A000602,Tursunov Nodir,M,21,Navoiy,xususiy,88,1720000,7,orta_maxsus,40
A000603,Nurmatov Kamola,F,54,Samarqand,xususiy,92,3280000,7,orta_maxsus,3
A000604,Xolmatov Dilnoza,F,42,Navoiy,xususiy,43,6580000,4,orta_maxsus,118
A000605,Jo'rayev Aziza,F,54,Surxondaryo,qurilish,81,1650000,1,orta,21
A000606,Normatov Oybek,M,49,Jizzax,IT,111,7190000,1,orta,117
A000607,Xudoyberdiyev Timur,M,26,Navoiy,byudjet,69,3000000,5,oliy,13
A000608,Xasanov Zafar,M,54,Samarqand,xususiy,81,2720000,2,orta,34
A000609,Mirzayev Davron,M,23,Jizzax,savdo,71,5000000,1,orta,109
A000610,Qurbonov Shuhrat,M,42,Andijon,xususiy,78,5310000,2,oliy,42
A000611,Xudoyberdiyev Otabek,M,22,Buxoro,xususiy,53,5920000,1,oliy,36
A000612,Sattorov Muslima,F,29,Samarqand,qurilish,113,2390000,1,orta,36
A000613,Xasanov Muslima,F,46,Buxoro,xususiy,53,9970000,4,orta,84
A000614,Ergashev Lola,F,31,Surxondaryo,qurilish,127,5430000,1,oliy,70
A000615,Yo'ldoshev Zarina,F,58,Surxondaryo,xususiy,173,11460000,5,orta_maxsus,75
A000616,Raximov Zilola,F,26,Farg'ona,xususiy,81,3590000,3,orta_maxsus,6
A000617,G'ulomov Elyor,M,62,Sirdaryo,qurilish,150,2510000,1,oliy,62
A000618,Nazarov Nozima,F,52,Namangan,o'z_ishi,179,14760000,3,oliy,109
A000619,Rahimov Lola,F,45,Navoiy,savdo,60,1370000,6,orta,65
A000620,Normatov Nozima,F,47,Qashqadaryo,xususiy,113,10310000,1,orta,64
A000621,Bekmurodov Aziz,M,40,Sirdaryo,IT,9,7190000,4,orta,57
A000622,Muhammadiyev Madina,F,34,Toshkent,ishsiz,0,4020000,7,oliy,75
A000623,Xudoyberdiyev Madina,F,21,Farg'ona,xususiy,106,8110000,4,orta,53
A000624,Nazarov Akmal,M,36,Buxoro,savdo,177,21210000,3,orta,112
A000625,Musayev Zarina,F,43,Namangan,o'z_ishi,55,2160000,5,orta,30
A000626,Nazarov Alisher,M,31,Surxondaryo,savdo,115,6480000,3,oliy,16
A000627,Boboyev Doston,M,56,Surxondaryo,IT,124,5050000,1,orta,86
A000628,Yo'ldoshev Kamron,M,55,Surxondaryo,IT,54,6300000,5,orta_maxsus,102
A000629,Karimov Doston,M,49,Sirdaryo,byudjet,114,1600000,1,orta,6
A000630,Raximov Mohira,F,35,Andijon,xususiy,40,3490000,5,oliy,48
A000631,Xasanov Kamola,F,39,Namangan,savdo,126,860000,7,oliy,25
A000632,Aliyev Lola,F,31,Toshkent,xususiy,57,11520000,6,orta_maxsus,21
A000633,Abdullayev Mirzo,M,61,Namangan,qurilish,178,6660000,3,oliy,21
A000634,Qodirov Sanjar,M,58,Namangan,byudjet,156,3040000,4,oliy,30
A000635,Xolmatov Muslima,F,56,Surxondaryo,xususiy,53,5740000,7,orta_maxsus,0
A000636,Muhammadiyev Aziza,F,36,Samarqand,transport,162,6440000,1,oliy,33
A000637,Sattorov Shohruh,M,39,Andijon,byudjet,46,2370000,1,orta,90
A000638,Boboyev Ulugbek,M,42,Surxondaryo,xususiy,157,3220000,1,oliy,37
A000639,Raximov Dildora,F,46,Navoiy,byudjet,57,2330000,1,orta_maxsus,45
A000640,Egamberdiyev Nozima,F,52,Namangan,xususiy,132,3720000,4,orta,89
A000641,Qurbonov Rustam,M,53,Xorazm,transport,55,2370000,3,oliy,36
A000642,Sattorov Sanjar,M,27,Farg'ona,o'z_ishi,23,2420000,2,orta_maxsus,35
A000643,Hamidov Doston,M,35,Jizzax,xususiy,20,2520000,2,orta_maxsus,8
A000644,Saidov Diyor,M,57,Qoraqalpog'iston,o'z_ishi,99,2530000,2,oliy,59
A000645,Sharipov Charos,F,26,Jizzax,IT,89,11110000,5,oliy,43
A000646,Qodirov Anvar,M,60,Namangan,qurilish,76,4060000,6,oliy,111
A000647,Raximov Nargiza,F,32,Namangan,byudjet,5,5080000,1,orta,25
A000648,Qodirov Aziz,M,42,Navoiy,byudjet,144,5180000,4,oliy,80
A000649,Ismoilov Dilnoza,F,34,Xorazm,IT,102,6380000,6,oliy,89
A000650,Egamberdiyev Sevara,F,24,Jizzax,transport,168,1380000,7,orta_maxsus,9
A000651,Qodirov Doston,M,43,Qoraqalpog'iston,xususiy,109,6600000,6,orta,65
A000652,Xolmatov Nodir,M,24,Buxoro,byudjet,103,4980000,6,orta_maxsus,113
A000653,Sattorov Aziz,M,37,Navoiy,xususiy,155,5200000,5,oliy,52
A000654,G'ulomov Nozima,F,32,Xorazm,o'z_ishi,179,6500000,4,orta,25
A000655,Muhammadiyev Sabina,F,47,Xorazm,IT,148,3030000,3,orta_maxsus,84
A000656,Hamidov Elyor,M,22,Navoiy,o'z_ishi,150,4820000,4,oliy,12
A000657,Tursunov Mirzo,M,34,Farg'ona,IT,52,6300000,2,oliy,88
A000658,G'ulomov Aziz,M,59,Samarqand,transport,90,4120000,7,oliy,79
A000659,Sultonov Oybek,M,41,Farg'ona,byudjet,95,5890000,3,oliy,95
A000660,Rahimov Nargiza,F,59,Navoiy,xususiy,174,9820000,2,oliy,45
A000661,Musayev Lola,F,35,Qashqadaryo,transport,15,4180000,4,orta,38
A000662,Boboyev Malika,F,55,Qashqadaryo,xususiy,79,3380000,5,orta,111
A000663,G'ulomov Oybek,M,58,Namangan,byudjet,157,1850000,5,oliy,111
A000664,Nazarov Anvar,M,35,Sirdaryo,xususiy,61,2440000,6,orta,106
A000665,Rahimov Shahzoda,F,45,Qoraqalpog'iston,savdo,163,3500000,2,orta_maxsus,83
A000666,Qurbonov Mirzo,M,30,Qashqadaryo,xususiy,101,7170000,2,orta_maxsus,8
A000667,Xasanov Dildora,F,37,Samarqand,byudjet,40,4110000,6,orta,71
A000668,Raximov Zilola,F,54,Farg'ona,qurilish,120,7460000,4,oliy,56
A000669,Tursunov Zafar,M,24,Namangan,ishsiz,0,13470000,6,orta,43
A000670,Hamidov Muslima,F,36,Surxondaryo,xususiy,109,7780000,4,orta,42
A000671,Sattorov Feruza,F,46,Farg'ona,IT,122,5450000,6,orta_maxsus,58
A000672,Xolmatov Davron,M,52,Buxoro,transport,38,1760000,6,orta_maxsus,61
A000673,Raximov Elyor,M,38,Navoiy,o'z_ishi,86,3300000,6,oliy,0
A000674,G'ulomov Farrux,M,52,Namangan,o'z_ishi,156,8210000,6,orta,105
A000675,Rahimov Javohir,M,30,Toshkent,qurilish,150,2990000,7,orta_maxsus,76
A000676,Ravshanov Nargiza,F,57,Surxondaryo,byudjet,13,12050000,4,orta_maxsus,41
A000677,Yo'ldoshev Nilufar,F,52,Qoraqalpog'iston,byudjet,97,1670000,1,orta_maxsus,30
A000678,Xolmatov Kamola,F,57,Xorazm,byudjet,19,4080000,2,orta,59
A000679,Toshmatov Kamron,M,63,Namangan,xususiy,98,6780000,5,orta_maxsus,34
A000680,Musayev Nozima,F,55,Toshkent,xususiy,139,3730000,7,orta,68
A000681,Sultonov Nargiza,F,36,Samarqand,qurilish,0,4530000,4,orta_maxsus,41
A000682,Yo'ldoshev Farrux,M,34,Xorazm,IT,143,2830000,5,oliy,39
A000683,Muhammadiyev Mirzo,M,29,Surxondaryo,xususiy,153,8570000,4,orta_maxsus,36
A000684,Sharipov Nozima,F,29,Toshkent,o'z_ishi,137,2690000,2,oliy,15
A000685,Sultonov Sabina,F,25,Samarqand,byudjet,52,1280000,7,orta_maxsus,79
A000686,Nazarov Dilnoza,F,54,Qashqadaryo,transport,146,5040000,6,oliy,84
A000687,Jo'rayev Feruza,F,21,Sirdaryo,byudjet,50,6600000,7,orta,70
A000688,Jo'rayev Sabina,F,33,Namangan,xususiy,178,9000000,4,orta,27
A000689,Tursunov Ulugbek,M,48,Xorazm,transport,60,7950000,6,orta_maxsus,19
A000690,Abdullayev Timur,M,58,Toshkent,xususiy,146,16260000,2,oliy,82
A000691,Raximov Sevara,F,27,Qoraqalpog'iston,transport,174,6540000,4,orta_maxsus,33
A000692,Sharipov Dilnoza,F,29,Navoiy,byudjet,1,3530000,6,orta,74
A000693,Ismoilov Bobur,M,48,Samarqand,transport,31,2400000,5,oliy,40
A000694,Ochilov Anvar,M,26,Qoraqalpog'iston,o'z_ishi,51,4110000,4,oliy,94
A000695,Karimov Dilnoza,F,31,Farg'ona,xususiy,137,11760000,7,oliy,12
A000696,Ravshanov Sabina,F,60,Toshkent,IT,35,2460000,4,orta_maxsus,22
A000697,Tursunov Ulugbek,M,53,Sirdaryo,xususiy,47,2750000,2,oliy,104
A000698,Egamberdiyev Jasur,M,52,Sirdaryo,o'z_ishi,170,6810000,4,orta,115
A000699,Ergashev Dilnoza,F,22,Surxondaryo,xususiy,68,8730000,6,orta_maxsus,5
A000700,Egamberdiyev Mohira,F,48,Farg'ona,xususiy,111,2840000,6,orta,58
A000701,Yo'ldoshev Farrux,M,27,Xorazm,IT,13,6690000,3,orta_maxsus,32
A000702,Egamberdiyev Oybek,M,44,Jizzax,byudjet,150,15560000,7,orta_maxsus,42
A000703,Aliyev Sardor,M,44,Qoraqalpog'iston,xususiy,141,6750000,2,oliy,7
A000704,Normatov Aziza,F,56,Qashqadaryo,byudjet,130,7220000,7,orta,100
A000705,Boboyev Islom,M,47,Jizzax,xususiy,99,2380000,1,orta_maxsus,118
A000706,Qurbonov Shahzoda,F,28,Sirdaryo,transport,42,1370000,6,orta,89
A000707,Abdullayev Nozima,F,34,Toshkent,ishsiz,0,2050000,5,oliy,15
A000708,Sharipov Diyor,M,62,Samarqand,o'z_ishi,111,1830000,2,orta,112
A000709,G'ulomov Bekzod,M,62,Farg'ona,xususiy,81,4110000,5,orta_maxsus,1
A000710,Rahimov Aziza,F,38,Jizzax,xususiy,101,8520000,2,orta,71
A000711,Boboyev Sanjar,M,54,Farg'ona,xususiy,164,2670000,3,orta_maxsus,96
A000712,Hamidov Muslima,F,41,Andijon,xususiy,71,7760000,5,orta,88
A000713,Qurbonov Zarina,F,55,Buxoro,xususiy,1,6020000,2,orta_maxsus,82
A000714,Yusupov Dilnoza,F,45,Sirdaryo,savdo,163,2740000,6,orta_maxsus,30
A000715,Qodirov Doston,M,46,Sirdaryo,xususiy,8,7140000,3,orta,105
A000716,Ismoilov Javohir,M,49,Sirdaryo,xususiy,45,14410000,6,oliy,83
A000717,Egamberdiyev Jasur,M,35,Surxondaryo,byudjet,141,1860000,1,oliy,71
A000718,Ravshanov Nargiza,F,62,Samarqand,xususiy,119,10010000,5,orta_maxsus,33
A000719,Raximov Sanjar,M,38,Qoraqalpog'iston,qurilish,4,10030000,1,orta,75
A000720,Aliyev Sevara,F,60,Toshkent,o'z_ishi,17,13240000,7,orta_maxsus,48
A000721,Egamberdiyev Islom,M,62,Buxoro,xususiy,34,2090000,3,oliy,28
A000722,Xasanov Akmal,M,49,Sirdaryo,qurilish,85,4570000,5,orta_maxsus,9
A000723,Raximov Kamola,F,49,Namangan,transport,62,2250000,4,orta_maxsus,115
A000724,Ismoilov Nozima,F,48,Namangan,IT,14,5640000,3,oliy,73
A000725,Rahimov Shohruh,M,32,Qoraqalpog'iston,xususiy,7,2410000,4,oliy,113
A000726,Hamidov Nurbek,M,29,Toshkent,byudjet,163,10100000,6,oliy,114
A000727,Ergashev Madina,F,25,Toshkent,IT,119,5200000,6,oliy,31
A000728,Ochilov Nargiza,F,22,Xorazm,qurilish,130,2500000,5,orta_maxsus,7
A000729,Ochilov Nargiza,F,41,Toshkent,byudjet,76,960000,1,orta,5
A000730,Muhammadiyev Sevara,F,27,Andijon,transport,20,880000,1,orta,38
A000731,Yo'ldoshev Bekzod,M,31,Andijon,ishsiz,0,8980000,2,orta,17
A000732,Tursunov Timur,M,39,Namangan,savdo,21,9590000,6,orta,90
A000733,Sultonov Otabek,M,22,Toshkent,qurilish,79,2290000,7,oliy,71
A000734,Egamberdiyev Sanjar,M,51,Andijon,xususiy,22,14190000,7,oliy,38
A000735,Umarov Nargiza,F,38,Andijon,savdo,38,4770000,6,orta_maxsus,5
A000736,Qodirov Mirzo,M,39,Xorazm,transport,66,10140000,7,oliy,46
A000737,Raximov Umid,M,50,Andijon,qurilish,34,6140000,3,orta_maxsus,30
A000738,Yusupov Rustam,M,27,Andijon,qurilish,97,5410000,3,oliy,54
A000739,Hamidov Shuhrat,M,25,Qashqadaryo,savdo,111,4040000,2,oliy,52
A000740,Saidov Alisher,M,45,Namangan,byudjet,50,1810000,2,orta,87
A000741,Toshmatov Nilufar,F,23,Andijon,ishsiz,0,2430000,6,orta,108
A000742,Qodirov Zilola,F,54,Samarqand,savdo,96,1470000,5,orta_maxsus,3
A000743,Sultonov Aziza,F,61,Farg'ona,savdo,176,1190000,1,orta_maxsus,119
A000744,Nazarov Bobur,M,29,Jizzax,transport,146,1380000,6,oliy,0
A000745,Ravshanov Muslima,F,23,Navoiy,o'z_ishi,175,2850000,4,orta_maxsus,85
A000746,Sattorov Shuhrat,M,22,Qoraqalpog'iston,o'z_ishi,42,2030000,6,orta_maxsus,120
A000747,Saidov Ulugbek,M,38,Jizzax,byudjet,161,8370000,3,orta_maxsus,79
A000748,Ochilov Kamola,F,51,Navoiy,ishsiz,0,5460000,6,orta_maxsus,107
A000749,Ravshanov Madina,F,40,Sirdaryo,xususiy,10,7590000,2,oliy,26
A000750,Ismoilov Muslima,F,21,Navoiy,xususiy,114,4070000,6,oliy,114
A000751,Muhammadiyev Sardor,M,62,Namangan,byudjet,53,9050000,3,orta,13
A000752,Qodirov Sabina,F,45,Toshkent,xususiy,63,6420000,4,orta_maxsus,42
A000753,Egamberdiyev Oybek,M,56,Toshkent,transport,150,2770000,6,oliy,103
A000754,Xudoyberdiyev Sabina,F,24,Jizzax,xususiy,83,2850000,2,orta,16
A000755,Xolmatov Nargiza,F,25,Buxoro,o'z_ishi,19,5620000,3,orta_maxsus,14
A000756,G'ulomov Sabina,F,42,Qashqadaryo,qurilish,49,3350000,2,orta,50
A000757,Xudoyberdiyev Zarina,F,62,Farg'ona,byudjet,121,4200000,4,orta,110
A000758,Sultonov Gulnora,F,62,Farg'ona,xususiy,162,4060000,3,orta,55
A000759,Sattorov Shahzoda,F,57,Andijon,xususiy,23,7130000,6,orta_maxsus,38
A000760,Qurbonov Madina,F,36,Surxondaryo,savdo,103,2020000,3,oliy,27
A000761,Ergashev Nargiza,F,35,Toshkent,savdo,58,5720000,4,oliy,114
A000762,Bekmurodov Lola,F,22,Xorazm,IT,78,4690000,6,orta_maxsus,26
A000763,Qurbonov Mohira,F,26,Namangan,byudjet,98,2390000,5,orta_maxsus,98
A000764,Karimov Nurbek,M,35,Qashqadaryo,IT,93,4340000,1,orta,96
A000765,Ismoilov Ulugbek,M,46,Farg'ona,o'z_ishi,142,4680000,6,oliy,10
A000766,Aliyev Timur,M,39,Xorazm,o'z_ishi,2,4590000,6,orta,28
A000767,Tursunov Charos,F,30,Namangan,byudjet,175,8220000,2,orta_maxsus,42
A000768,Musayev Bobur,M,25,Jizzax,xususiy,16,2870000,7,oliy,93
A000769,Tursunov Kamola,F,47,Namangan,xususiy,15,14610000,3,orta,14
A000770,Qodirov Sanjar,M,29,Xorazm,xususiy,83,4330000,3,orta_maxsus,109
A000771,Muhammadiyev Muslima,F,28,Samarqand,xususiy,74,3920000,4,oliy,65
A000772,Qurbonov Nozima,F,23,Buxoro,qurilish,78,14880000,3,oliy,56
A000773,Qodirov Bobur,M,41,Navoiy,savdo,39,4470000,3,oliy,82
A000774,Toshmatov Nozima,F,26,Samarqand,transport,69,3930000,1,orta,7
A000775,Xasanov Kamola,F,49,Farg'ona,xususiy,127,4600000,7,orta,62
A000776,Nurmatov Islom,M,37,Qoraqalpog'iston,transport,131,4120000,1,orta,106
A000777,Karimov Timur,M,63,Jizzax,ishsiz,0,3050000,2,oliy,26
A000778,Karimov Shahzoda,F,47,Navoiy,qurilish,0,2580000,3,orta_maxsus,41
A000779,Yo'ldoshev Sabina,F,48,Surxondaryo,byudjet,112,10010000,4,orta,50
A000780,Nurmatov Sevara,F,55,Farg'ona,ishsiz,0,4130000,5,oliy,37
A000781,Xolmatov Oybek,M,31,Qashqadaryo,xususiy,166,6850000,4,orta,64
A000782,Normatov Dilnoza,F,41,Buxoro,o'z_ishi,86,6330000,2,orta,40
A000783,Raximov Sanjar,M,35,Samarqand,byudjet,60,1910000,7,orta,44
A000784,Rahimov Javohir,M,63,Jizzax,xususiy,81,1960000,7,oliy,25
A000785,Raximov Kamola,F,26,Toshkent,byudjet,131,4960000,1,orta,101
A000786,Aliyev Shohruh,M,32,Qoraqalpog'iston,IT,69,13310000,3,oliy,100
A000787,Aliyev Gulnora,F,21,Qashqadaryo,IT,126,3300000,7,orta_maxsus,18
A000788,Yusupov Umid,M,62,Samarqand,qurilish,126,2010000,4,orta,50
A000789,Sharipov Malika,F,24,Qoraqalpog'iston,o'z_ishi,38,6300000,1,orta_maxsus,87
A000790,Toshmatov Nozima,F,52,Qashqadaryo,xususiy,128,14710000,4,orta_maxsus,30
A000791,Raximov Zilola,F,43,Navoiy,xususiy,171,3590000,3,orta_maxsus,107
A000792,Musayev Mohira,F,27,Buxoro,transport,96,8600000,3,orta_maxsus,19
A000793,Muhammadiyev Gulnora,F,36,Xorazm,savdo,35,1730000,7,orta,13
A000794,Sattorov Charos,F,33,Farg'ona,qurilish,167,2210000,6,orta,61
A000795,Qodirov Feruza,F,62,Buxoro,byudjet,74,3760000,7,oliy,53
A000796,Saidov Sevara,F,24,Samarqand,ishsiz,0,8870000,4,oliy,90
A000797,Sattorov Zafar,M,62,Qoraqalpog'iston,qurilish,91,7520000,5,orta,63
A000798,Qurbonov Kamola,F,47,Jizzax,savdo,63,1890000,7,oliy,9
A000799,Ochilov Akmal,M,37,Xorazm,savdo,96,7280000,7,orta_maxsus,64
A000800,Abdullayev Zilola,F,61,Toshkent,o'z_ishi,152,1730000,4,orta_maxsus,6
A000801,Toshmatov Sanjar,M,61,Namangan,transport,156,11600000,6,orta_maxsus,115
A000802,Qodirov Lola,F,44,Surxondaryo,xususiy,99,8000000,7,orta_maxsus,102
A000803,Xolmatov Anvar,M,38,Qashqadaryo,xususiy,89,2100000,7,orta,33
A000804,Yusupov Shuhrat,M,23,Farg'ona,savdo,149,9380000,3,oliy,105
A000805,Mirzayev Nodir,M,38,Namangan,xususiy,43,4080000,1,orta,84
A000806,Normatov Gulnora,F,38,Qoraqalpog'iston,o'z_ishi,12,3590000,2,orta_maxsus,4
A000807,Saidov Alisher,M,46,Samarqand,transport,117,4040000,1,orta_maxsus,65
A000808,Saidov Alisher,M,41,Qoraqalpog'iston,savdo,141,6820000,6,orta,14
A000809,G'ulomov Rustam,M,49,Qoraqalpog'iston,transport,8,6400000,4,oliy,14
A000810,Aliyev Otabek,M,46,Toshkent,o'z_ishi,87,2560000,3,oliy,16
A000811,Sharipov Dildora,F,49,Sirdaryo,savdo,180,1320000,3,orta,2
A000812,Sattorov Otabek,M,37,Andijon,savdo,27,5530000,5,orta_maxsus,113
A000813,Qurbonov Nilufar,F,38,Farg'ona,IT,10,2310000,2,oliy,94
A000814,Yo'ldoshev Elyor,M,35,Namangan,IT,61,12520000,5,oliy,54
A000815,Xudoyberdiyev Malika,F,23,Navoiy,xususiy,124,2400000,4,orta_maxsus,74
A000816,Jo'rayev Zafar,M,40,Andijon,o'z_ishi,176,6370000,5,oliy,93
A000817,Rahimov Sabina,F,41,Samarqand,savdo,74,15790000,7,oliy,119
A000818,Boboyev Muslima,F,48,Sirdaryo,xususiy,156,1440000,5,oliy,66
A000819,Yo'ldoshev Davron,M,50,Jizzax,byudjet,137,15320000,6,oliy,49
A000820,Sultonov Muslima,F,45,Qashqadaryo,IT,88,910000,7,orta_maxsus,26
A000821,G'ulomov Dilnoza,F,45,Toshkent,savdo,1,1820000,7,oliy,28
A000822,Tursunov Sanjar,M,37,Navoiy,ishsiz,0,3520000,6,orta_maxsus,23
A000823,Qodirov Rustam,M,57,Andijon,transport,173,2580000,3,orta_maxsus,10
A000824,Raximov Sanjar,M,58,Toshkent,savdo,165,10540000,1,orta,110
A000825,Xolmatov Diyor,M,55,Toshkent,qurilish,120,5430000,5,orta_maxsus,23
A000826,Umarov Sabina,F,34,Qashqadaryo,transport,67,2700000,1,orta_maxsus,41
A000827,Mirzayev Mohira,F,26,Xorazm,qurilish,52,3630000,3,oliy,25
A000828,Normatov Madina,F,55,Toshkent,transport,43,3690000,1,orta,69
A000829,Normatov Malika,F,28,Samarqand,xususiy,43,15410000,4,orta,61
A000830,Qurbonov Kamola,F,30,Toshkent,byudjet,116,4400000,2,orta,65
A000831,Nazarov Kamola,F,49,Qoraqalpog'iston,IT,168,2400000,3,orta_maxsus,113
A000832,Nazarov Farrux,M,25,Jizzax,byudjet,12,5770000,4,orta_maxsus,41
A000833,Raximov Oybek,M,58,Jizzax,xususiy,100,1880000,7,oliy,30
A000834,Sultonov Zarina,F,51,Andijon,qurilish,10,3050000,4,orta_maxsus,42
A000835,Raximov Shahzoda,F,38,Andijon,byudjet,172,4750000,5,orta_maxsus,92
A000836,Toshmatov Doston,M,43,Jizzax,byudjet,85,3320000,7,oliy,30
A000837,Umarov Muslima,F,39,Toshkent,IT,76,5870000,5,orta,39
A000838,Hamidov Nozima,F,42,Namangan,transport,168,1030000,2,orta,39
A000839,Umarov Mohira,F,31,Qashqadaryo,byudjet,76,2940000,2,oliy,2
A000840,Sharipov Nozima,F,28,Sirdaryo,xususiy,106,7810000,2,orta_maxsus,41
A000841,Qodirov Sevara,F,31,Xorazm,o'z_ishi,157,6710000,5,oliy,48
A000842,Xolmatov Kamola,F,39,Buxoro,byudjet,97,3580000,6,orta,42
A000843,Mirzayev Sevara,F,30,Buxoro,o'z_ishi,126,17540000,5,oliy,0
A000844,Ravshanov Feruza,F,47,Namangan,o'z_ishi,164,7650000,6,orta,76
A000845,Yusupov Zilola,F,46,Toshkent,qurilish,38,13880000,6,orta,17
A000846,Bekmurodov Nargiza,F,35,Namangan,xususiy,50,1770000,3,oliy,1
A000847,Qodirov Oybek,M,54,Sirdaryo,xususiy,137,3390000,5,orta,63
A000848,Musayev Sardor,M,56,Samarqand,IT,137,10580000,1,orta_maxsus,94
A000849,Toshmatov Farrux,M,48,Namangan,o'z_ishi,105,2680000,7,orta,4
A000850,Toshmatov Farrux,M,25,Andijon,xususiy,169,2930000,6,orta_maxsus,21
A000851,Qurbonov Malika,F,31,Surxondaryo,IT,56,5840000,7,orta_maxsus,10
A000852,Aliyev Mirzo,M,39,Farg'ona,o'z_ishi,86,3900000,4,orta_maxsus,38
A000853,Ismoilov Mohira,F,23,Jizzax,xususiy,48,17050000,2,oliy,1
A000854,Musayev Malika,F,34,Jizzax,xususiy,112,5050000,4,orta_maxsus,78
A000855,Sattorov Farrux,M,25,Jizzax,byudjet,167,7760000,1,orta,46
A000856,Jo'rayev Lola,F,24,Xorazm,o'z_ishi,78,5780000,2,oliy,9
A000857,Tursunov Kamola,F,28,Namangan,byudjet,122,7350000,7,oliy,62
A000858,Ergashev Anvar,M,38,Qashqadaryo,xususiy,56,2430000,3,oliy,112
A000859,Raximov Muslima,F,30,Farg'ona,qurilish,111,3560000,5,orta,19
A000860,Abdullayev Shuhrat,M,54,Samarqand,xususiy,61,6610000,5,orta_maxsus,28
A000861,Karimov Zilola,F,35,Andijon,xususiy,79,6160000,4,orta,109
A000862,Ismoilov Bekzod,M,22,Namangan,IT,27,5480000,1,oliy,8
A000863,Sultonov Dildora,F,50,Navoiy,xususiy,125,2420000,1,orta_maxsus,66
A000864,G'ulomov Nozima,F,21,Toshkent,o'z_ishi,176,1500000,1,orta,32
A000865,Mirzayev Islom,M,52,Navoiy,o'z_ishi,115,2370000,6,orta,62
A000866,Hamidov Shahzoda,F,30,Samarqand,transport,6,11330000,7,orta_maxsus,102
A000867,Qurbonov Feruza,F,35,Andijon,xususiy,95,5880000,3,orta,72
A000868,Ochilov Jasur,M,53,Surxondaryo,savdo,163,6920000,7,orta_maxsus,93
A000869,Mirzayev Akmal,M,46,Jizzax,savdo,175,7230000,4,orta,2
A000870,Egamberdiyev Lola,F,43,Qoraqalpog'iston,byudjet,17,2910000,5,orta,61
A000871,Qurbonov Nozima,F,48,Sirdaryo,xususiy,77,1720000,3,orta,117
A000872,Nurmatov Aziz,M,21,Xorazm,xususiy,175,2280000,4,orta_maxsus,55
A000873,Sultonov Sanjar,M,51,Qashqadaryo,xususiy,146,12650000,4,orta,48
A000874,Normatov Feruza,F,40,Farg'ona,IT,146,3060000,3,orta,117
A000875,Karimov Malika,F,24,Farg'ona,xususiy,147,5890000,7,oliy,23
A000876,Mirzayev Sanjar,M,32,Buxoro,transport,36,2660000,5,orta,33
A000877,Mirzayev Nodir,M,63,Farg'ona,savdo,24,2670000,2,oliy,27
A000878,Raximov Muslima,F,41,Buxoro,xususiy,111,1260000,2,orta_maxsus,77
A000879,G'ulomov Dilnoza,F,30,Andijon,xususiy,131,3280000,1,oliy,92
A000880,Mirzayev Sabina,F,41,Qashqadaryo,byudjet,35,4670000,6,oliy,68
A000881,Raximov Gulnora,F,35,Qashqadaryo,xususiy,74,11320000,5,orta,119
A000882,Mirzayev Shuhrat,M,56,Andijon,xususiy,121,9690000,4,orta,3
A000883,Bekmurodov Zilola,F,35,Namangan,o'z_ishi,172,4640000,3,orta_maxsus,47
A000884,Muhammadiyev Nurbek,M,55,Toshkent,IT,102,5920000,5,oliy,56
A000885,Ergashev Zafar,M,58,Namangan,savdo,126,2260000,5,orta,77
A000886,Sharipov Nilufar,F,40,Namangan,xususiy,151,5240000,6,orta,22
A000887,Sultonov Zafar,M,32,Buxoro,ishsiz,0,4270000,3,orta_maxsus,48
A000888,Yo'ldoshev Aziz,M,52,Namangan,xususiy,121,4350000,5,oliy,84
A000889,Saidov Davron,M,63,Namangan,xususiy,162,12840000,2,oliy,114
A000890,Nazarov Madina,F,48,Navoiy,qurilish,140,2100000,7,orta_maxsus,35
A000891,Jo'rayev Zafar,M,49,Samarqand,xususiy,164,2950000,1,orta_maxsus,88
A000892,Qodirov Elyor,M,57,Sirdaryo,savdo,177,3330000,1,oliy,72
A000893,Yusupov Farrux,M,45,Jizzax,xususiy,33,8200000,7,orta_maxsus,113
A000894,Qurbonov Anvar,M,63,Namangan,o'z_ishi,168,4390000,6,orta,38
A000895,Xasanov Feruza,F,30,Namangan,qurilish,154,2780000,7,orta,17
A000896,Bekmurodov Umid,M,45,Toshkent,savdo,171,3490000,1,oliy,22
A000897,Jo'rayev Feruza,F,57,Navoiy,xususiy,0,3530000,4,oliy,4
A000898,Qodirov Madina,F,54,Xorazm,xususiy,11,2930000,2,orta,111
A000899,Sultonov Nurbek,M,34,Toshkent,ishsiz,0,9230000,6,orta,111
A000900,Tursunov Anvar,M,49,Toshkent,xususiy,105,3320000,1,orta,89
A000901,Muhammadiyev Anvar,M,40,Qashqadaryo,xususiy,87,2680000,3,orta,84
A000902,Boboyev Kamola,F,38,Namangan,xususiy,28,2920000,7,orta_maxsus,15
A000903,Xolmatov Nargiza,F,34,Navoiy,transport,61,2680000,1,orta_maxsus,66
A000904,Xasanov Bekzod,M,51,Buxoro,qurilish,41,5330000,3,orta,112
A000905,Yo'ldoshev Oybek,M,55,Samarqand,o'z_ishi,44,6490000,6,oliy,114
A000906,Qurbonov Aziza,F,36,Samarqand,byudjet,55,2800000,5,oliy,113
A000907,Tursunov Malika,F,63,Xorazm,savdo,61,5730000,7,orta,61
A000908,Normatov Shohruh,M,44,Surxondaryo,xususiy,75,2740000,2,orta,103
A000909,Xolmatov Anvar,M,43,Namangan,qurilish,104,2030000,6,orta_maxsus,85
A000910,Ergashev Madina,F,48,Buxoro,transport,136,5600000,4,oliy,9
A000911,Saidov Zafar,M,49,Namangan,o'z_ishi,117,7440000,7,oliy,93
A000912,Ergashev Umid,M,32,Navoiy,savdo,161,3000000,1,orta,63
A000913,Rahimov Shahzoda,F,63,Andijon,savdo,76,7270000,7,orta,50
A000914,Umarov Akmal,M,29,Surxondaryo,xususiy,64,5060000,5,oliy,73
A000915,Bekmurodov Nozima,F,55,Jizzax,xususiy,38,7580000,2,orta,80
A000916,Saidov Sevara,F,61,Buxoro,ishsiz,0,3090000,1,orta,50
A000917,Rahimov Bobur,M,51,Xorazm,xususiy,125,11100000,5,orta_maxsus,79
A000918,Bekmurodov Islom,M,37,Andijon,o'z_ishi,177,4250000,6,oliy,104
A000919,Yusupov Sanjar,M,42,Toshkent,savdo,0,8870000,6,oliy,51
A000920,Boboyev Muslima,F,46,Namangan,o'z_ishi,128,7120000,6,oliy,80
A000921,Abdullayev Nilufar,F,22,Namangan,o'z_ishi,158,3230000,7,orta,23
A000922,Toshmatov Zarina,F,23,Namangan,o'z_ishi,7,2250000,2,orta,91
A000923,Boboyev Mirzo,M,46,Surxondaryo,o'z_ishi,142,2960000,7,orta_maxsus,99
A000924,Boboyev Shohruh,M,52,Qashqadaryo,xususiy,105,2510000,2,orta,72
A000925,Umarov Davron,M,22,Qoraqalpog'iston,xususiy,46,6240000,1,orta_maxsus,12
A000926,Karimov Javohir,M,43,Farg'ona,xususiy,123,4990000,1,orta,4
A000927,Normatov Charos,F,44,Sirdaryo,o'z_ishi,81,4500000,4,oliy,27
A000928,Yusupov Mohira,F,31,Qoraqalpog'iston,xususiy,10,2920000,2,oliy,100
A000929,Tursunov Sabina,F,42,Buxoro,byudjet,89,2390000,6,oliy,34
A000930,Nazarov Sardor,M,40,Sirdaryo,byudjet,160,9520000,3,orta,49
A000931,Toshmatov Otabek,M,51,Farg'ona,o'z_ishi,76,1990000,3,orta,100
A000932,Ergashev Shohruh,M,30,Surxondaryo,xususiy,10,3150000,7,orta,66
A000933,Musayev Doston,M,52,Sirdaryo,xususiy,172,9050000,6,orta,77
A000934,Rahimov Aziza,F,35,Buxoro,o'z_ishi,72,3130000,5,orta_maxsus,38
A000935,Rahimov Jasur,M,58,Qoraqalpog'iston,transport,150,3720000,3,orta_maxsus,81
A000936,Sultonov Aziza,F,22,Sirdaryo,qurilish,9,4000000,5,orta,11
A000937,Sharipov Gulnora,F,25,Samarqand,byudjet,106,8170000,7,orta_maxsus,104
A000938,Yo'ldoshev Sardor,M,41,Qashqadaryo,xususiy,16,3660000,3,oliy,32
A000939,Xolmatov Islom,M,58,Xorazm,o'z_ishi,4,4820000,1,oliy,76
A000940,Yusupov Zilola,F,32,Xorazm,IT,67,4560000,7,orta_maxsus,48
A000941,Mirzayev Sardor,M,31,Sirdaryo,IT,129,11270000,4,orta_maxsus,89
A000942,Raximov Shohruh,M,24,Surxondaryo,xususiy,162,3800000,7,orta_maxsus,94
A000943,Qodirov Bobur,M,44,Jizzax,xususiy,119,3820000,5,orta,26
A000944,Karimov Jasur,M,53,Farg'ona,o'z_ishi,81,4090000,5,orta_maxsus,114
A000945,Qodirov Umid,M,46,Farg'ona,ishsiz,0,1950000,5,orta_maxsus,82
A000946,Muhammadiyev Nilufar,F,60,Qashqadaryo,transport,47,3810000,4,orta_maxsus,33
A000947,Nazarov Malika,F,54,Namangan,IT,159,3370000,5,oliy,68
A000948,Saidov Madina,F,27,Farg'ona,IT,5,3900000,4,orta_maxsus,64
A000949,Qodirov Alisher,M,23,Buxoro,savdo,145,9480000,3,oliy,60
A000950,Musayev Sanjar,M,34,Qoraqalpog'iston,IT,50,4150000,7,oliy,71
A000951,Karimov Mohira,F,31,Buxoro,IT,14,3290000,4,oliy,73
A000952,Saidov Malika,F,35,Qoraqalpog'iston,ishsiz,0,2560000,4,orta,92
A000953,Xudoyberdiyev Alisher,M,38,Xorazm,o'z_ishi,82,5440000,6,oliy,61
A000954,Ravshanov Shuhrat,M,55,Surxondaryo,transport,88,5670000,1,orta_maxsus,75
A000955,Jo'rayev Bobur,M,57,Samarqand,xususiy,52,3520000,4,oliy,50
A000956,Raximov Charos,F,27,Farg'ona,transport,78,5900000,3,oliy,74
A000957,Mirzayev Charos,F,27,Navoiy,byudjet,41,6070000,6,orta,71
A000958,Xudoyberdiyev Dildora,F,58,Namangan,xususiy,14,3910000,5,oliy,6
A000959,Musayev Shahzoda,F,29,Sirdaryo,IT,174,10530000,6,oliy,65
A000960,Toshmatov Diyor,M,26,Surxondaryo,xususiy,154,13820000,7,oliy,98
A000961,Mirzayev Zilola,F,24,Samarqand,savdo,20,6330000,7,oliy,54
A000962,Qurbonov Diyor,M,42,Jizzax,qurilish,94,1110000,7,orta_maxsus,103
A000963,G'ulomov Timur,M,24,Namangan,xususiy,49,7350000,2,orta_maxsus,86
A000964,Karimov Bobur,M,25,Xorazm,savdo,162,1460000,6,oliy,40
A000965,Bekmurodov Dilnoza,F,38,Qashqadaryo,o'z_ishi,106,4770000,3,orta,91
A000966,Yo'ldoshev Aziza,F,63,Samarqand,savdo,114,9120000,7,oliy,81
A000967,Bekmurodov Elyor,M,45,Samarqand,byudjet,84,3810000,1,orta,16
A000968,Umarov Behruz,M,23,Toshkent,qurilish,96,6540000,2,orta_maxsus,53
A000969,Jo'rayev Umid,M,59,Buxoro,savdo,58,7020000,6,orta,111
A000970,Musayev Elyor,M,53,Qoraqalpog'iston,byudjet,147,2080000,6,orta,56
A000971,Egamberdiyev Jasur,M,63,Buxoro,savdo,64,2400000,5,orta_maxsus,8
A000972,Sharipov Islom,M,60,Samarqand,qurilish,104,8070000,5,orta,26
A000973,Xasanov Charos,F,60,Namangan,savdo,84,3670000,6,orta_maxsus,2
A000974,Ochilov Timur,M,37,Namangan,qurilish,152,3650000,2,oliy,92
A000975,G'ulomov Dildora,F,36,Namangan,xususiy,156,12390000,6,oliy,83
A000976,Yusupov Muslima,F,26,Qashqadaryo,transport,81,1510000,7,oliy,42
A000977,Abdullayev Nurbek,M,40,Surxondaryo,xususiy,92,1170000,2,orta,92
A000978,Aliyev Davron,M,24,Qoraqalpog'iston,xususiy,114,8540000,6,orta_maxsus,99
A000979,Musayev Farrux,M,63,Surxondaryo,qurilish,174,2310000,7,oliy,90
A000980,Yusupov Zilola,F,24,Sirdaryo,byudjet,77,7850000,1,oliy,19
A000981,Muhammadiyev Nozima,F,45,Qashqadaryo,savdo,137,2190000,2,orta_maxsus,60
A000982,Yusupov Nilufar,F,23,Surxondaryo,byudjet,140,5550000,5,orta,95
A000983,Hamidov Dilnoza,F,26,Andijon,savdo,165,2400000,3,orta_maxsus,71
A000984,Normatov Bekzod,M,59,Andijon,xususiy,27,1990000,1,orta_maxsus,12
A000985,Raximov Bekzod,M,32,Qoraqalpog'iston,savdo,142,4890000,4,orta,47
A000986,Xasanov Charos,F,27,Namangan,savdo,4,5430000,5,orta,49
A000987,Ravshanov Behruz,M,26,Sirdaryo,xususiy,39,2490000,7,oliy,98
A000988,Egamberdiyev Timur,M,49,Toshkent,transport,2,3220000,6,orta,34
A000989,Nazarov Rustam,M,28,Surxondaryo,savdo,154,3340000,4,oliy,3
A000990,Qodirov Umid,M,57,Sirdaryo,savdo,87,2250000,1,oliy,24
A000991,Umarov Islom,M,27,Xorazm,xususiy,77,4630000,2,orta_maxsus,40
A000992,Aliyev Nilufar,F,36,Farg'ona,xususiy,109,3620000,6,orta,7
A000993,Nazarov Aziza,F,23,Jizzax,transport,142,5260000,7,orta_maxsus,13
A000994,Sattorov Zarina,F,25,Qashqadaryo,xususiy,82,2020000,6,oliy,37
A000995,Abdullayev Nilufar,F,30,Qoraqalpog'iston,transport,179,3090000,4,orta,5
A000996,Normatov Shohruh,M,50,Surxondaryo,o'z_ishi,16,4290000,2,oliy,116
A000997,Karimov Nozima,F,28,Qashqadaryo,xususiy,95,2700000,6,oliy,81
A000998,Abdullayev Diyor,M,36,Xorazm,qurilish,146,1660000,1,orta_maxsus,44
A000999,G'ulomov Islom,M,40,Xorazm,xususiy,38,3220000,2,orta_maxsus,24
A001000,Ismoilov Nargiza,F,30,Andijon,savdo,173,2070000,5,oliy,91
A001001,Qodirov Gulnora,F,62,Surxondaryo,xususiy,168,4550000,5,orta,55
A001002,Jo'rayev Islom,M,46,Farg'ona,transport,85,9260000,6,oliy,113
A001003,Normatov Nodir,M,23,Namangan,ishsiz,0,8310000,5,orta,41
A001004,Ergashev Aziz,M,55,Toshkent,byudjet,6,3040000,7,orta_maxsus,66
A001005,Nurmatov Akmal,M,58,Toshkent,savdo,32,3170000,1,orta_maxsus,59
A001006,Yusupov Mirzo,M,44,Toshkent,xususiy,172,9270000,3,orta_maxsus,60
A001007,Yo'ldoshev Nargiza,F,34,Buxoro,xususiy,65,9750000,4,orta,92
A001008,Egamberdiyev Gulnora,F,26,Xorazm,xususiy,116,1270000,4,oliy,23
A001009,Normatov Shuhrat,M,50,Qoraqalpog'iston,savdo,142,3630000,3,orta,37
A001010,Boboyev Shahzoda,F,22,Buxoro,byudjet,139,1450000,3,orta_maxsus,117
A001011,Xasanov Sardor,M,47,Surxondaryo,qurilish,36,3710000,2,oliy,87
A001012,Muhammadiyev Anvar,M,58,Qoraqalpog'iston,savdo,33,3280000,6,oliy,94
A001013,Nurmatov Bekzod,M,23,Toshkent,savdo,132,3460000,5,orta_maxsus,88
A001014,Jo'rayev Farrux,M,28,Navoiy,qurilish,55,3410000,1,orta,83
A001015,Raximov Mohira,F,46,Surxondaryo,qurilish,80,4930000,2,orta,73
A001016,Xolmatov Jasur,M,49,Andijon,xususiy,137,4020000,7,oliy,9
A001017,Ochilov Jasur,M,28,Sirdaryo,savdo,44,8180000,1,orta_maxsus,120
A001018,Toshmatov Zarina,F,42,Qoraqalpog'iston,qurilish,29,11560000,7,orta_maxsus,91
A001019,Bekmurodov Muslima,F,57,Qoraqalpog'iston,xususiy,107,7780000,3,orta,6
A001020,Karimov Feruza,F,38,Surxondaryo,transport,169,3990000,7,oliy,101
A001021,Yusupov Rustam,M,38,Farg'ona,savdo,173,9230000,6,orta_maxsus,117
A001022,Rahimov Aziza,F,37,Navoiy,qurilish,178,4300000,7,oliy,73
A001023,Ravshanov Nodir,M,60,Surxondaryo,xususiy,38,3550000,2,oliy,42
A001024,Mirzayev Dilnoza,F,55,Buxoro,byudjet,141,3510000,4,oliy,57
A001025,Ergashev Otabek,M,31,Qashqadaryo,savdo,55,10450000,7,orta_maxsus,93
A001026,Hamidov Islom,M,26,Toshkent,xususiy,9,11690000,4,orta,44
A001027,Musayev Timur,M,58,Namangan,xususiy,51,4660000,2,oliy,113
A001028,Mirzayev Behruz,M,42,Jizzax,savdo,89,10680000,1,orta_maxsus,18
A001029,Tursunov Lola,F,23,Buxoro,ishsiz,0,9110000,6,oliy,6
A001030,G'ulomov Madina,F,51,Farg'ona,savdo,68,5230000,4,orta,78
A001031,Tursunov Jasur,M,22,Navoiy,xususiy,74,3510000,2,orta_maxsus,114
A001032,Xudoyberdiyev Farrux,M,28,Qoraqalpog'iston,ishsiz,0,2830000,3,orta,116
A001033,Mirzayev Behruz,M,47,Xorazm,byudjet,122,3120000,6,orta,118
A001034,Musayev Kamola,F,32,Andijon,xususiy,94,3990000,5,orta,17
A001035,Saidov Aziza,F,22,Farg'ona,xususiy,33,3870000,2,oliy,51
A001036,Boboyev Akmal,M,34,Surxondaryo,o'z_ishi,116,5340000,4,orta_maxsus,94
A001037,Yusupov Aziz,M,41,Toshkent,o'z_ishi,46,6060000,7,oliy,3
A001038,G'ulomov Dilnoza,F,48,Farg'ona,o'z_ishi,150,4470000,5,oliy,87
A001039,Nazarov Zilola,F,30,Sirdaryo,xususiy,60,3510000,5,orta,71
A001040,Tursunov Sabina,F,25,Samarqand,xususiy,117,6860000,2,orta,118
A001041,Sharipov Feruza,F,57,Farg'ona,xususiy,118,4500000,1,orta_maxsus,101
A001042,Nurmatov Nodir,M,53,Namangan,IT,132,1740000,3,orta,112
A001043,Umarov Shahzoda,F,34,Farg'ona,IT,68,2940000,1,oliy,88
A001044,Sharipov Nilufar,F,54,Samarqand,xususiy,88,2300000,2,oliy,16
A001045,Yusupov Behruz,M,61,Xorazm,byudjet,120,3150000,7,orta,48
A001046,Hamidov Nozima,F,33,Sirdaryo,xususiy,78,4830000,3,oliy,16
A001047,Muhammadiyev Muslima,F,37,Qoraqalpog'iston,byudjet,4,1580000,6,orta_maxsus,25
A001048,Xolmatov Muslima,F,29,Toshkent,byudjet,15,12370000,2,oliy,98
A001049,Mirzayev Nurbek,M,23,Farg'ona,qurilish,50,2400000,5,oliy,8
A001050,Nurmatov Zilola,F,30,Samarqand,xususiy,103,6120000,3,oliy,75
A001051,Ergashev Jasur,M,30,Qoraqalpog'iston,xususiy,126,10990000,2,orta,12
A001052,Raximov Sardor,M,58,Qashqadaryo,byudjet,70,3760000,1,orta,101
A001053,Ochilov Diyor,M,25,Qoraqalpog'iston,xususiy,157,7970000,7,orta,46
A001054,Yusupov Diyor,M,27,Toshkent,byudjet,58,4530000,6,orta_maxsus,110
A001055,Jo'rayev Kamola,F,47,Samarqand,byudjet,107,1310000,6,orta_maxsus,67
A001056,Sultonov Bobur,M,49,Qoraqalpog'iston,savdo,49,4740000,2,oliy,120
A001057,Xasanov Dilnoza,F,22,Andijon,byudjet,96,5930000,2,orta,29
A001058,Qodirov Aziz,M,59,Namangan,xususiy,51,9730000,6,orta,38
A001059,Sattorov Nozima,F,38,Jizzax,byudjet,155,3840000,4,orta,75
A001060,Ochilov Elyor,M,23,Qoraqalpog'iston,savdo,40,5180000,2,orta,42
A001061,Boboyev Nargiza,F,61,Qashqadaryo,IT,133,9870000,7,oliy,104
A001062,Ochilov Zarina,F,54,Jizzax,IT,125,4180000,3,orta,44
A001063,Xasanov Feruza,F,42,Farg'ona,byudjet,60,6680000,4,orta_maxsus,117
A001064,Karimov Aziz,M,27,Samarqand,o'z_ishi,144,4060000,5,orta,29
A001065,Sharipov Feruza,F,35,Samarqand,xususiy,30,2080000,7,oliy,78
A001066,Raximov Timur,M,31,Samarqand,savdo,87,2690000,2,orta,33
A001067,Musayev Zarina,F,44,Jizzax,qurilish,171,9110000,7,orta_maxsus,95
A001068,Yo'ldoshev Malika,F,26,Jizzax,byudjet,145,2840000,3,oliy,94
A001069,Toshmatov Ulugbek,M,54,Buxoro,transport,120,13520000,5,orta_maxsus,68
A001070,Saidov Gulnora,F,50,Buxoro,byudjet,66,2900000,1,oliy,75
A001071,Yo'ldoshev Nurbek,M,51,Xorazm,savdo,155,3610000,7,orta,76
A001072,Ravshanov Muslima,F,53,Qashqadaryo,IT,102,1960000,3,orta,77
A001073,Egamberdiyev Umid,M,62,Namangan,o'z_ishi,169,8440000,2,orta_maxsus,41
A001074,Ravshanov Bobur,M,33,Namangan,xususiy,94,3680000,3,orta_maxsus,17
A001075,Aliyev Doston,M,21,Samarqand,ishsiz,0,4990000,2,oliy,103
A001076,Xudoyberdiyev Sabina,F,29,Xorazm,savdo,14,9270000,6,oliy,91
A001077,Yusupov Sevara,F,60,Namangan,qurilish,58,3800000,2,orta,79
A001078,G'ulomov Jasur,M,63,Sirdaryo,ishsiz,0,2190000,2,orta_maxsus,59
A001079,Abdullayev Gulnora,F,32,Farg'ona,xususiy,152,6510000,3,orta,50
A001080,G'ulomov Mohira,F,57,Buxoro,qurilish,166,4940000,3,orta_maxsus,37
A001081,Ergashev Nodir,M,42,Samarqand,xususiy,37,6930000,4,orta,63
A001082,Ismoilov Sabina,F,22,Navoiy,xususiy,164,3070000,2,orta,104
A001083,Ergashev Akmal,M,46,Sirdaryo,xususiy,157,3150000,3,oliy,36
A001084,Yusupov Kamron,M,25,Surxondaryo,xususiy,19,3040000,6,oliy,116
A001085,Qodirov Aziz,M,41,Qashqadaryo,xususiy,144,1150000,1,orta_maxsus,74
A001086,Ismoilov Zarina,F,50,Surxondaryo,qurilish,118,10290000,6,orta,103
A001087,Mirzayev Davron,M,58,Samarqand,IT,52,8560000,4,orta,64
A001088,Nurmatov Charos,F,63,Toshkent,xususiy,102,2940000,2,orta_maxsus,44
A001089,Saidov Zilola,F,48,Qoraqalpog'iston,xususiy,81,3760000,6,orta_maxsus,75
A001090,Jo'rayev Zarina,F,45,Samarqand,savdo,128,6580000,1,orta_maxsus,61
A001091,Jo'rayev Jasur,M,62,Jizzax,transport,74,8610000,2,oliy,24
A001092,Xudoyberdiyev Bekzod,M,60,Jizzax,o'z_ishi,152,7370000,5,orta,54
A001093,Abdullayev Islom,M,21,Toshkent,qurilish,71,3140000,4,oliy,113
A001094,Musayev Shahzoda,F,59,Namangan,xususiy,134,10110000,7,orta,113
A001095,Aliyev Oybek,M,60,Buxoro,savdo,170,2670000,7,orta_maxsus,28
A001096,Sultonov Dildora,F,63,Surxondaryo,qurilish,4,4140000,2,orta,38
A001097,Jo'rayev Mohira,F,58,Farg'ona,ishsiz,0,5810000,6,orta,38
A001098,Karimov Madina,F,54,Farg'ona,IT,134,7040000,1,orta_maxsus,115
A001099,Xudoyberdiyev Nargiza,F,52,Qoraqalpog'iston,byudjet,85,2750000,1,orta,6
A001100,Bekmurodov Feruza,F,30,Qashqadaryo,ishsiz,0,4000000,1,orta,14
A001101,Nurmatov Bekzod,M,33,Qashqadaryo,transport,40,3010000,1,orta,12
A001102,Nurmatov Oybek,M,56,Samarqand,transport,2,4860000,1,orta_maxsus,77
A001103,Jo'rayev Akmal,M,50,Xorazm,xususiy,180,1240000,6,orta,9
A001104,G'ulomov Kamron,M,34,Andijon,savdo,3,6310000,1,orta,21
A001105,Egamberdiyev Feruza,F,42,Qoraqalpog'iston,xususiy,89,3200000,3,orta,10
A001106,Muhammadiyev Bekzod,M,25,Farg'ona,byudjet,104,1520000,2,orta_maxsus,41
A001107,Nurmatov Sardor,M,52,Farg'ona,xususiy,3,4530000,1,orta,108
A001108,Abdullayev Malika,F,42,Toshkent,xususiy,177,2700000,7,orta_maxsus,48
A001109,Ravshanov Kamola,F,39,Sirdaryo,xususiy,17,4990000,7,orta,22
A001110,Nazarov Mohira,F,44,Navoiy,byudjet,115,3800000,5,orta,55
A001111,Nazarov Umid,M,60,Farg'ona,IT,106,3750000,5,orta,50
A001112,Karimov Otabek,M,25,Namangan,qurilish,94,3330000,7,orta_maxsus,67
A001113,Toshmatov Gulnora,F,33,Buxoro,o'z_ishi,0,6540000,3,orta_maxsus,85
A001114,Ochilov Zilola,F,22,Jizzax,transport,5,6420000,7,oliy,117
A001115,Egamberdiyev Feruza,F,34,Toshkent,xususiy,106,4960000,6,oliy,72
A001116,Tursunov Elyor,M,51,Andijon,xususiy,74,16130000,4,orta,14
A001117,Tursunov Shuhrat,M,57,Sirdaryo,o'z_ishi,135,4540000,2,oliy,101
A001118,Boboyev Nodir,M,36,Navoiy,o'z_ishi,74,5110000,2,oliy,112
A001119,Abdullayev Javohir,M,38,Sirdaryo,xususiy,42,7320000,4,oliy,7
A001120,Ravshanov Bobur,M,43,Qoraqalpog'iston,IT,35,1690000,1,orta_maxsus,114
A001121,Saidov Lola,F,24,Surxondaryo,transport,7,4510000,6,orta_maxsus,30
A001122,Umarov Nurbek,M,52,Buxoro,transport,139,4380000,3,orta_maxsus,74
A001123,Qodirov Aziza,F,45,Andijon,qurilish,72,16170000,7,orta_maxsus,120
A001124,Mirzayev Malika,F,62,Toshkent,transport,160,4510000,3,orta,20
A001125,Saidov Doston,M,29,Surxondaryo,xususiy,102,2380000,2,orta_maxsus,84
A001126,Musayev Sabina,F,37,Sirdaryo,IT,132,10120000,5,oliy,105
A001127,Nurmatov Sevara,F,46,Qashqadaryo,byudjet,110,2210000,5,orta,119
A001128,Ismoilov Kamola,F,38,Buxoro,xususiy,19,5770000,3,oliy,117
A001129,Ochilov Madina,F,39,Qoraqalpog'iston,transport,10,3120000,5,orta,32
A001130,Jo'rayev Nargiza,F,56,Samarqand,qurilish,82,1690000,4,orta,26
A001131,Sultonov Nozima,F,21,Qoraqalpog'iston,xususiy,172,3290000,3,orta,111
A001132,Yo'ldoshev Aziza,F,43,Qashqadaryo,IT,160,9030000,7,oliy,96
A001133,Xasanov Zarina,F,38,Namangan,qurilish,9,5370000,6,orta_maxsus,98
A001134,Musayev Zafar,M,48,Surxondaryo,o'z_ishi,178,1510000,1,oliy,120
A001135,Aliyev Mirzo,M,29,Buxoro,byudjet,18,2260000,4,oliy,51
A001136,Musayev Madina,F,47,Samarqand,transport,178,1290000,6,orta,90
A001137,Musayev Nilufar,F,63,Jizzax,byudjet,107,3300000,2,orta,97
A001138,Aliyev Shahzoda,F,51,Farg'ona,ishsiz,0,6320000,1,orta_maxsus,81
A001139,Normatov Davron,M,22,Navoiy,xususiy,157,3850000,5,oliy,57
A001140,Yo'ldoshev Dilnoza,F,56,Farg'ona,IT,150,4340000,6,orta_maxsus,1
A001141,Yusupov Behruz,M,40,Sirdaryo,xususiy,16,1950000,2,orta,75
A001142,Abdullayev Madina,F,62,Jizzax,savdo,107,5260000,7,orta_maxsus,94
A001143,Nurmatov Oybek,M,56,Andijon,xususiy,159,2680000,5,oliy,106
A001144,Yusupov Charos,F,24,Andijon,xususiy,109,2570000,6,orta,23
A001145,Ochilov Dilnoza,F,52,Samarqand,xususiy,46,3590000,5,oliy,103
A001146,G'ulomov Nurbek,M,59,Qashqadaryo,xususiy,179,6400000,6,orta,15
A001147,Raximov Otabek,M,25,Toshkent,xususiy,29,2570000,4,orta,74
A001148,Toshmatov Shohruh,M,32,Surxondaryo,xususiy,4,2970000,6,oliy,74
A001149,Xudoyberdiyev Bekzod,M,36,Qashqadaryo,byudjet,99,4680000,3,oliy,120
A001150,Nurmatov Madina,F,23,Qashqadaryo,byudjet,130,5350000,3,orta,21
A001151,Karimov Shuhrat,M,45,Surxondaryo,ishsiz,0,5250000,4,orta_maxsus,16
A001152,Muhammadiyev Sevara,F,28,Toshkent,xususiy,160,4680000,4,orta_maxsus,10
A001153,Musayev Jasur,M,62,Qashqadaryo,xususiy,92,4850000,4,orta,57
A001154,Xolmatov Madina,F,32,Toshkent,xususiy,106,8330000,3,oliy,102
A001155,Abdullayev Davron,M,26,Xorazm,ishsiz,0,3410000,1,oliy,114
A001156,Qurbonov Nilufar,F,29,Farg'ona,IT,29,2590000,2,orta,21
A001157,Xudoyberdiyev Feruza,F,40,Xorazm,xususiy,106,9900000,2,orta_maxsus,2
A001158,Mirzayev Zafar,M,56,Samarqand,savdo,99,4440000,4,orta_maxsus,50
A001159,Aliyev Umid,M,21,Sirdaryo,xususiy,34,2600000,6,oliy,7
A001160,Musayev Doston,M,21,Jizzax,savdo,92,7030000,3,oliy,21
A001161,Tursunov Feruza,F,53,Namangan,qurilish,60,4640000,2,orta_maxsus,27
A001162,Mirzayev Feruza,F,24,Navoiy,byudjet,40,1850000,5,orta,51
A001163,Qodirov Muslima,F,29,Qoraqalpog'iston,IT,116,6580000,5,oliy,1
A001164,Abdullayev Nurbek,M,63,Surxondaryo,savdo,96,8410000,4,orta,79
A001165,Xolmatov Lola,F,63,Andijon,savdo,135,5070000,4,orta_maxsus,113
A001166,Aliyev Akmal,M,48,Xorazm,o'z_ishi,117,3250000,2,orta_maxsus,33
A001167,Rahimov Zilola,F,37,Toshkent,xususiy,56,5770000,6,oliy,62
A001168,Rahimov Aziza,F,48,Jizzax,IT,87,2710000,2,orta,6
A001169,Hamidov Malika,F,23,Andijon,qurilish,143,6260000,5,oliy,67
A001170,Qodirov Zafar,M,27,Jizzax,byudjet,62,3790000,7,oliy,0
A001171,Nurmatov Oybek,M,63,Xorazm,IT,100,4450000,7,oliy,79
A001172,Qurbonov Aziza,F,56,Andijon,savdo,157,3350000,4,orta,70
A001173,Yusupov Javohir,M,48,Qashqadaryo,qurilish,30,7340000,5,oliy,15
A001174,Ismoilov Muslima,F,24,Surxondaryo,transport,29,7520000,5,orta,46
A001175,Hamidov Kamron,M,28,Qashqadaryo,savdo,116,2900000,3,oliy,56
A001176,Yusupov Javohir,M,39,Qoraqalpog'iston,savdo,86,3790000,5,orta_maxsus,29
A001177,Abdullayev Islom,M,45,Xorazm,qurilish,116,4730000,5,orta_maxsus,119
A001178,Bekmurodov Zafar,M,49,Farg'ona,xususiy,136,3400000,2,orta,3
A001179,Umarov Zafar,M,41,Qoraqalpog'iston,xususiy,143,2160000,6,oliy,113
A001180,Toshmatov Zarina,F,46,Xorazm,xususiy,166,6340000,3,orta,71
A001181,Sharipov Zilola,F,33,Namangan,xususiy,110,4850000,5,oliy,11
A001182,Ochilov Anvar,M,26,Sirdaryo,o'z_ishi,27,4830000,2,orta,46
A001183,Nazarov Javohir,M,55,Navoiy,o'z_ishi,142,1210000,2,orta,65
A001184,Karimov Ulugbek,M,59,Sirdaryo,o'z_ishi,65,1470000,7,orta_maxsus,7
A001185,Xolmatov Zarina,F,29,Samarqand,o'z_ishi,52,5300000,7,orta_maxsus,43
A001186,Nurmatov Lola,F,60,Namangan,savdo,38,3290000,5,orta,93
A001187,Raximov Davron,M,40,Farg'ona,byudjet,157,1330000,2,orta_maxsus,120
A001188,Aliyev Malika,F,41,Buxoro,xususiy,118,3200000,3,oliy,66
A001189,Sattorov Lola,F,62,Andijon,qurilish,80,5090000,7,oliy,106
A001190,Yusupov Nodir,M,29,Farg'ona,qurilish,25,3690000,2,orta_maxsus,91
A001191,Sharipov Elyor,M,56,Namangan,byudjet,140,4580000,3,oliy,86
A001192,Nurmatov Kamron,M,56,Andijon,IT,164,1850000,2,orta,49
A001193,Qodirov Farrux,M,57,Xorazm,IT,1,4460000,7,oliy,21
A001194,Bekmurodov Mohira,F,36,Farg'ona,ishsiz,0,6830000,5,orta_maxsus,26
A001195,Muhammadiyev Charos,F,41,Qashqadaryo,xususiy,48,5560000,1,orta_maxsus,94
A001196,Mirzayev Otabek,M,31,Farg'ona,byudjet,65,6180000,4,oliy,117
A001197,Xasanov Zilola,F,49,Samarqand,o'z_ishi,18,2530000,3,orta_maxsus,99
A001198,Rahimov Diyor,M,52,Qashqadaryo,xususiy,2,4760000,1,orta_maxsus,24
A001199,Yusupov Muslima,F,40,Namangan,qurilish,51,3010000,5,orta,71
A001200,Karimov Muslima,F,36,Qashqadaryo,savdo,133,5460000,4,orta_maxsus,8
A001201,Jo'rayev Shohruh,M,50,Qoraqalpog'iston,xususiy,18,4120000,4,orta,31
A001202,Raximov Sabina,F,26,Toshkent,ishsiz,0,3390000,3,orta,47
A001203,Nazarov Nozima,F,38,Namangan,o'z_ishi,81,4350000,2,orta,26
A001204,Mirzayev Nodir,M,38,Jizzax,o'z_ishi,66,5590000,1,orta_maxsus,37
A001205,Saidov Davron,M,57,Qashqadaryo,xususiy,123,5710000,1,orta,80
A001206,Umarov Sabina,F,63,Sirdaryo,xususiy,160,3760000,3,orta,34
A001207,Jo'rayev Charos,F,34,Farg'ona,byudjet,135,7930000,4,oliy,81
A001208,Toshmatov Lola,F,21,Namangan,qurilish,69,3390000,5,orta_maxsus,112
A001209,Xasanov Charos,F,23,Namangan,xususiy,157,2210000,4,orta_maxsus,62
A001210,Toshmatov Shuhrat,M,60,Buxoro,transport,81,3360000,7,oliy,43
A001211,Sattorov Dildora,F,25,Surxondaryo,savdo,153,1760000,5,oliy,83
A001212,Yusupov Farrux,M,23,Xorazm,xususiy,56,6290000,5,orta,63
A001213,Ravshanov Umid,M,34,Andijon,xususiy,48,2660000,5,orta,105
A001214,Muhammadiyev Doston,M,30,Qoraqalpog'iston,byudjet,87,8500000,3,oliy,120
A001215,Nazarov Rustam,M,39,Andijon,savdo,70,6210000,1,oliy,117
A001216,Mirzayev Nilufar,F,59,Sirdaryo,xususiy,173,12990000,1,orta_maxsus,93
A001217,Karimov Islom,M,62,Qoraqalpog'iston,o'z_ishi,9,6100000,3,oliy,2
A001218,Bekmurodov Zafar,M,43,Qashqadaryo,o'z_ishi,110,1860000,3,orta_maxsus,35
A001219,Saidov Kamola,F,39,Xorazm,IT,89,1310000,7,orta,78
A001220,Yo'ldoshev Diyor,M,63,Sirdaryo,qurilish,172,7290000,7,orta,16
A001221,Saidov Sevara,F,49,Surxondaryo,IT,47,3950000,3,orta_maxsus,3
A001222,Ergashev Bekzod,M,33,Sirdaryo,o'z_ishi,39,1550000,1,oliy,7
A001223,Mirzayev Alisher,M,27,Qoraqalpog'iston,xususiy,158,1750000,2,orta_maxsus,119
A001224,Raximov Nodir,M,39,Namangan,ishsiz,0,1900000,2,orta_maxsus,27
A001225,Boboyev Ulugbek,M,58,Toshkent,qurilish,173,6540000,1,orta_maxsus,73
A001226,Ochilov Nilufar,F,63,Buxoro,byudjet,27,9370000,6,orta,22
A001227,Ochilov Bekzod,M,60,Toshkent,o'z_ishi,82,3430000,7,orta_maxsus,21
A001228,Hamidov Nargiza,F,31,Toshkent,xususiy,175,3870000,7,oliy,114
A001229,Ravshanov Kamron,M,63,Navoiy,savdo,51,5610000,5,orta_maxsus,58
A001230,Nurmatov Gulnora,F,52,Jizzax,xususiy,22,3120000,2,orta_maxsus,56
A001231,Toshmatov Islom,M,42,Namangan,savdo,56,7570000,3,oliy,77
A001232,Sharipov Mohira,F,40,Jizzax,byudjet,120,7200000,7,orta_maxsus,94
A001233,Rahimov Kamola,F,51,Buxoro,savdo,4,18690000,2,orta_maxsus,64
A001234,Ravshanov Kamron,M,35,Samarqand,o'z_ishi,65,2040000,5,orta,103
A001235,Ismoilov Shahzoda,F,35,Qashqadaryo,xususiy,154,4530000,5,orta,22
A001236,Nurmatov Davron,M,34,Navoiy,IT,45,4110000,2,oliy,22
A001237,Ergashev Ulugbek,M,38,Toshkent,xususiy,21,7910000,7,orta_maxsus,88
A001238,Abdullayev Shuhrat,M,50,Qashqadaryo,IT,3,2210000,4,oliy,75
A001239,Boboyev Behruz,M,44,Navoiy,savdo,34,2150000,6,orta_maxsus,33
A001240,Egamberdiyev Madina,F,53,Surxondaryo,xususiy,133,10990000,1,oliy,7
A001241,Aliyev Zarina,F,23,Xorazm,xususiy,137,9820000,5,orta,19
A001242,Mirzayev Malika,F,32,Toshkent,savdo,176,4630000,3,oliy,118
A001243,Hamidov Charos,F,41,Surxondaryo,qurilish,166,3460000,5,orta,92
A001244,G'ulomov Bobur,M,35,Surxondaryo,transport,139,6480000,4,orta_maxsus,14
A001245,Yo'ldoshev Kamola,F,60,Toshkent,transport,169,4410000,4,oliy,95
A001246,Nurmatov Charos,F,42,Surxondaryo,savdo,35,1910000,3,orta_maxsus,70
A001247,Egamberdiyev Mohira,F,61,Namangan,o'z_ishi,168,5320000,6,oliy,2
A001248,Karimov Zafar,M,43,Namangan,transport,97,2970000,4,orta,66
A001249,Sultonov Farrux,M,32,Navoiy,qurilish,161,5020000,2,oliy,86
A001250,Karimov Shohruh,M,32,Qoraqalpog'iston,xususiy,23,7020000,4,orta_maxsus,100
A001251,Raximov Farrux,M,37,Qashqadaryo,ishsiz,0,4500000,3,oliy,20
A001252,Nurmatov Zarina,F,62,Xorazm,xususiy,111,3280000,3,oliy,104
A001253,Abdullayev Aziza,F,21,Qashqadaryo,savdo,6,3650000,7,oliy,27
A001254,Toshmatov Nodir,M,36,Samarqand,xususiy,60,24550000,4,oliy,118
A001255,Umarov Shohruh,M,28,Sirdaryo,savdo,32,1560000,2,orta,11
A001256,Yo'ldoshev Charos,F,57,Buxoro,IT,141,5780000,3,oliy,83
A001257,Xolmatov Zafar,M,45,Navoiy,o'z_ishi,9,17770000,1,oliy,79
A001258,Ismoilov Gulnora,F,53,Xorazm,o'z_ishi,83,1700000,1,orta_maxsus,88
A001259,Egamberdiyev Kamron,M,21,Qoraqalpog'iston,transport,106,1880000,4,oliy,37
A001260,Nurmatov Bobur,M,50,Qashqadaryo,ishsiz,0,14000000,7,oliy,119
A001261,Abdullayev Shuhrat,M,27,Sirdaryo,qurilish,59,2870000,1,oliy,44
A001262,Muhammadiyev Gulnora,F,23,Namangan,savdo,86,4370000,5,oliy,112
A001263,Qodirov Aziz,M,58,Navoiy,byudjet,85,3210000,3,orta_maxsus,39
A001264,Yo'ldoshev Jasur,M,61,Qoraqalpog'iston,byudjet,175,2870000,1,orta,82
A001265,Muhammadiyev Muslima,F,60,Jizzax,transport,149,6400000,3,oliy,1
A001266,Umarov Timur,M,28,Toshkent,o'z_ishi,10,13780000,4,orta,56
A001267,Ravshanov Rustam,M,29,Sirdaryo,xususiy,109,2480000,3,orta_maxsus,29
A001268,Aliyev Bobur,M,60,Qashqadaryo,ishsiz,0,1720000,5,oliy,83
A001269,Tursunov Lola,F,54,Surxondaryo,IT,40,4110000,4,oliy,81
A001270,Ergashev Zarina,F,24,Sirdaryo,byudjet,29,3650000,6,orta_maxsus,28
A001271,Yusupov Sevara,F,36,Farg'ona,byudjet,60,3540000,3,orta,4
A001272,Sattorov Farrux,M,21,Qoraqalpog'iston,savdo,172,5030000,7,oliy,14
A001273,Mirzayev Aziz,M,51,Qoraqalpog'iston,byudjet,175,5120000,7,orta_maxsus,73
A001274,Qodirov Feruza,F,36,Qoraqalpog'iston,xususiy,89,5380000,3,orta_maxsus,29
A001275,Aliyev Zarina,F,36,Qashqadaryo,transport,48,3800000,7,orta_maxsus,60
A001276,Qodirov Charos,F,49,Jizzax,transport,50,4940000,5,orta,109
A001277,Xudoyberdiyev Madina,F,31,Farg'ona,transport,149,4100000,5,orta,91
A001278,Aliyev Mirzo,M,35,Samarqand,savdo,169,1940000,2,oliy,99
A001279,Xudoyberdiyev Javohir,M,53,Sirdaryo,qurilish,16,3890000,2,orta_maxsus,84
A001280,Nazarov Nilufar,F,36,Namangan,byudjet,179,4980000,6,orta_maxsus,69
A001281,Ravshanov Sevara,F,43,Buxoro,savdo,89,4220000,5,orta,32
A001282,Xudoyberdiyev Nozima,F,28,Jizzax,byudjet,145,3310000,7,oliy,109
A001283,Bekmurodov Aziza,F,49,Toshkent,byudjet,140,6590000,5,orta,23
A001284,Ravshanov Rustam,M,38,Surxondaryo,byudjet,102,12200000,6,orta,31
A001285,Sultonov Nargiza,F,49,Qoraqalpog'iston,qurilish,165,8700000,6,orta_maxsus,115
A001286,Tursunov Oybek,M,56,Namangan,byudjet,159,3170000,5,orta_maxsus,84
A001287,Jo'rayev Shuhrat,M,48,Surxondaryo,transport,144,3740000,4,orta,108
A001288,Ergashev Farrux,M,30,Xorazm,o'z_ishi,0,2280000,1,orta,101
A001289,Rahimov Muslima,F,51,Surxondaryo,o'z_ishi,112,2540000,7,orta_maxsus,28
A001290,Abdullayev Diyor,M,40,Samarqand,IT,47,7410000,2,oliy,2
A001291,Xolmatov Gulnora,F,55,Qoraqalpog'iston,xususiy,106,1790000,7,orta,84
A001292,Ravshanov Dilnoza,F,48,Andijon,qurilish,151,4450000,6,orta,47
A001293,G'ulomov Madina,F,43,Xorazm,savdo,97,4010000,7,orta,34
A001294,Xolmatov Madina,F,28,Surxondaryo,xususiy,120,5120000,7,orta,87
A001295,Sharipov Feruza,F,23,Navoiy,transport,168,5660000,7,orta,103
A001296,Normatov Oybek,M,25,Buxoro,ishsiz,0,1440000,6,orta_maxsus,88
A001297,Xasanov Javohir,M,40,Qashqadaryo,transport,134,3280000,2,orta_maxsus,36
A001298,Yusupov Zilola,F,55,Jizzax,o'z_ishi,0,3520000,3,oliy,90
A001299,Musayev Zafar,M,62,Buxoro,transport,98,6100000,3,oliy,103
A001300,Mirzayev Nodir,M,51,Samarqand,byudjet,114,1290000,7,oliy,88
A001301,Qodirov Elyor,M,29,Jizzax,xususiy,94,2670000,5,orta_maxsus,62
A001302,Toshmatov Sanjar,M,49,Navoiy,o'z_ishi,145,7840000,7,oliy,60
A001303,Abdullayev Nodir,M,57,Xorazm,xususiy,7,5430000,4,orta_maxsus,112
A001304,Xolmatov Kamron,M,52,Buxoro,o'z_ishi,143,4030000,7,oliy,91
A001305,Yusupov Madina,F,48,Qoraqalpog'iston,savdo,119,4760000,7,oliy,118
A001306,Egamberdiyev Feruza,F,58,Sirdaryo,xususiy,36,4320000,2,orta,24
A001307,Sultonov Dildora,F,38,Surxondaryo,xususiy,28,7820000,5,orta_maxsus,102
A001308,Musayev Elyor,M,45,Namangan,savdo,28,6100000,7,orta_maxsus,13
A001309,Egamberdiyev Rustam,M,62,Namangan,IT,127,4480000,4,orta,10
A001310,Musayev Nargiza,F,43,Surxondaryo,savdo,52,3900000,3,oliy,36
A001311,Xolmatov Zafar,M,39,Jizzax,xususiy,131,3970000,5,orta_maxsus,117
A001312,Xasanov Dildora,F,58,Namangan,transport,130,3190000,3,orta,78
A001313,Egamberdiyev Lola,F,35,Surxondaryo,savdo,61,5630000,7,oliy,74
A001314,Xasanov Zilola,F,56,Toshkent,savdo,74,7940000,1,oliy,22
A001315,Nurmatov Oybek,M,23,Jizzax,savdo,4,2200000,6,oliy,106
A001316,Umarov Malika,F,24,Jizzax,xususiy,77,6050000,1,orta,78
A001317,Ergashev Dildora,F,25,Sirdaryo,xususiy,96,7290000,4,orta,58
A001318,Aliyev Nargiza,F,23,Surxondaryo,transport,147,7210000,1,orta,84
A001319,Egamberdiyev Nargiza,F,58,Buxoro,IT,122,2430000,7,orta,100
A001320,Ismoilov Mohira,F,60,Namangan,xususiy,91,2230000,1,orta_maxsus,31
A001321,Sharipov Lola,F,38,Toshkent,xususiy,83,890000,6,orta_maxsus,20
A001322,Yusupov Zafar,M,35,Qoraqalpog'iston,savdo,148,6830000,6,orta,112
A001323,Karimov Bobur,M,56,Samarqand,IT,21,4480000,3,orta_maxsus,16
A001324,Bekmurodov Zarina,F,49,Buxoro,byudjet,130,4690000,7,oliy,8
A001325,Normatov Zilola,F,59,Buxoro,transport,116,2760000,7,orta_maxsus,25
A001326,Saidov Shohruh,M,39,Surxondaryo,xususiy,88,6090000,2,orta_maxsus,86
A001327,Sattorov Umid,M,51,Qashqadaryo,xususiy,21,2570000,5,orta_maxsus,79
A001328,Ochilov Sardor,M,42,Buxoro,xususiy,46,2170000,2,oliy,29
A001329,G'ulomov Malika,F,56,Andijon,o'z_ishi,91,6930000,4,orta,63
A001330,Toshmatov Dilnoza,F,25,Andijon,byudjet,69,4770000,2,oliy,105
A001331,Ochilov Muslima,F,35,Sirdaryo,xususiy,29,9420000,4,oliy,45
A001332,Xasanov Madina,F,34,Toshkent,xususiy,137,12760000,3,orta,16
A001333,Xudoyberdiyev Nilufar,F,62,Toshkent,xususiy,129,13470000,7,orta_maxsus,18
A001334,Egamberdiyev Dilnoza,F,22,Qashqadaryo,qurilish,149,9720000,3,oliy,55
A001335,Ochilov Zarina,F,51,Buxoro,xususiy,128,10690000,4,orta,81
A001336,Rahimov Malika,F,44,Xorazm,xususiy,87,3090000,5,orta_maxsus,47
A001337,Qodirov Aziza,F,50,Toshkent,xususiy,37,3010000,2,orta_maxsus,48
A001338,Ravshanov Sevara,F,48,Toshkent,savdo,40,2960000,4,orta,14
A001339,Abdullayev Gulnora,F,41,Qashqadaryo,xususiy,2,2740000,1,orta_maxsus,92
A001340,Raximov Bekzod,M,51,Namangan,xususiy,127,12270000,5,oliy,15
A001341,Qodirov Mirzo,M,51,Farg'ona,qurilish,7,5060000,1,orta,97
A001342,Boboyev Zarina,F,37,Surxondaryo,xususiy,109,3880000,7,orta,103
A001343,Sharipov Muslima,F,51,Toshkent,byudjet,98,6930000,2,orta,76
A001344,G'ulomov Mirzo,M,63,Samarqand,xususiy,33,8760000,5,oliy,12
A001345,Raximov Mohira,F,51,Xorazm,qurilish,171,6910000,6,orta_maxsus,20
A001346,Aliyev Otabek,M,29,Toshkent,transport,77,6880000,6,orta_maxsus,120
A001347,Qurbonov Oybek,M,23,Jizzax,xususiy,95,4040000,7,orta,84
A001348,Bekmurodov Sardor,M,47,Navoiy,byudjet,77,4460000,4,orta,102
A001349,Muhammadiyev Otabek,M,57,Toshkent,xususiy,32,2230000,4,oliy,82
A001350,Mirzayev Anvar,M,32,Samarqand,ishsiz,0,1970000,7,orta,45
A001351,Egamberdiyev Mirzo,M,27,Surxondaryo,transport,29,13650000,4,orta_maxsus,89
A001352,Muhammadiyev Mirzo,M,51,Farg'ona,xususiy,93,4430000,3,oliy,60
A001353,Yo'ldoshev Mirzo,M,62,Qashqadaryo,o'z_ishi,83,6140000,7,orta,40
A001354,Sultonov Lola,F,46,Andijon,o'z_ishi,64,2530000,3,oliy,53
A001355,Nazarov Zafar,M,44,Samarqand,ishsiz,0,4810000,1,oliy,0
A001356,Nazarov Zarina,F,42,Sirdaryo,o'z_ishi,42,4350000,4,orta_maxsus,34
A001357,Xolmatov Oybek,M,59,Samarqand,savdo,106,4690000,3,orta,60
A001358,Mirzayev Nargiza,F,54,Samarqand,savdo,154,3480000,7,orta_maxsus,44
A001359,Hamidov Diyor,M,32,Qashqadaryo,transport,46,5420000,7,oliy,41
A001360,Sharipov Shuhrat,M,62,Buxoro,savdo,156,4010000,3,oliy,30
A001361,Xasanov Oybek,M,51,Qoraqalpog'iston,IT,149,6710000,2,orta_maxsus,51
A001362,Ochilov Aziz,M,33,Buxoro,ishsiz,0,1200000,3,orta,66
A001363,Nazarov Dildora,F,43,Xorazm,xususiy,59,1260000,5,orta_maxsus,32
A001364,Sultonov Kamola,F,23,Farg'ona,savdo,111,4320000,4,orta,35
A001365,Xudoyberdiyev Madina,F,60,Qoraqalpog'iston,xususiy,143,4520000,3,oliy,13
A001366,Tursunov Anvar,M,43,Farg'ona,byudjet,71,6930000,5,oliy,33
A001367,Bekmurodov Javohir,M,29,Toshkent,transport,18,2290000,6,orta,0
A001368,Saidov Lola,F,28,Farg'ona,qurilish,142,1490000,2,orta,32
A001369,Raximov Doston,M,37,Samarqand,byudjet,111,3290000,1,oliy,0
A001370,Qurbonov Davron,M,42,Xorazm,savdo,128,4110000,4,oliy,1
A001371,Musayev Ulugbek,M,49,Surxondaryo,ishsiz,0,9110000,7,orta,78
A001372,Bekmurodov Muslima,F,39,Xorazm,savdo,130,2320000,7,orta,35
A001373,Raximov Kamron,M,39,Navoiy,xususiy,113,6400000,5,oliy,1
A001374,Normatov Behruz,M,32,Sirdaryo,xususiy,123,3600000,6,oliy,65
A001375,Yusupov Feruza,F,27,Andijon,savdo,89,8110000,6,orta,53
A001376,Ravshanov Aziza,F,57,Qoraqalpog'iston,xususiy,135,8320000,2,oliy,120
A001377,Ergashev Nozima,F,38,Sirdaryo,qurilish,75,2470000,5,orta_maxsus,80
A001378,Qurbonov Jasur,M,57,Farg'ona,xususiy,44,5690000,4,orta,110
A001379,Nazarov Aziza,F,28,Andijon,o'z_ishi,162,3030000,2,orta,15
A001380,Toshmatov Elyor,M,52,Surxondaryo,qurilish,149,3210000,1,orta,75
A001381,Mirzayev Dilnoza,F,46,Andijon,xususiy,90,5060000,2,oliy,102
A001382,Raximov Sanjar,M,56,Toshkent,byudjet,131,2340000,5,orta_maxsus,21
A001383,Raximov Zafar,M,45,Navoiy,o'z_ishi,45,3390000,7,oliy,48
A001384,Nurmatov Gulnora,F,45,Namangan,xususiy,120,3880000,2,orta,82
A001385,Toshmatov Zafar,M,61,Samarqand,byudjet,72,9930000,3,orta,97
A001386,Ismoilov Diyor,M,23,Qoraqalpog'iston,qurilish,120,6500000,6,oliy,92
A001387,Yusupov Ulugbek,M,30,Qoraqalpog'iston,qurilish,46,10810000,7,orta_maxsus,23
A001388,Raximov Nargiza,F,42,Farg'ona,xususiy,112,4350000,4,orta,89
A001389,Raximov Malika,F,60,Farg'ona,xususiy,32,2910000,2,orta_maxsus,66
A001390,Sattorov Akmal,M,37,Buxoro,IT,140,6160000,1,orta_maxsus,1
A001391,Umarov Otabek,M,45,Xorazm,xususiy,99,2300000,6,oliy,43
A001392,Xasanov Behruz,M,62,Navoiy,qurilish,107,2710000,4,oliy,5
A001393,Hamidov Nodir,M,21,Toshkent,transport,57,20220000,5,oliy,100
A001394,Tursunov Kamola,F,36,Navoiy,xususiy,69,5670000,5,oliy,51
A001395,Yo'ldoshev Islom,M,41,Jizzax,qurilish,169,4190000,7,oliy,108
A001396,Tursunov Shohruh,M,33,Qashqadaryo,byudjet,9,2130000,4,oliy,65
A001397,Ismoilov Jasur,M,35,Xorazm,savdo,180,4690000,1,orta,112
A001398,Saidov Behruz,M,45,Andijon,byudjet,132,1310000,7,oliy,34
A001399,G'ulomov Madina,F,58,Qashqadaryo,savdo,165,3170000,5,orta_maxsus,94
A001400,Ergashev Kamron,M,48,Surxondaryo,xususiy,25,1670000,3,oliy,16
A001401,G'ulomov Sevara,F,57,Navoiy,xususiy,154,6480000,1,orta_maxsus,44
A001402,Umarov Nargiza,F,27,Navoiy,savdo,88,6280000,6,oliy,111
A001403,Rahimov Islom,M,32,Andijon,xususiy,68,5640000,5,oliy,35
A001404,Ravshanov Davron,M,55,Qashqadaryo,o'z_ishi,43,2240000,1,orta,12
A001405,Ravshanov Gulnora,F,28,Namangan,IT,5,8880000,5,oliy,111
A001406,Nazarov Timur,M,32,Navoiy,xususiy,104,3870000,1,orta_maxsus,87
A001407,Yusupov Dildora,F,27,Qoraqalpog'iston,transport,168,3820000,4,orta,64
A001408,Saidov Nozima,F,29,Jizzax,xususiy,62,2560000,2,oliy,88
A001409,Muhammadiyev Kamron,M,21,Sirdaryo,o'z_ishi,162,4140000,4,orta,41
A001410,Karimov Shohruh,M,25,Surxondaryo,xususiy,55,13780000,3,oliy,71
A001411,Raximov Nargiza,F,31,Buxoro,xususiy,141,15270000,4,orta_maxsus,24
A001412,Boboyev Dildora,F,30,Farg'ona,xususiy,103,13220000,3,orta,53
A001413,Muhammadiyev Otabek,M,25,Surxondaryo,IT,91,5020000,6,oliy,29
A001414,Sultonov Feruza,F,22,Jizzax,o'z_ishi,114,3700000,6,orta_maxsus,9
A001415,Sultonov Mirzo,M,35,Jizzax,ishsiz,0,2350000,1,oliy,75
A001416,Xasanov Shohruh,M,38,Farg'ona,o'z_ishi,39,14760000,4,orta_maxsus,109
A001417,Aliyev Gulnora,F,37,Andijon,byudjet,58,3900000,6,oliy,103
A001418,Rahimov Sevara,F,23,Andijon,byudjet,153,2350000,3,oliy,26
A001419,Egamberdiyev Rustam,M,30,Qoraqalpog'iston,transport,78,4310000,5,orta,15
A001420,Qurbonov Rustam,M,37,Farg'ona,savdo,11,2220000,6,orta,91
A001421,Ravshanov Kamola,F,25,Farg'ona,qurilish,137,2070000,4,orta,110
A001422,Musayev Lola,F,63,Andijon,o'z_ishi,134,3680000,6,orta,66
A001423,Umarov Oybek,M,33,Andijon,xususiy,93,4210000,6,oliy,77
A001424,Xasanov Nilufar,F,41,Qashqadaryo,byudjet,19,1510000,4,oliy,35
A001425,Jo'rayev Sabina,F,42,Sirdaryo,xususiy,37,7570000,4,orta_maxsus,31
A001426,Qurbonov Elyor,M,57,Namangan,qurilish,118,5270000,6,oliy,13
A001427,Mirzayev Mirzo,M,48,Samarqand,xususiy,102,12010000,7,oliy,31
A001428,Jo'rayev Mirzo,M,59,Surxondaryo,xususiy,86,3090000,1,orta_maxsus,107
A001429,Raximov Sabina,F,41,Buxoro,IT,144,1310000,7,oliy,112
A001430,Mirzayev Kamron,M,58,Andijon,byudjet,121,5380000,2,oliy,97
A001431,Muhammadiyev Anvar,M,52,Namangan,transport,122,1570000,5,orta,80
A001432,Raximov Rustam,M,54,Toshkent,savdo,56,8090000,2,orta,96
A001433,Ergashev Oybek,M,23,Qashqadaryo,transport,36,3560000,6,orta_maxsus,94
A001434,Nazarov Aziza,F,63,Namangan,byudjet,155,1560000,5,orta_maxsus,66
A001435,Qurbonov Farrux,M,33,Andijon,o'z_ishi,63,5280000,4,orta,103
A001436,Musayev Oybek,M,25,Qashqadaryo,IT,78,2920000,3,orta_maxsus,117
A001437,G'ulomov Nozima,F,28,Buxoro,IT,112,36960000,6,orta_maxsus,43
A001438,Ergashev Malika,F,50,Andijon,o'z_ishi,178,3910000,5,orta,19
A001439,Mirzayev Nozima,F,25,Toshkent,o'z_ishi,62,3200000,7,oliy,71
A001440,Abdullayev Shohruh,M,27,Samarqand,o'z_ishi,82,2540000,1,orta_maxsus,4
A001441,Ismoilov Sanjar,M,21,Buxoro,transport,69,5610000,3,oliy,51
A001442,Xasanov Umid,M,63,Qashqadaryo,xususiy,100,3180000,7,orta,78
A001443,Boboyev Ulugbek,M,35,Navoiy,savdo,125,3440000,5,oliy,71
A001444,Yo'ldoshev Sanjar,M,51,Toshkent,xususiy,82,4130000,1,orta_maxsus,109
A001445,Boboyev Malika,F,49,Buxoro,xususiy,53,5560000,6,oliy,120
A001446,Hamidov Ulugbek,M,44,Jizzax,byudjet,121,4520000,6,orta,117
A001447,Ravshanov Behruz,M,46,Xorazm,byudjet,98,9610000,7,orta_maxsus,34
A001448,Muhammadiyev Nozima,F,36,Xorazm,xususiy,104,8180000,7,oliy,37
A001449,Ochilov Feruza,F,37,Xorazm,IT,157,5280000,1,orta,19
A001450,Sultonov Davron,M,33,Surxondaryo,xususiy,137,2830000,4,oliy,66
A001451,Muhammadiyev Nargiza,F,27,Surxondaryo,xususiy,126,4710000,2,orta_maxsus,33
A001452,Qodirov Bekzod,M,58,Xorazm,savdo,56,2350000,6,orta,94
A001453,Rahimov Shahzoda,F,34,Surxondaryo,o'z_ishi,95,4800000,5,oliy,50
A001454,Yusupov Bekzod,M,45,Xorazm,transport,100,13570000,2,orta_maxsus,32
A001455,Rahimov Alisher,M,57,Namangan,transport,86,3070000,5,orta_maxsus,23
A001456,Tursunov Kamola,F,39,Jizzax,savdo,29,6840000,6,oliy,119
A001457,Abdullayev Bekzod,M,47,Surxondaryo,xususiy,44,2060000,7,orta_maxsus,90
A001458,Aliyev Lola,F,63,Andijon,savdo,133,3640000,7,oliy,81
A001459,Yo'ldoshev Rustam,M,21,Namangan,transport,68,4630000,3,oliy,116
A001460,Normatov Behruz,M,32,Qoraqalpog'iston,xususiy,1,6530000,3,orta,119
A001461,Ravshanov Nodir,M,21,Toshkent,savdo,55,13300000,7,orta_maxsus,117
A001462,Aliyev Charos,F,31,Buxoro,IT,32,7140000,5,orta,13
A001463,G'ulomov Dilnoza,F,56,Navoiy,xususiy,111,4120000,1,oliy,11
A001464,Abdullayev Kamron,M,27,Navoiy,xususiy,160,9570000,6,orta_maxsus,38
A001465,Xudoyberdiyev Mohira,F,53,Navoiy,savdo,174,7300000,2,orta,109
A001466,Ochilov Nilufar,F,27,Farg'ona,byudjet,118,5080000,2,orta_maxsus,76
A001467,Jo'rayev Madina,F,55,Namangan,qurilish,113,5820000,1,orta_maxsus,91
A001468,Umarov Jasur,M,45,Buxoro,byudjet,172,10010000,3,orta,100
A001469,Ravshanov Bekzod,M,27,Farg'ona,xususiy,163,2430000,7,orta_maxsus,11
A001470,Xudoyberdiyev Dilnoza,F,23,Namangan,qurilish,91,2540000,2,oliy,96
A001471,Saidov Sardor,M,52,Navoiy,byudjet,179,6750000,3,orta_maxsus,6
A001472,G'ulomov Charos,F,36,Namangan,transport,84,7850000,7,orta_maxsus,73
A001473,Sharipov Timur,M,37,Andijon,xususiy,105,10190000,4,orta_maxsus,73
A001474,Musayev Davron,M,21,Toshkent,byudjet,149,5480000,7,orta,81
A001475,Ochilov Zarina,F,29,Qashqadaryo,savdo,14,5350000,5,orta_maxsus,118
A001476,Qurbonov Muslima,F,28,Namangan,byudjet,172,2540000,1,oliy,101
A001477,Raximov Kamron,M,61,Sirdaryo,o'z_ishi,147,1730000,6,orta,119
A001478,Saidov Nozima,F,21,Jizzax,IT,156,4830000,7,oliy,56
A001479,Xolmatov Mohira,F,28,Andijon,xususiy,177,760000,5,oliy,115
A001480,Rahimov Zarina,F,41,Andijon,qurilish,109,11330000,3,orta,6
A001481,Abdullayev Nilufar,F,24,Xorazm,xususiy,72,3290000,6,orta_maxsus,82
A001482,Bekmurodov Zarina,F,38,Navoiy,savdo,22,12100000,2,orta_maxsus,13
A001483,Saidov Zafar,M,35,Samarqand,xususiy,127,21550000,3,orta,115
A001484,Sattorov Islom,M,26,Surxondaryo,savdo,99,3510000,6,orta,47
A001485,Tursunov Nargiza,F,23,Xorazm,byudjet,16,7270000,4,orta_maxsus,104
A001486,Saidov Lola,F,58,Namangan,transport,59,1070000,2,orta_maxsus,26
A001487,Sultonov Kamola,F,26,Jizzax,qurilish,57,9960000,6,orta,119
A001488,Yo'ldoshev Nozima,F,30,Qashqadaryo,qurilish,23,2340000,7,orta_maxsus,119
A001489,Saidov Shahzoda,F,57,Xorazm,xususiy,28,3470000,7,oliy,86
A001490,Qodirov Sardor,M,43,Xorazm,IT,103,3980000,2,orta_maxsus,22
A001491,Aliyev Ulugbek,M,41,Jizzax,IT,85,2570000,7,orta,104
A001492,Xudoyberdiyev Gulnora,F,34,Sirdaryo,IT,43,7640000,4,orta,14
A001493,Muhammadiyev Mirzo,M,34,Xorazm,IT,24,3130000,2,orta,25
A001494,G'ulomov Sabina,F,63,Farg'ona,byudjet,153,4350000,5,oliy,101
A001495,Rahimov Mohira,F,43,Samarqand,transport,148,5670000,2,orta,4
A001496,Karimov Davron,M,62,Andijon,savdo,96,4580000,2,orta_maxsus,17
A001497,Muhammadiyev Kamron,M,54,Andijon,qurilish,99,2700000,1,orta,62
A001498,Sultonov Nilufar,F,40,Jizzax,xususiy,2,8390000,3,orta_maxsus,26
A001499,Ismoilov Kamola,F,37,Namangan,o'z_ishi,75,19660000,1,oliy,80
A001500,Umarov Muslima,F,24,Qashqadaryo,xususiy,120,6440000,6,oliy,73
A001501,Sharipov Davron,M,31,Andijon,xususiy,118,3110000,5,orta,1
A001502,Ismoilov Sabina,F,21,Namangan,IT,4,6500000,4,orta,17
A001503,Jo'rayev Rustam,M,40,Surxondaryo,xususiy,10,2320000,1,orta_maxsus,5
A001504,Qurbonov Nurbek,M,46,Samarqand,xususiy,34,1610000,5,orta_maxsus,101
A001505,Xolmatov Dildora,F,34,Andijon,byudjet,159,4900000,5,oliy,90
A001506,Jo'rayev Doston,M,57,Xorazm,xususiy,67,2660000,7,orta,115
A001507,Mirzayev Nargiza,F,36,Namangan,savdo,30,1820000,3,orta,68
A001508,Ergashev Sevara,F,27,Surxondaryo,o'z_ishi,76,5610000,5,orta,75
A001509,Ismoilov Gulnora,F,43,Toshkent,savdo,175,7270000,5,orta,65
A001510,Boboyev Diyor,M,50,Sirdaryo,transport,150,11650000,1,orta,46
A001511,Rahimov Zafar,M,52,Jizzax,xususiy,96,3160000,5,orta_maxsus,5
A001512,Saidov Akmal,M,52,Samarqand,xususiy,107,3560000,1,orta,100
A001513,Ravshanov Shahzoda,F,47,Toshkent,o'z_ishi,160,4030000,6,oliy,52
A001514,Normatov Dildora,F,32,Andijon,byudjet,112,5580000,5,orta,86
A001515,Egamberdiyev Nurbek,M,46,Qashqadaryo,qurilish,130,5630000,1,orta_maxsus,53
A001516,Qurbonov Mirzo,M,32,Sirdaryo,byudjet,46,6020000,7,oliy,21
A001517,Abdullayev Shuhrat,M,42,Xorazm,savdo,97,5130000,6,oliy,82
A001518,Tursunov Sanjar,M,24,Navoiy,xususiy,115,12220000,7,orta_maxsus,98
A001519,Normatov Gulnora,F,28,Qashqadaryo,o'z_ishi,15,2530000,2,orta_maxsus,103
A001520,Ismoilov Sevara,F,35,Jizzax,byudjet,170,10090000,3,orta,61
A001521,Muhammadiyev Aziza,F,57,Xorazm,xususiy,64,2250000,1,oliy,54
A001522,Ergashev Lola,F,35,Toshkent,xususiy,81,8860000,5,orta_maxsus,59
A001523,Toshmatov Nodir,M,25,Surxondaryo,xususiy,136,4490000,7,orta,13
A001524,Karimov Otabek,M,50,Qashqadaryo,xususiy,48,7640000,5,oliy,14
A001525,Ochilov Davron,M,49,Buxoro,savdo,133,3920000,4,orta_maxsus,23
A001526,Ergashev Aziz,M,51,Surxondaryo,savdo,124,8120000,6,orta,91
A001527,Xudoyberdiyev Ulugbek,M,36,Toshkent,xususiy,135,4190000,4,oliy,42
A001528,Raximov Gulnora,F,53,Samarqand,transport,164,9690000,3,oliy,114
A001529,Aliyev Alisher,M,27,Qoraqalpog'iston,qurilish,134,3830000,7,orta_maxsus,6
A001530,G'ulomov Sabina,F,37,Toshkent,ishsiz,0,7060000,4,orta,73
A001531,Yusupov Bekzod,M,34,Samarqand,savdo,83,4400000,3,oliy,0
A001532,Boboyev Feruza,F,30,Farg'ona,xususiy,149,3510000,3,oliy,20
A001533,Ravshanov Zafar,M,47,Andijon,o'z_ishi,24,2210000,5,orta,0
A001534,Boboyev Shohruh,M,30,Sirdaryo,byudjet,39,4560000,5,orta_maxsus,13
A001535,Egamberdiyev Elyor,M,29,Farg'ona,xususiy,100,4040000,1,orta,93
A001536,Yusupov Islom,M,34,Jizzax,o'z_ishi,85,3740000,2,orta_maxsus,102
A001537,Qodirov Umid,M,53,Jizzax,qurilish,124,3850000,5,oliy,113
A001538,Mirzayev Bekzod,M,51,Farg'ona,xususiy,156,5590000,4,oliy,7
A001539,Abdullayev Sevara,F,57,Surxondaryo,byudjet,85,2900000,4,orta_maxsus,29
A001540,Yo'ldoshev Bobur,M,50,Surxondaryo,qurilish,134,2870000,1,oliy,91
A001541,Ravshanov Otabek,M,27,Jizzax,xususiy,64,2980000,1,oliy,15
A001542,Qodirov Zilola,F,39,Surxondaryo,IT,179,1870000,5,oliy,51
A001543,Toshmatov Sabina,F,59,Xorazm,byudjet,66,5580000,3,orta_maxsus,21
A001544,Sultonov Doston,M,28,Qashqadaryo,o'z_ishi,76,3040000,2,orta_maxsus,60
A001545,Nurmatov Behruz,M,60,Andijon,o'z_ishi,96,3520000,7,oliy,41
A001546,Ismoilov Sanjar,M,30,Buxoro,xususiy,146,4470000,1,orta,43
A001547,Saidov Gulnora,F,49,Qashqadaryo,IT,4,23990000,4,orta_maxsus,58
A001548,Saidov Aziza,F,48,Farg'ona,qurilish,30,1800000,7,orta,29
A001549,Sharipov Feruza,F,33,Namangan,xususiy,171,780000,2,orta,5
A001550,Bekmurodov Behruz,M,38,Buxoro,xususiy,139,8120000,7,oliy,83
A001551,Ravshanov Bekzod,M,35,Farg'ona,xususiy,69,5800000,2,orta,100
A001552,Xasanov Nargiza,F,23,Qashqadaryo,savdo,149,6670000,7,oliy,54
A001553,Saidov Elyor,M,39,Andijon,qurilish,160,6430000,3,orta_maxsus,23
A001554,Rahimov Nargiza,F,40,Qashqadaryo,o'z_ishi,35,3630000,7,orta_maxsus,8
A001555,Rahimov Diyor,M,38,Buxoro,xususiy,111,5430000,5,oliy,69
A001556,Ravshanov Doston,M,39,Toshkent,byudjet,175,1570000,6,oliy,32
A001557,Sattorov Bekzod,M,41,Qoraqalpog'iston,transport,167,5590000,6,orta_maxsus,80
A001558,Nazarov Sabina,F,50,Jizzax,xususiy,111,10640000,6,oliy,8
A001559,Ochilov Sardor,M,55,Surxondaryo,xususiy,64,2460000,4,orta_maxsus,76
A001560,Ismoilov Nodir,M,28,Andijon,qurilish,102,10390000,2,oliy,89
A001561,Karimov Zarina,F,28,Sirdaryo,IT,73,5130000,4,orta,97
A001562,Tursunov Aziza,F,32,Navoiy,o'z_ishi,48,5020000,6,oliy,74
A001563,Tursunov Sevara,F,29,Qoraqalpog'iston,IT,37,4140000,2,orta_maxsus,34
A001564,Aliyev Rustam,M,57,Buxoro,transport,131,7980000,7,orta,53
A001565,Ergashev Mirzo,M,40,Andijon,byudjet,10,4830000,6,orta,14
A001566,Qurbonov Sabina,F,26,Andijon,savdo,57,4950000,1,oliy,28
A001567,Bekmurodov Shahzoda,F,56,Toshkent,byudjet,171,2100000,4,oliy,90
A001568,Muhammadiyev Kamola,F,63,Xorazm,xususiy,53,9910000,1,orta_maxsus,6
A001569,Raximov Otabek,M,31,Sirdaryo,o'z_ishi,151,4260000,5,oliy,53
A001570,Egamberdiyev Bobur,M,52,Buxoro,qurilish,46,8670000,7,oliy,82
A001571,Umarov Behruz,M,41,Surxondaryo,o'z_ishi,38,11020000,7,oliy,120
A001572,Raximov Shohruh,M,56,Qoraqalpog'iston,transport,69,6640000,7,orta,66
A001573,Normatov Nodir,M,45,Samarqand,savdo,118,9200000,6,orta_maxsus,111
A001574,Tursunov Shuhrat,M,49,Qoraqalpog'iston,byudjet,141,5740000,3,oliy,16
A001575,Ismoilov Umid,M,56,Qashqadaryo,qurilish,91,2790000,2,oliy,53
A001576,Normatov Shohruh,M,52,Andijon,xususiy,94,2600000,5,oliy,26
A001577,Qodirov Mohira,F,39,Namangan,byudjet,10,1740000,3,oliy,114
A001578,G'ulomov Mirzo,M,47,Jizzax,savdo,129,1190000,7,orta_maxsus,98
A001579,Aliyev Feruza,F,61,Farg'ona,IT,116,3390000,5,orta,9
A001580,Tursunov Kamola,F,47,Qashqadaryo,o'z_ishi,174,8110000,1,orta,17
A001581,Ravshanov Dilnoza,F,36,Andijon,qurilish,15,4060000,6,oliy,42
A001582,Sharipov Zafar,M,53,Namangan,transport,152,6790000,3,oliy,43
A001583,Hamidov Shahzoda,F,26,Samarqand,xususiy,24,7100000,1,orta,115
A001584,Ravshanov Timur,M,45,Namangan,qurilish,160,3500000,5,oliy,25
A001585,Tursunov Sabina,F,40,Sirdaryo,IT,149,3280000,4,oliy,41
A001586,Yo'ldoshev Sevara,F,36,Sirdaryo,savdo,52,3040000,7,oliy,59
A001587,Boboyev Zarina,F,25,Qashqadaryo,savdo,105,3900000,6,orta,23
A001588,Toshmatov Mohira,F,45,Buxoro,savdo,126,2550000,3,orta_maxsus,9
A001589,Musayev Nilufar,F,37,Qoraqalpog'iston,xususiy,29,1920000,4,oliy,20
A001590,Sultonov Muslima,F,36,Xorazm,IT,54,6000000,7,orta,4
A001591,Boboyev Timur,M,34,Farg'ona,byudjet,172,5590000,3,orta_maxsus,6
A001592,Saidov Javohir,M,47,Farg'ona,o'z_ishi,158,2550000,5,oliy,47
A001593,Normatov Gulnora,F,38,Navoiy,byudjet,152,1620000,6,orta_maxsus,70
A001594,Qodirov Elyor,M,22,Navoiy,xususiy,77,2040000,6,oliy,80
A001595,Xolmatov Kamola,F,22,Qashqadaryo,ishsiz,0,3050000,7,orta_maxsus,38
A001596,Ismoilov Aziz,M,50,Qoraqalpog'iston,savdo,166,10970000,2,orta_maxsus,98
A001597,Ergashev Nurbek,M,43,Toshkent,xususiy,104,7250000,7,orta_maxsus,103
A001598,Xudoyberdiyev Nozima,F,61,Samarqand,xususiy,55,7010000,4,oliy,115
A001599,Egamberdiyev Jasur,M,53,Xorazm,o'z_ishi,142,3440000,3,oliy,98
A001600,Egamberdiyev Kamola,F,25,Surxondaryo,savdo,162,1060000,5,orta,70
A001601,Ismoilov Aziz,M,59,Buxoro,byudjet,93,950000,2,oliy,27
A001602,Boboyev Malika,F,55,Qashqadaryo,savdo,156,2120000,7,orta_maxsus,120
A001603,Yo'ldoshev Muslima,F,62,Xorazm,o'z_ishi,12,5610000,3,oliy,99
A001604,G'ulomov Nilufar,F,38,Buxoro,IT,180,1780000,6,orta_maxsus,108
A001605,Xudoyberdiyev Diyor,M,28,Xorazm,ishsiz,0,6880000,3,orta,70
A001606,Musayev Zafar,M,60,Sirdaryo,o'z_ishi,106,5250000,5,orta_maxsus,83
A001607,Xudoyberdiyev Zarina,F,30,Sirdaryo,qurilish,74,2410000,6,orta_maxsus,97
A001608,Raximov Sanjar,M,44,Andijon,xususiy,144,5270000,1,orta,80
A001609,Sharipov Charos,F,59,Qashqadaryo,o'z_ishi,147,10610000,3,orta_maxsus,63
A001610,Hamidov Aziza,F,62,Qoraqalpog'iston,qurilish,78,2970000,7,oliy,102
A001611,Raximov Shahzoda,F,41,Farg'ona,xususiy,16,6540000,3,oliy,104
A001612,Mirzayev Alisher,M,28,Surxondaryo,byudjet,8,6980000,7,orta_maxsus,55
A001613,Toshmatov Sevara,F,58,Samarqand,IT,64,10600000,4,orta,46
A001614,Sattorov Islom,M,31,Navoiy,byudjet,10,1770000,3,orta_maxsus,22
A001615,Musayev Sabina,F,24,Jizzax,savdo,48,3690000,7,oliy,12
A001616,Sattorov Zarina,F,41,Xorazm,o'z_ishi,102,4550000,1,oliy,80
A001617,Aliyev Shahzoda,F,23,Xorazm,o'z_ishi,83,6590000,4,orta,55
A001618,Qurbonov Dildora,F,41,Navoiy,xususiy,142,5000000,5,orta,58
A001619,Ochilov Bobur,M,44,Qashqadaryo,transport,174,2580000,4,oliy,8
A001620,Ochilov Kamola,F,28,Andijon,o'z_ishi,9,7030000,5,orta_maxsus,84
A001621,Ravshanov Anvar,M,26,Qoraqalpog'iston,xususiy,109,3480000,1,orta,107
A001622,Yusupov Gulnora,F,23,Toshkent,byudjet,162,3100000,4,orta,16
A001623,Qodirov Zilola,F,62,Buxoro,savdo,5,7850000,2,oliy,100
A001624,Abdullayev Islom,M,31,Sirdaryo,xususiy,110,12720000,6,orta_maxsus,77
A001625,Boboyev Nilufar,F,43,Qoraqalpog'iston,qurilish,70,11470000,2,oliy,97
A001626,Mirzayev Shohruh,M,35,Farg'ona,qurilish,160,4240000,5,orta_maxsus,67
A001627,Xasanov Zilola,F,56,Farg'ona,o'z_ishi,50,2970000,5,orta_maxsus,13
A001628,Toshmatov Malika,F,58,Xorazm,savdo,94,5270000,3,orta_maxsus,46
A001629,Karimov Nozima,F,51,Toshkent,xususiy,121,2660000,5,orta,76
A001630,Xolmatov Elyor,M,46,Farg'ona,transport,123,5110000,4,orta,103
A001631,Karimov Bekzod,M,47,Xorazm,savdo,89,4530000,4,orta,55
A001632,G'ulomov Umid,M,52,Navoiy,savdo,56,4220000,5,orta,102
A001633,Ergashev Dildora,F,40,Andijon,savdo,143,7410000,5,orta_maxsus,99
A001634,Sharipov Zilola,F,52,Jizzax,savdo,121,3700000,2,orta_maxsus,44
A001635,Muhammadiyev Aziz,M,48,Xorazm,xususiy,102,8680000,5,orta,69
A001636,Saidov Zilola,F,22,Qashqadaryo,xususiy,39,7390000,7,orta_maxsus,75
A001637,Yo'ldoshev Zafar,M,21,Navoiy,xususiy,132,6970000,5,orta,51
A001638,Sattorov Bekzod,M,22,Surxondaryo,transport,147,1670000,3,oliy,15
A001639,Abdullayev Sabina,F,49,Qashqadaryo,byudjet,164,2380000,3,orta_maxsus,36
A001640,Rahimov Dilnoza,F,26,Surxondaryo,xususiy,180,2000000,2,orta,110
A001641,Nurmatov Farrux,M,50,Jizzax,savdo,66,2950000,6,orta,119
A001642,Saidov Sardor,M,30,Samarqand,transport,11,2590000,5,orta_maxsus,52
A001643,Bekmurodov Behruz,M,25,Navoiy,IT,61,3200000,4,oliy,99
A001644,Egamberdiyev Zarina,F,29,Xorazm,savdo,1,1300000,2,orta,86
A001645,Sattorov Umid,M,24,Qoraqalpog'iston,xususiy,45,1480000,6,orta_maxsus,106
A001646,Yo'ldoshev Farrux,M,26,Toshkent,transport,121,10940000,5,oliy,70
A001647,Qurbonov Malika,F,58,Samarqand,transport,119,1610000,5,oliy,114
A001648,Tursunov Bekzod,M,35,Navoiy,xususiy,60,3610000,2,orta,33
A001649,Xasanov Gulnora,F,55,Surxondaryo,o'z_ishi,31,2910000,2,oliy,36
A001650,Jo'rayev Anvar,M,55,Jizzax,savdo,8,3370000,7,orta_maxsus,14
A001651,Nazarov Farrux,M,26,Xorazm,o'z_ishi,64,5890000,7,orta,4
A001652,Sharipov Davron,M,27,Samarqand,ishsiz,0,2270000,2,oliy,53
A001653,Yusupov Akmal,M,33,Navoiy,o'z_ishi,143,10910000,6,oliy,86
A001654,Ismoilov Kamron,M,46,Andijon,transport,176,6280000,2,orta,95
A001655,Yo'ldoshev Sevara,F,55,Navoiy,qurilish,67,9840000,1,orta_maxsus,55
A001656,Yo'ldoshev Aziz,M,42,Xorazm,savdo,106,4770000,4,orta_maxsus,82
A001657,Normatov Sevara,F,48,Qoraqalpog'iston,xususiy,58,5370000,4,orta,110
A001658,Hamidov Gulnora,F,25,Qashqadaryo,xususiy,160,3700000,1,oliy,72
A001659,Xudoyberdiyev Shohruh,M,29,Sirdaryo,ishsiz,0,5020000,5,orta,87
A001660,Qurbonov Diyor,M,26,Surxondaryo,xususiy,43,16220000,7,orta_maxsus,115
A001661,Ravshanov Shuhrat,M,29,Farg'ona,xususiy,1,1810000,7,orta,45
A001662,Sharipov Bekzod,M,58,Jizzax,IT,106,14010000,4,orta,93
A001663,Umarov Kamola,F,54,Surxondaryo,xususiy,77,8070000,6,orta,97
A001664,G'ulomov Umid,M,27,Namangan,savdo,39,2600000,2,oliy,83
A001665,Yo'ldoshev Feruza,F,23,Farg'ona,qurilish,165,4200000,5,orta,8
A001666,Xolmatov Aziza,F,62,Sirdaryo,byudjet,122,3180000,7,orta_maxsus,90
A001667,Xudoyberdiyev Farrux,M,43,Jizzax,transport,135,7290000,5,orta_maxsus,7
A001668,Sharipov Aziz,M,31,Andijon,IT,77,4110000,7,oliy,104
A001669,Sattorov Charos,F,29,Qoraqalpog'iston,byudjet,180,13420000,4,oliy,111
A001670,Muhammadiyev Behruz,M,29,Namangan,byudjet,83,4480000,4,orta_maxsus,60
A001671,Toshmatov Shuhrat,M,46,Qashqadaryo,ishsiz,0,2400000,1,orta,32
A001672,Tursunov Islom,M,50,Surxondaryo,byudjet,78,2420000,2,orta,77
A001673,Musayev Elyor,M,24,Namangan,xususiy,25,3440000,2,oliy,75
A001674,Qurbonov Charos,F,47,Andijon,savdo,51,3390000,4,orta,62
A001675,Xolmatov Malika,F,28,Namangan,byudjet,123,3610000,3,orta_maxsus,87
A001676,Jo'rayev Sabina,F,60,Namangan,xususiy,69,2440000,7,orta_maxsus,25
A001677,Musayev Sevara,F,44,Qashqadaryo,xususiy,28,4910000,1,oliy,49
A001678,Egamberdiyev Gulnora,F,52,Samarqand,transport,78,3180000,6,oliy,120
A001679,Ochilov Feruza,F,57,Navoiy,xususiy,174,4860000,3,orta,75
A001680,G'ulomov Sanjar,M,50,Namangan,xususiy,68,7030000,3,orta_maxsus,2
A001681,Normatov Kamola,F,31,Buxoro,IT,2,4910000,6,oliy,118
A001682,Ochilov Sabina,F,48,Namangan,xususiy,71,2880000,1,orta_maxsus,7
A001683,Umarov Feruza,F,40,Qashqadaryo,xususiy,60,1640000,4,oliy,17
A001684,Sultonov Akmal,M,38,Farg'ona,o'z_ishi,115,3810000,4,oliy,28
A001685,Ochilov Sabina,F,55,Farg'ona,ishsiz,0,6420000,7,oliy,7
A001686,G'ulomov Diyor,M,62,Farg'ona,savdo,24,3830000,1,orta,37
A001687,Karimov Aziz,M,25,Buxoro,xususiy,136,5580000,3,orta,88
A001688,Sultonov Shuhrat,M,26,Farg'ona,xususiy,25,2240000,2,oliy,19
A001689,Umarov Aziza,F,33,Toshkent,savdo,118,5980000,2,orta_maxsus,86
A001690,Xudoyberdiyev Madina,F,43,Xorazm,xususiy,25,4190000,4,orta_maxsus,97
A001691,Karimov Farrux,M,26,Buxoro,savdo,17,1580000,5,oliy,58
A001692,Ravshanov Rustam,M,63,Andijon,xususiy,47,4830000,6,orta,5
A001693,Muhammadiyev Islom,M,61,Qoraqalpog'iston,qurilish,124,2210000,5,orta,106
A001694,Jo'rayev Mirzo,M,35,Qashqadaryo,qurilish,76,3650000,2,oliy,99
A001695,Qurbonov Charos,F,33,Farg'ona,byudjet,135,1220000,7,orta_maxsus,52
A001696,Ergashev Sardor,M,36,Andijon,transport,137,5940000,3,oliy,77
A001697,Umarov Nilufar,F,42,Surxondaryo,IT,74,5590000,4,orta_maxsus,95
A001698,Xudoyberdiyev Shuhrat,M,27,Toshkent,xususiy,148,3640000,1,orta_maxsus,116
A001699,Boboyev Rustam,M,37,Toshkent,transport,116,9730000,5,orta,21
A001700,Jo'rayev Islom,M,32,Navoiy,xususiy,63,5380000,6,oliy,64
A001701,Sultonov Behruz,M,37,Buxoro,IT,76,4770000,3,oliy,8
A001702,Tursunov Behruz,M,37,Buxoro,xususiy,103,8550000,6,orta,98
A001703,Rahimov Zilola,F,54,Xorazm,savdo,3,13110000,4,orta,80
A001704,Ismoilov Muslima,F,24,Buxoro,o'z_ishi,57,4390000,3,orta,53
A001705,Ravshanov Madina,F,37,Namangan,IT,60,3650000,3,orta_maxsus,65
A001706,Nurmatov Malika,F,54,Jizzax,transport,158,7480000,7,oliy,102
A001707,Sattorov Ulugbek,M,52,Namangan,IT,59,1690000,1,orta_maxsus,97
A001708,Rahimov Nozima,F,60,Andijon,o'z_ishi,0,19460000,2,orta,8
A001709,Yo'ldoshev Elyor,M,26,Qashqadaryo,xususiy,61,3230000,5,orta,23
A001710,Qurbonov Rustam,M,28,Namangan,byudjet,47,9350000,4,orta,63
A001711,Nazarov Sabina,F,22,Toshkent,IT,120,2960000,1,oliy,117
A001712,Xolmatov Dilnoza,F,37,Toshkent,xususiy,174,4540000,1,orta_maxsus,23
A001713,Egamberdiyev Aziza,F,45,Qoraqalpog'iston,ishsiz,0,8440000,2,oliy,83
A001714,Abdullayev Muslima,F,53,Namangan,xususiy,143,4470000,4,orta_maxsus,35
A001715,Qurbonov Umid,M,53,Qoraqalpog'iston,IT,53,4520000,4,oliy,66
A001716,Yo'ldoshev Sabina,F,23,Farg'ona,xususiy,49,3870000,4,orta,82
A001717,Egamberdiyev Elyor,M,44,Qashqadaryo,IT,28,5870000,2,oliy,57
A001718,Saidov Feruza,F,37,Qoraqalpog'iston,xususiy,43,7120000,7,orta,80
A001719,Rahimov Lola,F,33,Xorazm,xususiy,2,2090000,2,orta_maxsus,90
A001720,Hamidov Aziz,M,38,Surxondaryo,xususiy,38,3460000,2,orta_maxsus,108
A001721,Normatov Doston,M,35,Navoiy,byudjet,38,7650000,4,oliy,72
A001722,Egamberdiyev Javohir,M,58,Samarqand,transport,146,1050000,5,orta_maxsus,18
A001723,Nazarov Nozima,F,29,Toshkent,xususiy,68,3320000,7,oliy,24
A001724,Umarov Bobur,M,47,Qashqadaryo,qurilish,47,5360000,4,orta_maxsus,85
A001725,Qurbonov Lola,F,24,Toshkent,xususiy,113,7710000,4,orta,26
A001726,Ravshanov Islom,M,53,Farg'ona,o'z_ishi,140,3810000,5,oliy,104
A001727,Nurmatov Sevara,F,33,Navoiy,ishsiz,0,2090000,7,orta,73
A001728,Ochilov Zilola,F,59,Jizzax,IT,167,2790000,4,oliy,79
A001729,Egamberdiyev Madina,F,37,Qoraqalpog'iston,savdo,71,18150000,4,orta,6
A001730,Ochilov Kamron,M,40,Buxoro,IT,50,5230000,7,oliy,79
A001731,Rahimov Mirzo,M,27,Buxoro,transport,136,13420000,4,orta,105
A001732,Rahimov Dilnoza,F,51,Xorazm,byudjet,75,1880000,1,orta,90
A001733,Yusupov Sabina,F,37,Samarqand,xususiy,65,4320000,3,orta,56
A001734,Normatov Javohir,M,35,Jizzax,IT,5,3780000,2,orta_maxsus,96
A001735,Ravshanov Nurbek,M,40,Navoiy,byudjet,24,1220000,3,orta,29
A001736,Ismoilov Behruz,M,29,Samarqand,o'z_ishi,130,2890000,2,orta_maxsus,52
A001737,Tursunov Charos,F,62,Jizzax,xususiy,174,2080000,3,orta,63
A001738,Hamidov Behruz,M,22,Samarqand,xususiy,20,12640000,7,orta,14
A001739,Egamberdiyev Muslima,F,41,Buxoro,IT,142,4110000,3,oliy,118
A001740,Tursunov Kamola,F,51,Andijon,xususiy,27,5750000,4,orta,63
A001741,Karimov Oybek,M,23,Samarqand,transport,92,2990000,4,oliy,0
A001742,Sharipov Rustam,M,38,Sirdaryo,savdo,173,4800000,1,orta,71
A001743,Tursunov Dildora,F,59,Andijon,ishsiz,0,4140000,2,oliy,84
A001744,Ergashev Feruza,F,40,Andijon,byudjet,64,1310000,1,orta,74
A001745,Toshmatov Ulugbek,M,27,Sirdaryo,transport,119,8600000,6,oliy,58
A001746,Jo'rayev Behruz,M,39,Jizzax,byudjet,109,3770000,7,orta,47
A001747,Umarov Umid,M,56,Toshkent,savdo,37,5820000,5,orta_maxsus,58
A001748,G'ulomov Sardor,M,58,Jizzax,o'z_ishi,151,1440000,5,orta,15
A001749,Raximov Elyor,M,23,Jizzax,savdo,153,2660000,3,orta,120
A001750,Umarov Bobur,M,26,Namangan,IT,52,2390000,6,orta,21
A001751,Sultonov Diyor,M,21,Navoiy,transport,30,3150000,4,orta,100
A001752,Rahimov Zarina,F,39,Surxondaryo,qurilish,136,2800000,5,orta_maxsus,77
A001753,Raximov Nilufar,F,54,Xorazm,xususiy,122,4360000,3,orta,65
A001754,G'ulomov Nilufar,F,31,Samarqand,ishsiz,0,4770000,5,oliy,15
A001755,Jo'rayev Zilola,F,42,Farg'ona,ishsiz,0,11330000,1,orta,61
A001756,Qodirov Mohira,F,21,Xorazm,xususiy,121,5120000,5,oliy,60
A001757,Bekmurodov Sevara,F,50,Namangan,xususiy,20,2480000,6,oliy,48
A001758,Bekmurodov Anvar,M,62,Sirdaryo,xususiy,139,8530000,4,orta_maxsus,28
A001759,Musayev Gulnora,F,63,Surxondaryo,xususiy,154,7220000,7,oliy,59
A001760,Umarov Muslima,F,50,Buxoro,IT,63,6990000,3,oliy,79
A001761,Sharipov Kamola,F,50,Farg'ona,qurilish,61,7530000,1,orta,67
A001762,Saidov Shuhrat,M,21,Samarqand,savdo,0,2080000,6,oliy,68
A001763,Normatov Anvar,M,59,Sirdaryo,xususiy,142,4460000,7,oliy,107
A001764,Umarov Farrux,M,25,Navoiy,o'z_ishi,120,15420000,6,orta,6
A001765,Ravshanov Mohira,F,52,Surxondaryo,savdo,172,3420000,6,oliy,13
A001766,Normatov Shahzoda,F,29,Buxoro,IT,113,3650000,2,oliy,82
A001767,Sharipov Dildora,F,43,Navoiy,ishsiz,0,4830000,7,orta,66
A001768,Musayev Feruza,F,35,Xorazm,savdo,138,8220000,3,oliy,111
A001769,Saidov Otabek,M,44,Namangan,xususiy,160,2560000,1,oliy,47
A001770,Ismoilov Malika,F,37,Qoraqalpog'iston,savdo,124,7830000,6,oliy,85
A001771,Raximov Zarina,F,36,Namangan,xususiy,60,6690000,6,oliy,82
A001772,Xasanov Shahzoda,F,43,Xorazm,transport,159,6880000,6,orta_maxsus,49
A001773,Qodirov Gulnora,F,37,Surxondaryo,xususiy,170,4070000,3,orta,63
A001774,Abdullayev Kamron,M,30,Toshkent,xususiy,61,1210000,7,oliy,75
A001775,Sultonov Diyor,M,43,Farg'ona,savdo,9,3710000,3,orta,85
A001776,Normatov Shahzoda,F,24,Buxoro,o'z_ishi,157,2200000,7,oliy,117
A001777,Qurbonov Charos,F,34,Qoraqalpog'iston,IT,133,7570000,3,oliy,32
A001778,Xasanov Davron,M,53,Jizzax,transport,101,2970000,4,orta_maxsus,27
A001779,Mirzayev Rustam,M,28,Qashqadaryo,xususiy,158,6750000,2,orta_maxsus,3
A001780,Musayev Nodir,M,25,Sirdaryo,xususiy,78,7760000,6,orta_maxsus,8
A001781,Ravshanov Islom,M,28,Jizzax,qurilish,23,2710000,1,oliy,8
A001782,Ravshanov Sevara,F,21,Sirdaryo,xususiy,134,8220000,6,orta,75
A001783,Xudoyberdiyev Malika,F,45,Buxoro,byudjet,97,2880000,3,oliy,16
A001784,Ismoilov Javohir,M,49,Buxoro,qurilish,61,16810000,3,orta,54
A001785,Xolmatov Umid,M,31,Namangan,byudjet,37,4570000,3,oliy,17
A001786,Sharipov Javohir,M,41,Sirdaryo,o'z_ishi,5,3860000,3,orta_maxsus,119
A001787,Karimov Feruza,F,25,Toshkent,xususiy,108,3690000,2,orta,57
A001788,Karimov Mohira,F,36,Xorazm,xususiy,138,4200000,1,orta_maxsus,10
A001789,Karimov Feruza,F,50,Farg'ona,savdo,81,2000000,1,oliy,73
A001790,Rahimov Aziza,F,22,Namangan,xususiy,150,10000000,5,oliy,43
A001791,Nazarov Farrux,M,36,Jizzax,qurilish,109,4450000,1,oliy,15
A001792,Abdullayev Nodir,M,42,Xorazm,IT,128,8720000,2,orta_maxsus,91
A001793,Sattorov Sevara,F,59,Namangan,IT,152,30300000,3,orta_maxsus,107
A001794,Bekmurodov Davron,M,21,Buxoro,o'z_ishi,103,3810000,4,orta_maxsus,106
A001795,Jo'rayev Shahzoda,F,23,Sirdaryo,savdo,45,5930000,1,oliy,110
A001796,Toshmatov Sabina,F,35,Andijon,byudjet,166,16120000,3,oliy,42
A001797,Abdullayev Shohruh,M,44,Buxoro,ishsiz,0,5660000,3,oliy,40
A001798,Nazarov Charos,F,30,Namangan,IT,44,1110000,2,orta,15
A001799,G'ulomov Malika,F,25,Buxoro,xususiy,72,9670000,5,oliy,87
A001800,Xudoyberdiyev Sabina,F,58,Qashqadaryo,xususiy,7,5960000,2,orta_maxsus,38
A001801,Yo'ldoshev Gulnora,F,38,Sirdaryo,xususiy,25,4840000,1,oliy,35
A001802,Normatov Dildora,F,63,Toshkent,xususiy,70,5430000,1,orta,36
A001803,G'ulomov Dilnoza,F,21,Samarqand,qurilish,7,5500000,1,orta,1
A001804,Normatov Lola,F,34,Andijon,IT,42,4860000,3,orta,36
A001805,Ergashev Nurbek,M,26,Xorazm,savdo,69,3400000,5,oliy,11
A001806,Bekmurodov Mohira,F,38,Navoiy,o'z_ishi,121,5800000,6,orta,75
A001807,Qurbonov Zarina,F,28,Xorazm,transport,173,3070000,5,oliy,97
A001808,Qodirov Zafar,M,42,Qoraqalpog'iston,savdo,4,2930000,2,oliy,38
A001809,Hamidov Shahzoda,F,38,Sirdaryo,byudjet,141,3210000,1,orta,53
A001810,Mirzayev Nozima,F,22,Buxoro,xususiy,63,3400000,2,orta_maxsus,120
A001811,Jo'rayev Madina,F,50,Samarqand,xususiy,11,2650000,3,orta,94
A001812,Saidov Shahzoda,F,59,Namangan,byudjet,165,3490000,7,orta,7
A001813,Yo'ldoshev Zarina,F,21,Toshkent,savdo,46,3090000,3,oliy,65
A001814,Xasanov Dilnoza,F,22,Farg'ona,savdo,109,9820000,3,orta_maxsus,8
A001815,Sattorov Sevara,F,42,Samarqand,xususiy,177,2940000,1,oliy,12
A001816,Sultonov Kamola,F,60,Samarqand,savdo,118,3780000,1,oliy,34
A001817,Aliyev Bekzod,M,53,Samarqand,qurilish,158,4060000,5,orta,49
A001818,Rahimov Doston,M,56,Surxondaryo,savdo,15,7710000,4,orta,59
A001819,Musayev Dildora,F,47,Andijon,byudjet,57,4170000,7,orta,93
A001820,Xolmatov Dildora,F,60,Samarqand,xususiy,128,4730000,6,orta,81
A001821,Tursunov Rustam,M,54,Jizzax,savdo,107,7590000,2,orta,118
A001822,Qodirov Nilufar,F,55,Andijon,ishsiz,0,4300000,4,orta,1
A001823,Raximov Islom,M,53,Jizzax,xususiy,149,4410000,4,orta,65
A001824,Qodirov Nozima,F,30,Toshkent,IT,58,860000,3,orta_maxsus,5
A001825,Hamidov Charos,F,31,Xorazm,savdo,100,880000,5,orta,59
A001826,Karimov Nargiza,F,37,Namangan,savdo,148,4500000,4,oliy,8
A001827,Umarov Alisher,M,49,Namangan,xususiy,135,5220000,6,oliy,40
A001828,Qodirov Nilufar,F,63,Qashqadaryo,byudjet,155,5700000,6,orta,115
A001829,Ravshanov Nodir,M,59,Sirdaryo,savdo,75,11440000,5,oliy,3
A001830,Qodirov Elyor,M,22,Qoraqalpog'iston,xususiy,88,4290000,7,orta_maxsus,46
A001831,Karimov Lola,F,27,Qashqadaryo,xususiy,76,7520000,7,orta,64
A001832,Ravshanov Shohruh,M,42,Qoraqalpog'iston,byudjet,72,5120000,5,oliy,86
A001833,Tursunov Nurbek,M,61,Farg'ona,xususiy,108,3830000,7,orta_maxsus,9
A001834,Xudoyberdiyev Oybek,M,48,Qashqadaryo,IT,130,4300000,2,orta_maxsus,113
A001835,Tursunov Anvar,M,35,Qashqadaryo,IT,78,11390000,1,orta,64
A001836,Yo'ldoshev Shohruh,M,41,Samarqand,savdo,117,4140000,1,orta_maxsus,34
A001837,Nazarov Otabek,M,54,Samarqand,savdo,15,8520000,1,orta_maxsus,116
A001838,Musayev Otabek,M,51,Andijon,xususiy,0,2400000,2,orta_maxsus,88
A001839,Xudoyberdiyev Behruz,M,59,Samarqand,o'z_ishi,96,2140000,3,oliy,86
A001840,Musayev Nargiza,F,63,Surxondaryo,transport,162,4080000,5,oliy,45
A001841,Nurmatov Nozima,F,48,Surxondaryo,xususiy,42,4350000,5,orta,17
A001842,Hamidov Charos,F,38,Navoiy,byudjet,48,6270000,4,orta,47
A001843,Rahimov Otabek,M,51,Andijon,xususiy,7,3310000,5,orta,64
A001844,Yo'ldoshev Muslima,F,61,Surxondaryo,xususiy,109,16670000,4,orta,72
A001845,Yusupov Sanjar,M,39,Andijon,xususiy,143,13240000,3,orta,33
A001846,Yusupov Ulugbek,M,51,Farg'ona,qurilish,40,4650000,4,orta_maxsus,59
A001847,Hamidov Davron,M,22,Sirdaryo,savdo,3,6260000,3,orta,119
A001848,Yusupov Charos,F,61,Sirdaryo,byudjet,27,8020000,1,orta,77
A001849,Ochilov Diyor,M,35,Buxoro,xususiy,75,4400000,2,oliy,25
A001850,Ochilov Behruz,M,56,Andijon,o'z_ishi,28,3550000,3,orta,29
A001851,Sharipov Aziz,M,45,Jizzax,qurilish,33,12250000,4,orta,106
A001852,Egamberdiyev Alisher,M,42,Toshkent,transport,10,2290000,4,orta_maxsus,109
A001853,Raximov Elyor,M,58,Qashqadaryo,savdo,42,16370000,3,oliy,57
A001854,Xolmatov Nozima,F,38,Farg'ona,ishsiz,0,6980000,3,orta_maxsus,7
A001855,Toshmatov Islom,M,49,Qoraqalpog'iston,xususiy,102,7510000,2,oliy,83
A001856,Xudoyberdiyev Nodir,M,24,Jizzax,ishsiz,0,850000,4,oliy,37
A001857,Rahimov Javohir,M,50,Buxoro,byudjet,47,3190000,7,orta_maxsus,90
A001858,Musayev Farrux,M,37,Buxoro,qurilish,36,9160000,6,oliy,36
A001859,Jo'rayev Jasur,M,49,Sirdaryo,transport,128,6710000,4,oliy,32
A001860,Toshmatov Charos,F,54,Samarqand,byudjet,108,2330000,6,orta_maxsus,37
A001861,Jo'rayev Elyor,M,45,Buxoro,byudjet,155,2840000,1,orta_maxsus,59
A001862,Xolmatov Gulnora,F,27,Buxoro,xususiy,105,7530000,2,oliy,45
A001863,Yusupov Mohira,F,44,Surxondaryo,byudjet,144,1870000,2,orta,9
A001864,Qurbonov Bekzod,M,38,Namangan,xususiy,175,5880000,5,orta_maxsus,41
A001865,Bekmurodov Nilufar,F,27,Farg'ona,qurilish,178,3990000,6,orta_maxsus,95
A001866,Xasanov Aziza,F,44,Buxoro,IT,55,2360000,2,orta,100
A001867,Qurbonov Sardor,M,26,Samarqand,byudjet,8,5460000,4,orta,7
A001868,Abdullayev Nilufar,F,38,Qoraqalpog'iston,xususiy,159,1800000,4,orta,50
A001869,Ergashev Elyor,M,47,Andijon,ishsiz,0,5080000,5,orta,47
A001870,Normatov Dilnoza,F,26,Sirdaryo,qurilish,34,3680000,3,orta_maxsus,101
A001871,Ismoilov Javohir,M,34,Farg'ona,byudjet,17,7530000,2,orta_maxsus,66
A001872,Normatov Nurbek,M,47,Qoraqalpog'iston,xususiy,129,1330000,5,oliy,82
A001873,Qodirov Aziz,M,30,Navoiy,byudjet,79,6730000,3,oliy,44
A001874,Tursunov Dilnoza,F,35,Jizzax,xususiy,126,4960000,3,orta_maxsus,118
A001875,Xolmatov Sabina,F,62,Jizzax,transport,87,5720000,5,orta_maxsus,7
A001876,Ergashev Nilufar,F,45,Navoiy,xususiy,67,3950000,5,orta_maxsus,6
A001877,Xudoyberdiyev Elyor,M,23,Xorazm,byudjet,121,3730000,4,orta,31
A001878,Tursunov Nargiza,F,27,Qoraqalpog'iston,byudjet,50,1430000,2,oliy,86
A001879,G'ulomov Doston,M,52,Navoiy,o'z_ishi,79,1720000,6,orta_maxsus,71
A001880,Xasanov Sevara,F,41,Qoraqalpog'iston,o'z_ishi,65,3080000,7,orta_maxsus,46
A001881,Ergashev Nozima,F,49,Toshkent,IT,145,12300000,5,orta_maxsus,8
A001882,Toshmatov Charos,F,26,Qashqadaryo,xususiy,174,11060000,1,orta,108
A001883,Mirzayev Zarina,F,60,Qashqadaryo,qurilish,57,6200000,7,oliy,48
A001884,Ismoilov Farrux,M,50,Samarqand,IT,146,2460000,4,orta,0
A001885,Rahimov Kamola,F,33,Sirdaryo,byudjet,125,1460000,6,oliy,34
A001886,Xudoyberdiyev Lola,F,25,Buxoro,transport,79,9920000,7,orta_maxsus,72
A001887,Nazarov Nodir,M,38,Surxondaryo,byudjet,147,3320000,2,orta,115
A001888,Saidov Feruza,F,63,Xorazm,IT,89,2970000,1,orta,79
A001889,Xolmatov Mirzo,M,42,Xorazm,byudjet,16,10130000,3,oliy,6
A001890,Raximov Ulugbek,M,23,Samarqand,IT,56,12860000,3,oliy,119
A001891,Abdullayev Madina,F,36,Xorazm,xususiy,8,1870000,2,oliy,95
A001892,Egamberdiyev Shahzoda,F,34,Toshkent,byudjet,82,9060000,2,orta_maxsus,80
A001893,Tursunov Nilufar,F,27,Buxoro,savdo,157,4280000,2,oliy,33
A001894,Raximov Bobur,M,62,Xorazm,xususiy,99,1690000,2,orta,24
A001895,Nazarov Behruz,M,39,Buxoro,IT,67,10770000,7,oliy,30
A001896,Ravshanov Zarina,F,41,Surxondaryo,ishsiz,0,3160000,1,orta_maxsus,33
A001897,Xasanov Nargiza,F,38,Samarqand,o'z_ishi,68,5760000,1,orta_maxsus,21
A001898,Hamidov Madina,F,23,Qashqadaryo,byudjet,83,3170000,3,orta_maxsus,79
A001899,Egamberdiyev Anvar,M,60,Andijon,xususiy,95,6320000,5,orta,6
A001900,Abdullayev Nargiza,F,51,Xorazm,xususiy,112,3910000,7,orta_maxsus,120
A001901,G'ulomov Dildora,F,61,Andijon,o'z_ishi,69,5970000,7,orta,32
A001902,Muhammadiyev Zarina,F,30,Navoiy,xususiy,54,10780000,2,oliy,17
A001903,Toshmatov Zarina,F,62,Buxoro,o'z_ishi,148,10600000,4,oliy,36
A001904,Nazarov Aziza,F,55,Qashqadaryo,byudjet,83,13970000,4,oliy,1
A001905,Nurmatov Aziza,F,37,Qoraqalpog'iston,byudjet,24,3390000,3,oliy,26
A001906,Ochilov Doston,M,61,Xorazm,xususiy,41,3110000,2,orta_maxsus,100
A001907,Rahimov Nargiza,F,62,Toshkent,savdo,100,2670000,7,orta_maxsus,31
A001908,Qodirov Muslima,F,51,Navoiy,xususiy,98,10760000,3,orta,24
A001909,Raximov Otabek,M,62,Xorazm,qurilish,164,5260000,4,oliy,80
A001910,Normatov Madina,F,56,Navoiy,o'z_ishi,139,7730000,4,orta_maxsus,85
A001911,Xasanov Shahzoda,F,58,Sirdaryo,xususiy,143,11720000,6,orta,95
A001912,Qodirov Rustam,M,44,Xorazm,o'z_ishi,68,2680000,3,orta,68
A001913,Xolmatov Jasur,M,49,Qashqadaryo,savdo,173,3860000,4,orta,49
A001914,Xasanov Javohir,M,35,Navoiy,xususiy,133,6430000,1,orta_maxsus,79
A001915,Yo'ldoshev Muslima,F,63,Navoiy,o'z_ishi,46,10840000,5,orta,102
A001916,Mirzayev Zarina,F,29,Qashqadaryo,xususiy,103,11490000,5,orta,51
A001917,Aliyev Madina,F,55,Toshkent,IT,77,2400000,4,orta,6
A001918,Xasanov Charos,F,31,Farg'ona,qurilish,118,3470000,3,orta_maxsus,14
A001919,Ergashev Javohir,M,22,Surxondaryo,qurilish,36,7720000,6,oliy,112
A001920,Normatov Ulugbek,M,29,Navoiy,xususiy,127,3910000,3,orta_maxsus,54
A001921,Bekmurodov Bobur,M,25,Buxoro,savdo,76,13490000,6,orta_maxsus,13
A001922,Xudoyberdiyev Feruza,F,43,Sirdaryo,IT,60,3150000,5,orta_maxsus,47
A001923,Xolmatov Mohira,F,38,Farg'ona,xususiy,110,1500000,3,orta,95
A001924,Hamidov Javohir,M,61,Navoiy,savdo,0,5820000,5,orta,27
A001925,Ismoilov Umid,M,28,Andijon,xususiy,109,5510000,5,orta,23
A001926,Jo'rayev Nodir,M,61,Toshkent,transport,67,5370000,4,oliy,55
A001927,Jo'rayev Farrux,M,49,Sirdaryo,transport,177,4820000,6,orta,2
A001928,Sultonov Shuhrat,M,49,Sirdaryo,savdo,81,2680000,1,orta_maxsus,48
A001929,Sattorov Malika,F,41,Farg'ona,IT,58,10090000,3,orta,91
A001930,Egamberdiyev Zarina,F,63,Samarqand,qurilish,29,3260000,2,oliy,61
A001931,Xasanov Shahzoda,F,52,Andijon,savdo,32,5740000,3,orta,117
A001932,Umarov Alisher,M,62,Namangan,xususiy,157,3930000,1,oliy,94
A001933,Ismoilov Shahzoda,F,58,Xorazm,savdo,125,10730000,7,orta,44
A001934,Xudoyberdiyev Aziza,F,31,Xorazm,xususiy,150,4190000,2,orta_maxsus,81
A001935,Ravshanov Umid,M,52,Qashqadaryo,xususiy,57,3710000,3,orta,1
A001936,Sultonov Nozima,F,61,Samarqand,xususiy,47,6250000,5,oliy,102
A001937,Yusupov Otabek,M,46,Andijon,IT,47,7190000,4,oliy,62
A001938,Nurmatov Mohira,F,55,Toshkent,IT,70,7230000,1,orta,87
A001939,Jo'rayev Sardor,M,49,Farg'ona,transport,22,4920000,5,orta_maxsus,84
A001940,Raximov Umid,M,37,Navoiy,xususiy,78,6340000,5,orta,59
A001941,Nurmatov Alisher,M,23,Qashqadaryo,savdo,142,6560000,6,orta,46
A001942,Normatov Elyor,M,61,Navoiy,IT,43,4260000,6,orta,55
A001943,Musayev Charos,F,23,Farg'ona,savdo,154,1810000,3,orta,41
A001944,Ergashev Diyor,M,31,Buxoro,byudjet,163,4360000,3,orta_maxsus,66
A001945,Sultonov Kamola,F,31,Xorazm,savdo,179,3040000,3,orta_maxsus,70
A001946,Umarov Ulugbek,M,37,Xorazm,xususiy,34,4110000,6,oliy,42
A001947,Abdullayev Lola,F,62,Jizzax,o'z_ishi,180,6230000,7,oliy,47
A001948,Hamidov Elyor,M,43,Toshkent,qurilish,140,12390000,1,orta_maxsus,74
A001949,Umarov Shohruh,M,51,Samarqand,xususiy,21,7550000,5,orta,18
A001950,Rahimov Umid,M,47,Xorazm,ishsiz,0,3950000,1,orta_maxsus,1
A001951,Abdullayev Oybek,M,53,Sirdaryo,xususiy,168,4940000,4,orta_maxsus,83
A001952,Umarov Nargiza,F,62,Namangan,byudjet,10,2390000,1,orta_maxsus,6
A001953,Ergashev Davron,M,60,Navoiy,transport,69,2770000,5,oliy,34
A001954,Qurbonov Otabek,M,50,Toshkent,qurilish,145,7300000,1,orta_maxsus,31
A001955,Qurbonov Dilnoza,F,49,Qashqadaryo,savdo,19,2050000,2,orta_maxsus,94
A001956,Yo'ldoshev Charos,F,39,Namangan,IT,37,13220000,1,orta,92
A001957,Xasanov Malika,F,63,Xorazm,xususiy,134,3980000,4,oliy,47
A001958,Karimov Charos,F,22,Sirdaryo,qurilish,120,2860000,6,orta,42
A001959,Egamberdiyev Davron,M,56,Farg'ona,byudjet,84,3170000,7,orta,72
A001960,Toshmatov Charos,F,23,Qoraqalpog'iston,IT,90,9070000,6,orta_maxsus,101
A001961,Qodirov Nurbek,M,63,Qoraqalpog'iston,xususiy,44,3400000,6,orta_maxsus,32
A001962,Abdullayev Malika,F,50,Toshkent,byudjet,37,8190000,3,orta_maxsus,89
A001963,Abdullayev Kamola,F,42,Samarqand,qurilish,169,1000000,5,oliy,72
A001964,Egamberdiyev Kamola,F,44,Toshkent,IT,140,3450000,4,orta,115
A001965,Saidov Sevara,F,21,Farg'ona,savdo,4,17460000,6,oliy,48
A001966,Musayev Shahzoda,F,53,Namangan,IT,57,10920000,2,orta,99
A001967,Aliyev Kamron,M,56,Qoraqalpog'iston,qurilish,78,6360000,3,orta,101
A001968,Hamidov Feruza,F,53,Navoiy,xususiy,168,10390000,7,orta_maxsus,63
A001969,Yo'ldoshev Zilola,F,26,Sirdaryo,transport,55,3900000,6,orta,11
A001970,Yusupov Charos,F,33,Qashqadaryo,IT,130,720000,6,orta,85
A001971,Yusupov Diyor,M,31,Qoraqalpog'iston,xususiy,44,7400000,2,oliy,95
A001972,Karimov Mirzo,M,52,Sirdaryo,savdo,161,2540000,5,orta_maxsus,58
A001973,Xolmatov Doston,M,46,Qashqadaryo,byudjet,136,12790000,4,oliy,39
A001974,Abdullayev Charos,F,49,Namangan,IT,68,1890000,2,orta,86
A001975,Yusupov Islom,M,37,Xorazm,xususiy,75,3270000,2,oliy,115
A001976,Normatov Shahzoda,F,23,Sirdaryo,xususiy,169,6350000,5,orta_maxsus,25
A001977,Xasanov Aziz,M,36,Andijon,savdo,11,16330000,6,oliy,0
A001978,Egamberdiyev Akmal,M,40,Namangan,xususiy,138,4120000,6,oliy,103
A001979,Sharipov Oybek,M,25,Jizzax,qurilish,179,7930000,7,orta_maxsus,83
A001980,Ergashev Diyor,M,45,Qoraqalpog'iston,IT,171,3960000,4,oliy,34
A001981,Umarov Anvar,M,41,Namangan,qurilish,180,5160000,7,orta,118
A001982,Musayev Bekzod,M,41,Toshkent,savdo,112,6170000,3,orta,68
A001983,Rahimov Timur,M,38,Toshkent,ishsiz,0,5060000,7,oliy,6
A001984,Nazarov Nilufar,F,33,Samarqand,o'z_ishi,53,4740000,5,oliy,19
A001985,Raximov Gulnora,F,44,Xorazm,xususiy,80,21530000,5,orta_maxsus,12
A001986,Toshmatov Nilufar,F,35,Buxoro,savdo,125,7190000,6,orta_maxsus,0
A001987,Xudoyberdiyev Nilufar,F,27,Namangan,qurilish,102,1790000,4,orta_maxsus,25
A001988,Ravshanov Nilufar,F,36,Buxoro,byudjet,2,7110000,3,oliy,9
A001989,Abdullayev Nozima,F,61,Qashqadaryo,transport,3,2280000,5,orta,42
A001990,Yo'ldoshev Malika,F,24,Samarqand,xususiy,123,7740000,4,oliy,114
A001991,Muhammadiyev Shohruh,M,40,Surxondaryo,xususiy,23,1160000,4,orta,99
A001992,Abdullayev Zilola,F,55,Qashqadaryo,xususiy,82,2300000,5,orta_maxsus,64
A001993,Toshmatov Nozima,F,62,Toshkent,transport,102,9960000,6,oliy,86
A001994,Qurbonov Kamron,M,62,Namangan,qurilish,28,6840000,4,oliy,31
A001995,Xasanov Islom,M,52,Toshkent,o'z_ishi,116,2630000,1,oliy,63
A001996,Ravshanov Malika,F,51,Andijon,byudjet,93,4050000,7,oliy,80
A001997,Normatov Nilufar,F,54,Xorazm,transport,85,4940000,6,orta,105
A001998,Boboyev Davron,M,39,Farg'ona,xususiy,7,7120000,3,orta,54
A001999,Musayev Madina,F,39,Navoiy,byudjet,142,2220000,1,orta,24
A002000,G'ulomov Nozima,F,30,Farg'ona,ishsiz,0,4160000,7,orta_maxsus,26
A002001,Xasanov Charos,F,24,Samarqand,byudjet,176,9000000,6,orta_maxsus,93
A002002,Umarov Sabina,F,57,Namangan,xususiy,59,1790000,5,orta,103
A002003,Hamidov Lola,F,61,Navoiy,transport,44,4470000,7,orta_maxsus,113
A002004,Hamidov Nilufar,F,63,Navoiy,byudjet,74,14300000,4,orta,67
A002005,Egamberdiyev Jasur,M,48,Samarqand,xususiy,165,5490000,1,orta_maxsus,22
A002006,Sharipov Gulnora,F,31,Jizzax,IT,84,8800000,5,oliy,13
A002007,Xolmatov Muslima,F,34,Qashqadaryo,IT,85,5190000,4,orta,104
A002008,Xolmatov Kamola,F,36,Namangan,xususiy,107,7900000,5,orta,78
A002009,Musayev Mohira,F,30,Surxondaryo,byudjet,66,5550000,4,oliy,98
A002010,Abdullayev Bekzod,M,49,Qashqadaryo,byudjet,56,3230000,3,oliy,90
A002011,Raximov Aziz,M,39,Samarqand,xususiy,121,6000000,5,oliy,84
A002012,Xudoyberdiyev Sardor,M,30,Samarqand,xususiy,102,7530000,7,oliy,110
A002013,Muhammadiyev Kamola,F,33,Sirdaryo,xususiy,154,4430000,5,oliy,111
A002014,Musayev Farrux,M,60,Qoraqalpog'iston,byudjet,82,3140000,3,orta_maxsus,109
A002015,Sattorov Diyor,M,35,Farg'ona,qurilish,10,5400000,1,oliy,18
A002016,Karimov Nilufar,F,34,Namangan,IT,13,7050000,6,oliy,100
A002017,G'ulomov Gulnora,F,56,Namangan,xususiy,160,11540000,2,orta,7
A002018,Ravshanov Charos,F,34,Surxondaryo,savdo,151,2000000,1,orta,102
A002019,Bekmurodov Zilola,F,53,Buxoro,o'z_ishi,84,7510000,1,orta,58
A002020,Rahimov Mirzo,M,56,Qoraqalpog'iston,transport,7,4880000,3,orta_maxsus,11
A002021,Yo'ldoshev Behruz,M,28,Surxondaryo,ishsiz,0,5810000,1,orta,70
A002022,Ochilov Sabina,F,25,Sirdaryo,o'z_ishi,167,7300000,6,orta_maxsus,108
A002023,Qurbonov Kamola,F,44,Samarqand,byudjet,143,4790000,7,orta,95
A002024,Sultonov Davron,M,35,Farg'ona,byudjet,68,2410000,6,orta_maxsus,17
A002025,Nazarov Umid,M,27,Qashqadaryo,xususiy,144,2370000,5,orta,50
A002026,Ochilov Gulnora,F,59,Xorazm,qurilish,27,3420000,1,oliy,47
A002027,Ochilov Charos,F,59,Surxondaryo,savdo,168,4240000,6,orta,57
A002028,Qodirov Behruz,M,62,Toshkent,qurilish,149,2510000,3,oliy,72
A002029,Xolmatov Dildora,F,45,Samarqand,savdo,148,8740000,1,orta,36
A002030,Jo'rayev Zilola,F,22,Qashqadaryo,qurilish,162,2320000,5,oliy,115
A002031,Egamberdiyev Nodir,M,21,Qoraqalpog'iston,qurilish,64,1840000,3,orta_maxsus,92
A002032,Karimov Javohir,M,35,Farg'ona,byudjet,137,1690000,4,orta,11
A002033,Saidov Bekzod,M,43,Buxoro,xususiy,79,11520000,4,orta,6
A002034,Sattorov Nilufar,F,27,Samarqand,qurilish,100,7120000,5,orta,0
A002035,Muhammadiyev Behruz,M,41,Namangan,savdo,179,2810000,7,oliy,45
A002036,Toshmatov Elyor,M,44,Farg'ona,xususiy,82,2680000,6,orta,80
A002037,Xasanov Rustam,M,32,Andijon,transport,5,2340000,6,orta,88
A002038,Ergashev Behruz,M,26,Qashqadaryo,qurilish,27,12950000,4,oliy,85
A002039,Saidov Rustam,M,54,Xorazm,byudjet,5,4990000,7,orta_maxsus,30
A002040,Rahimov Otabek,M,47,Xorazm,transport,58,4010000,7,oliy,49
A002041,Nazarov Diyor,M,62,Buxoro,byudjet,86,6540000,7,oliy,88
A002042,Ochilov Bobur,M,62,Xorazm,xususiy,90,2090000,7,oliy,40
A002043,Hamidov Zarina,F,50,Navoiy,IT,70,6750000,5,orta_maxsus,41
A002044,Xolmatov Diyor,M,62,Surxondaryo,IT,170,5110000,6,oliy,58
A002045,Karimov Charos,F,47,Qoraqalpog'iston,o'z_ishi,45,2970000,7,orta_maxsus,105
A002046,Aliyev Nozima,F,26,Samarqand,xususiy,64,2100000,1,oliy,43
A002047,Yo'ldoshev Sardor,M,22,Andijon,xususiy,63,2020000,3,oliy,107
A002048,Saidov Dildora,F,32,Namangan,xususiy,8,6600000,7,orta,101
A002049,Aliyev Malika,F,41,Xorazm,transport,117,4770000,1,oliy,86
A002050,Yusupov Sabina,F,52,Qoraqalpog'iston,savdo,148,7060000,4,orta_maxsus,67
A002051,Raximov Sardor,M,41,Surxondaryo,savdo,171,3400000,6,orta,86
A002052,G'ulomov Feruza,F,63,Sirdaryo,qurilish,91,7350000,6,orta_maxsus,120
A002053,Qodirov Kamron,M,34,Sirdaryo,byudjet,4,4100000,7,orta_maxsus,46
A002054,Sattorov Charos,F,46,Navoiy,savdo,84,1660000,3,oliy,68
A002055,Xudoyberdiyev Islom,M,53,Farg'ona,byudjet,79,2500000,3,orta_maxsus,76
A002056,Raximov Diyor,M,37,Qoraqalpog'iston,xususiy,45,8360000,2,oliy,63
A002057,Ravshanov Aziza,F,27,Navoiy,IT,15,6020000,6,oliy,94
A002058,Nurmatov Umid,M,63,Jizzax,IT,28,7430000,1,orta,90
A002059,Saidov Sanjar,M,48,Andijon,xususiy,29,2370000,4,orta_maxsus,17
A002060,Raximov Akmal,M,53,Surxondaryo,qurilish,167,3470000,7,orta,85
A002061,Yusupov Behruz,M,32,Qashqadaryo,IT,69,2250000,4,orta_maxsus,51
A002062,Rahimov Timur,M,60,Buxoro,xususiy,105,8450000,6,orta_maxsus,62
A002063,Nurmatov Nurbek,M,35,Andijon,xususiy,166,6600000,6,orta_maxsus,60
A002064,Normatov Nozima,F,23,Andijon,savdo,12,11470000,6,orta,106
A002065,Yo'ldoshev Madina,F,21,Qashqadaryo,xususiy,94,5640000,3,orta_maxsus,20
A002066,Normatov Davron,M,41,Qoraqalpog'iston,xususiy,9,6880000,2,orta,72
A002067,Xolmatov Gulnora,F,57,Namangan,xususiy,144,3590000,3,orta_maxsus,0
A002068,Jo'rayev Malika,F,35,Farg'ona,xususiy,159,4160000,7,orta_maxsus,45
A002069,Tursunov Shahzoda,F,38,Andijon,IT,152,2590000,2,orta,16
A002070,Sultonov Zarina,F,50,Buxoro,xususiy,39,2220000,2,oliy,73
A002071,Muhammadiyev Nurbek,M,53,Qoraqalpog'iston,transport,86,5140000,3,oliy,111
A002072,Egamberdiyev Madina,F,54,Navoiy,xususiy,49,8120000,5,oliy,70
A002073,Toshmatov Nilufar,F,44,Qoraqalpog'iston,qurilish,149,6760000,4,orta,47
A002074,Jo'rayev Dildora,F,61,Farg'ona,qurilish,153,7180000,2,orta,91
A002075,Qodirov Muslima,F,63,Andijon,transport,86,4760000,7,orta_maxsus,29
A002076,Xasanov Oybek,M,39,Sirdaryo,byudjet,4,2670000,1,orta_maxsus,25
A002077,G'ulomov Madina,F,61,Jizzax,qurilish,48,3360000,1,orta,81
A002078,Tursunov Shahzoda,F,30,Samarqand,xususiy,147,4420000,5,orta,19
A002079,Sultonov Feruza,F,37,Sirdaryo,xususiy,54,7950000,3,orta,108
A002080,Mirzayev Doston,M,56,Buxoro,IT,112,2600000,4,oliy,90
A002081,Xasanov Farrux,M,51,Buxoro,xususiy,159,1520000,6,oliy,5
A002082,Normatov Aziza,F,63,Sirdaryo,byudjet,55,4620000,1,orta_maxsus,29
A002083,Xasanov Shahzoda,F,47,Qoraqalpog'iston,byudjet,158,7710000,6,orta,33
A002084,Ochilov Behruz,M,57,Qashqadaryo,byudjet,7,4090000,1,oliy,23
A002085,Yo'ldoshev Feruza,F,56,Navoiy,savdo,92,6850000,5,orta,72
A002086,Aliyev Nilufar,F,28,Qashqadaryo,transport,59,10690000,5,oliy,51
A002087,Egamberdiyev Rustam,M,25,Andijon,savdo,152,11580000,1,orta,104
A002088,Yusupov Rustam,M,25,Andijon,xususiy,54,5570000,3,oliy,81
A002089,Normatov Sanjar,M,24,Xorazm,qurilish,100,2510000,3,orta,12
A002090,Xolmatov Akmal,M,26,Farg'ona,savdo,125,3190000,6,orta,87
A002091,Muhammadiyev Anvar,M,45,Surxondaryo,xususiy,44,1790000,3,orta,35
A002092,Boboyev Sabina,F,33,Namangan,savdo,36,1770000,5,oliy,1
A002093,Xudoyberdiyev Otabek,M,27,Surxondaryo,savdo,13,2750000,3,oliy,62
A002094,Ergashev Diyor,M,55,Andijon,xususiy,66,3410000,7,orta_maxsus,26
A002095,Jo'rayev Gulnora,F,39,Xorazm,o'z_ishi,46,7670000,5,orta_maxsus,77
A002096,Boboyev Sanjar,M,62,Qoraqalpog'iston,IT,80,3490000,1,orta_maxsus,47
A002097,Aliyev Javohir,M,21,Sirdaryo,xususiy,176,1290000,3,orta_maxsus,57
A002098,Nazarov Nurbek,M,28,Qoraqalpog'iston,transport,128,2340000,6,orta,102
A002099,Qodirov Bekzod,M,54,Surxondaryo,IT,124,9260000,6,orta_maxsus,20
A002100,Musayev Alisher,M,25,Namangan,o'z_ishi,83,3860000,3,oliy,43
A002101,Aliyev Malika,F,26,Toshkent,xususiy,88,6990000,6,oliy,70
A002102,Ochilov Nilufar,F,36,Toshkent,savdo,166,3790000,6,orta,114
A002103,Nurmatov Nilufar,F,44,Farg'ona,xususiy,133,2940000,5,orta,48
A002104,Xudoyberdiyev Doston,M,29,Xorazm,IT,59,7510000,2,orta,16
A002105,Xudoyberdiyev Sabina,F,28,Andijon,byudjet,3,27830000,6,orta,40
A002106,Raximov Aziza,F,59,Sirdaryo,byudjet,13,5310000,2,orta_maxsus,50
A002107,Rahimov Bobur,M,29,Xorazm,o'z_ishi,104,1980000,6,oliy,22
A002108,Boboyev Behruz,M,27,Toshkent,byudjet,86,3110000,2,oliy,62
A002109,Sharipov Aziza,F,25,Samarqand,qurilish,59,1680000,3,oliy,70
A002110,Qodirov Malika,F,21,Namangan,transport,114,2470000,1,oliy,17
A002111,Bekmurodov Dildora,F,35,Toshkent,xususiy,59,2500000,3,oliy,54
A002112,Karimov Madina,F,54,Qashqadaryo,IT,1,5050000,6,orta_maxsus,110
A002113,Xolmatov Charos,F,63,Navoiy,savdo,127,2820000,4,oliy,111
A002114,Toshmatov Feruza,F,60,Surxondaryo,qurilish,116,4810000,1,orta_maxsus,118
A002115,Jo'rayev Aziza,F,32,Xorazm,byudjet,85,7270000,2,oliy,99
A002116,G'ulomov Nodir,M,53,Namangan,byudjet,165,2210000,2,oliy,111
A002117,Ochilov Nodir,M,45,Qashqadaryo,xususiy,138,3690000,3,oliy,89
A002118,Aliyev Anvar,M,59,Navoiy,xususiy,89,2140000,4,orta_maxsus,41
A002119,Ochilov Nilufar,F,62,Sirdaryo,byudjet,28,2630000,6,orta_maxsus,43
A002120,Jo'rayev Nodir,M,34,Surxondaryo,xususiy,50,19250000,4,oliy,36
A002121,Xasanov Sevara,F,46,Xorazm,savdo,24,2700000,6,orta,22
A002122,Hamidov Farrux,M,55,Andijon,o'z_ishi,148,5800000,4,orta_maxsus,97
A002123,G'ulomov Timur,M,40,Andijon,savdo,70,4260000,6,oliy,48
A002124,Raximov Bekzod,M,45,Andijon,xususiy,166,1950000,2,orta_maxsus,21
A002125,Tursunov Mohira,F,53,Buxoro,xususiy,75,3500000,3,orta_maxsus,35
A002126,Yo'ldoshev Muslima,F,55,Namangan,savdo,8,2500000,6,oliy,29
A002127,Rahimov Bekzod,M,35,Samarqand,xususiy,2,3650000,5,orta_maxsus,67
A002128,Qurbonov Shahzoda,F,41,Farg'ona,savdo,119,25070000,1,oliy,49
A002129,Xolmatov Sanjar,M,58,Surxondaryo,qurilish,34,3590000,5,orta,19
A002130,Normatov Lola,F,40,Jizzax,savdo,51,3650000,1,orta,69
A002131,Qodirov Zilola,F,34,Xorazm,ishsiz,0,5780000,7,orta_maxsus,114
A002132,Hamidov Dilnoza,F,30,Navoiy,savdo,49,6080000,6,oliy,40
A002133,Karimov Kamron,M,34,Farg'ona,xususiy,122,5480000,5,orta,48
A002134,Sultonov Farrux,M,54,Xorazm,o'z_ishi,177,4150000,4,oliy,57
A002135,Aliyev Kamron,M,51,Andijon,qurilish,45,2040000,7,orta,25
A002136,Raximov Sabina,F,28,Surxondaryo,qurilish,90,8880000,1,oliy,71
A002137,Ismoilov Muslima,F,38,Qoraqalpog'iston,byudjet,108,6930000,1,orta,86
A002138,Boboyev Sabina,F,36,Buxoro,xususiy,106,3330000,1,orta_maxsus,68
A002139,Toshmatov Zilola,F,35,Qoraqalpog'iston,transport,81,3030000,3,orta,57
A002140,Qodirov Ulugbek,M,58,Farg'ona,savdo,29,1370000,7,orta,119
A002141,Umarov Timur,M,22,Navoiy,qurilish,102,4290000,3,orta_maxsus,40
A002142,Qurbonov Gulnora,F,38,Qoraqalpog'iston,xususiy,62,2670000,2,orta_maxsus,88
A002143,Ismoilov Sabina,F,44,Farg'ona,qurilish,95,7360000,1,oliy,2
A002144,Ismoilov Malika,F,27,Andijon,transport,159,7090000,1,orta,119
A002145,Raximov Javohir,M,33,Surxondaryo,qurilish,98,3950000,6,orta,85
A002146,Ochilov Feruza,F,57,Farg'ona,transport,58,5610000,2,orta_maxsus,75
A002147,Rahimov Davron,M,28,Surxondaryo,savdo,56,4240000,7,orta_maxsus,104
A002148,Rahimov Farrux,M,46,Sirdaryo,qurilish,47,11120000,5,orta,94
A002149,Sultonov Lola,F,45,Samarqand,IT,96,6320000,5,orta,81
A002150,Sharipov Dildora,F,56,Toshkent,byudjet,97,4220000,4,orta,61
A002151,Egamberdiyev Shohruh,M,26,Samarqand,byudjet,100,5090000,7,orta,90
A002152,Raximov Charos,F,52,Surxondaryo,xususiy,76,6440000,5,orta,91
A002153,Xasanov Gulnora,F,30,Namangan,o'z_ishi,60,4740000,5,oliy,91
A002154,Ochilov Anvar,M,44,Samarqand,byudjet,141,3740000,4,orta,28
A002155,Ergashev Lola,F,55,Xorazm,savdo,83,5470000,2,oliy,30
A002156,Boboyev Shohruh,M,45,Samarqand,IT,123,6820000,5,oliy,0
A002157,Toshmatov Mohira,F,53,Xorazm,transport,170,4190000,5,oliy,103
A002158,Umarov Feruza,F,47,Namangan,qurilish,27,1120000,6,orta_maxsus,64
A002159,Ismoilov Zilola,F,24,Xorazm,xususiy,139,870000,3,orta,43
A002160,Qurbonov Farrux,M,42,Sirdaryo,xususiy,100,2740000,1,oliy,49
A002161,Yusupov Sevara,F,46,Toshkent,xususiy,31,1970000,7,oliy,107
A002162,Rahimov Gulnora,F,63,Sirdaryo,byudjet,172,2220000,5,orta_maxsus,28
A002163,Egamberdiyev Ulugbek,M,25,Toshkent,transport,5,2750000,2,orta,38
A002164,Sharipov Lola,F,44,Qashqadaryo,xususiy,150,2930000,7,oliy,23
A002165,Muhammadiyev Shuhrat,M,44,Toshkent,qurilish,5,2090000,4,orta,114
A002166,Xolmatov Lola,F,56,Jizzax,IT,84,2490000,4,oliy,47
A002167,Bekmurodov Oybek,M,25,Buxoro,qurilish,74,2540000,1,orta,26
A002168,Boboyev Sevara,F,34,Navoiy,xususiy,125,2350000,1,orta,53
A002169,Umarov Shuhrat,M,32,Buxoro,xususiy,167,1440000,7,orta_maxsus,42
A002170,Xolmatov Elyor,M,59,Andijon,byudjet,74,2400000,5,orta_maxsus,107
A002171,Aliyev Oybek,M,61,Sirdaryo,o'z_ishi,134,3800000,6,orta_maxsus,119
A002172,Mirzayev Timur,M,28,Qashqadaryo,xususiy,176,6770000,2,oliy,39
A002173,Tursunov Davron,M,33,Qashqadaryo,xususiy,30,4210000,7,orta_maxsus,26
A002174,Muhammadiyev Malika,F,35,Qashqadaryo,o'z_ishi,143,1590000,5,orta,15
A002175,Nurmatov Mirzo,M,42,Farg'ona,byudjet,27,4000000,4,orta_maxsus,45
A002176,Sattorov Kamola,F,29,Sirdaryo,xususiy,115,2890000,4,orta,104
A002177,Tursunov Kamola,F,27,Sirdaryo,IT,120,2120000,1,orta,38
A002178,Toshmatov Oybek,M,35,Buxoro,savdo,172,6860000,4,orta,112
A002179,Musayev Aziz,M,57,Farg'ona,xususiy,101,4710000,7,oliy,30
A002180,Xasanov Javohir,M,52,Toshkent,savdo,73,4380000,2,oliy,105
A002181,Karimov Mirzo,M,35,Qoraqalpog'iston,o'z_ishi,115,2930000,1,orta,96
A002182,Musayev Nargiza,F,55,Andijon,qurilish,92,4220000,6,oliy,79
A002183,Karimov Diyor,M,39,Xorazm,IT,156,1650000,1,orta_maxsus,95
A002184,Xolmatov Sanjar,M,46,Samarqand,qurilish,178,11200000,6,orta_maxsus,110
A002185,Ismoilov Ulugbek,M,30,Qashqadaryo,transport,171,16400000,5,oliy,108
A002186,Rahimov Akmal,M,53,Navoiy,byudjet,148,3620000,4,orta_maxsus,30
A002187,Bekmurodov Muslima,F,27,Samarqand,savdo,97,2670000,5,orta,83
A002188,Sultonov Umid,M,51,Namangan,o'z_ishi,92,10670000,7,orta,114
A002189,Mirzayev Shahzoda,F,29,Buxoro,xususiy,118,5040000,5,orta_maxsus,116
A002190,Sultonov Nilufar,F,31,Buxoro,byudjet,59,6580000,4,orta,20
A002191,Yo'ldoshev Nargiza,F,58,Namangan,byudjet,21,7600000,3,orta_maxsus,27
A002192,Sultonov Alisher,M,30,Namangan,xususiy,76,14320000,3,orta,44
A002193,Yusupov Ulugbek,M,39,Farg'ona,IT,10,7450000,6,oliy,53
A002194,G'ulomov Mohira,F,23,Buxoro,qurilish,106,7070000,5,orta_maxsus,95
A002195,Musayev Zarina,F,25,Qoraqalpog'iston,xususiy,122,10120000,1,oliy,99
A002196,Muhammadiyev Zafar,M,46,Sirdaryo,xususiy,85,1160000,3,orta,47
A002197,Normatov Jasur,M,63,Jizzax,o'z_ishi,17,12320000,6,orta_maxsus,28
A002198,Muhammadiyev Nargiza,F,25,Samarqand,qurilish,64,4170000,6,orta,68
A002199,Yusupov Aziz,M,35,Jizzax,xususiy,85,3690000,5,oliy,38
A002200,Muhammadiyev Doston,M,52,Qoraqalpog'iston,qurilish,90,2640000,3,oliy,89
A002201,Nurmatov Elyor,M,62,Namangan,o'z_ishi,171,12780000,4,oliy,90
A002202,Tursunov Shohruh,M,41,Qoraqalpog'iston,qurilish,37,3440000,6,oliy,19
A002203,Nazarov Kamron,M,47,Toshkent,xususiy,156,3110000,6,orta,25
A002204,Ergashev Islom,M,52,Surxondaryo,xususiy,110,2210000,2,orta,105
A002205,Musayev Elyor,M,56,Surxondaryo,o'z_ishi,152,3030000,4,orta_maxsus,104
A002206,Nurmatov Aziza,F,58,Buxoro,xususiy,73,3880000,2,orta_maxsus,116
A002207,Toshmatov Bekzod,M,57,Navoiy,xususiy,161,1430000,2,orta,53
A002208,Raximov Farrux,M,43,Farg'ona,xususiy,24,15290000,3,oliy,1
A002209,Qurbonov Shuhrat,M,35,Namangan,o'z_ishi,38,3100000,6,oliy,71
A002210,Karimov Javohir,M,61,Navoiy,ishsiz,0,3810000,1,orta_maxsus,1
A002211,Qurbonov Kamola,F,34,Qashqadaryo,byudjet,94,14330000,6,orta,100
A002212,Yusupov Kamron,M,29,Andijon,o'z_ishi,161,3950000,6,orta,33
A002213,Qodirov Nargiza,F,25,Sirdaryo,xususiy,52,6110000,3,oliy,47
A002214,Qurbonov Akmal,M,57,Samarqand,IT,73,2840000,1,orta,68
A002215,Rahimov Sardor,M,56,Buxoro,qurilish,88,18630000,2,orta,115
A002216,Toshmatov Doston,M,34,Xorazm,byudjet,54,5760000,6,orta_maxsus,106
A002217,Qurbonov Sevara,F,21,Samarqand,transport,33,1620000,7,orta_maxsus,11
A002218,Jo'rayev Sevara,F,59,Namangan,byudjet,47,5840000,4,oliy,9
A002219,Xudoyberdiyev Dildora,F,38,Sirdaryo,xususiy,166,3830000,2,orta_maxsus,35
A002220,Toshmatov Kamola,F,58,Qashqadaryo,transport,62,1710000,5,orta_maxsus,53
A002221,Muhammadiyev Charos,F,40,Surxondaryo,transport,148,3080000,2,orta_maxsus,99
A002222,Ravshanov Behruz,M,59,Xorazm,savdo,51,5170000,1,oliy,90
A002223,Abdullayev Javohir,M,39,Navoiy,o'z_ishi,113,3660000,3,oliy,73
A002224,Ergashev Sardor,M,39,Namangan,byudjet,14,6880000,5,orta,89
A002225,Karimov Alisher,M,53,Qashqadaryo,qurilish,18,3640000,2,orta_maxsus,23
A002226,Normatov Feruza,F,59,Qoraqalpog'iston,xususiy,163,7960000,6,orta,51
A002227,Nazarov Nozima,F,40,Surxondaryo,qurilish,5,10380000,3,orta,4
A002228,Egamberdiyev Timur,M,38,Surxondaryo,qurilish,133,3430000,5,orta,45
A002229,Ismoilov Oybek,M,57,Sirdaryo,ishsiz,0,2420000,7,oliy,81
A002230,Nazarov Dildora,F,24,Xorazm,transport,7,14220000,3,orta,26
A002231,Sultonov Akmal,M,42,Xorazm,byudjet,1,6470000,5,orta_maxsus,37
A002232,Egamberdiyev Zilola,F,42,Toshkent,qurilish,91,2850000,1,orta_maxsus,64
A002233,Nurmatov Aziz,M,63,Buxoro,savdo,156,2420000,4,orta,21
A002234,Ravshanov Zafar,M,60,Samarqand,savdo,23,3160000,6,oliy,70
A002235,Xudoyberdiyev Javohir,M,23,Toshkent,xususiy,61,10190000,3,orta_maxsus,80
A002236,Jo'rayev Nurbek,M,45,Surxondaryo,byudjet,11,1420000,7,orta,106
A002237,Nurmatov Sabina,F,63,Farg'ona,byudjet,33,5920000,2,orta,116
A002238,Xasanov Javohir,M,28,Qoraqalpog'iston,xususiy,154,7920000,7,oliy,63
A002239,Hamidov Sanjar,M,39,Qoraqalpog'iston,qurilish,156,2610000,4,orta,67
A002240,Karimov Kamron,M,57,Jizzax,qurilish,1,5940000,7,orta,17
A002241,Yo'ldoshev Nodir,M,28,Namangan,qurilish,121,2890000,7,oliy,15
A002242,G'ulomov Malika,F,22,Samarqand,xususiy,27,5180000,3,oliy,106
A002243,Xudoyberdiyev Nilufar,F,62,Surxondaryo,savdo,178,1030000,4,orta,33
A002244,Ergashev Islom,M,52,Navoiy,o'z_ishi,82,2690000,2,orta,30
A002245,Xolmatov Shahzoda,F,58,Qoraqalpog'iston,xususiy,82,7310000,2,orta_maxsus,39
A002246,Jo'rayev Alisher,M,54,Namangan,xususiy,14,3020000,1,orta,22
A002247,Xudoyberdiyev Rustam,M,63,Andijon,o'z_ishi,45,690000,3,orta_maxsus,112
A002248,Muhammadiyev Feruza,F,42,Toshkent,IT,148,4190000,4,orta_maxsus,59
A002249,Abdullayev Zafar,M,36,Andijon,savdo,42,2970000,5,orta,103
A002250,Xudoyberdiyev Muslima,F,63,Toshkent,byudjet,70,1640000,1,orta,74
A002251,Yo'ldoshev Mohira,F,22,Navoiy,savdo,164,1720000,5,orta,58
A002252,Hamidov Shohruh,M,36,Andijon,xususiy,60,9770000,3,orta_maxsus,3
A002253,Qurbonov Sardor,M,41,Xorazm,qurilish,161,2360000,2,oliy,74
A002254,Ergashev Diyor,M,57,Jizzax,savdo,141,4460000,4,orta,74
A002255,Nazarov Mohira,F,39,Surxondaryo,savdo,129,7500000,3,orta_maxsus,47
A002256,Qodirov Behruz,M,53,Toshkent,xususiy,21,2070000,1,oliy,40
A002257,Xudoyberdiyev Sevara,F,44,Toshkent,savdo,73,7220000,1,orta_maxsus,108
A002258,Nurmatov Nodir,M,43,Jizzax,xususiy,105,20110000,4,oliy,114
A002259,Ravshanov Zafar,M,39,Qashqadaryo,IT,82,6510000,7,orta,84
A002260,Boboyev Nurbek,M,36,Qashqadaryo,savdo,45,10230000,7,orta,120
A002261,Musayev Davron,M,39,Navoiy,byudjet,99,9300000,7,orta,59
A002262,Qurbonov Feruza,F,29,Jizzax,IT,28,3070000,2,orta_maxsus,12
A002263,Umarov Shuhrat,M,41,Jizzax,qurilish,142,13630000,1,orta_maxsus,65
A002264,Hamidov Nozima,F,25,Farg'ona,IT,123,6730000,2,orta,60
A002265,Rahimov Nurbek,M,27,Farg'ona,savdo,31,3890000,1,orta,5
A002266,Karimov Mohira,F,42,Andijon,qurilish,15,2060000,6,oliy,96
A002267,Xolmatov Mohira,F,63,Xorazm,qurilish,66,2870000,4,orta,69
A002268,Toshmatov Malika,F,23,Navoiy,byudjet,31,4310000,2,orta,56
A002269,Mirzayev Madina,F,46,Navoiy,savdo,30,14480000,6,oliy,12
A002270,Ergashev Farrux,M,54,Qashqadaryo,savdo,83,3670000,6,orta,63
A002271,Egamberdiyev Feruza,F,37,Qoraqalpog'iston,xususiy,166,8570000,2,orta,26
A002272,Abdullayev Bobur,M,41,Namangan,savdo,137,7070000,6,orta,19
A002273,Nurmatov Nargiza,F,26,Surxondaryo,transport,102,5840000,4,orta_maxsus,6
A002274,Abdullayev Sevara,F,26,Jizzax,xususiy,34,2540000,5,oliy,94
A002275,Sultonov Madina,F,27,Namangan,o'z_ishi,135,3640000,7,oliy,75
A002276,Ochilov Bobur,M,27,Jizzax,xususiy,49,2540000,2,oliy,30
A002277,Musayev Madina,F,46,Sirdaryo,savdo,24,4310000,3,orta_maxsus,7
A002278,Raximov Dilnoza,F,62,Qoraqalpog'iston,byudjet,129,12640000,1,orta_maxsus,74
A002279,Mirzayev Dildora,F,23,Toshkent,ishsiz,0,1700000,4,oliy,38
A002280,Egamberdiyev Shuhrat,M,43,Qoraqalpog'iston,savdo,40,3200000,7,oliy,12
A002281,Ochilov Anvar,M,55,Navoiy,byudjet,33,1310000,4,orta,74
A002282,Xolmatov Shahzoda,F,22,Toshkent,savdo,109,8480000,3,oliy,91
A002283,Rahimov Nilufar,F,32,Surxondaryo,byudjet,167,2580000,7,orta,74
A002284,Toshmatov Nodir,M,37,Navoiy,savdo,162,8390000,6,orta_maxsus,32
A002285,Normatov Sevara,F,32,Surxondaryo,xususiy,122,3030000,3,orta,17
A002286,Xolmatov Muslima,F,59,Farg'ona,savdo,94,2120000,3,orta_maxsus,71
A002287,Jo'rayev Feruza,F,29,Qoraqalpog'iston,ishsiz,0,3800000,1,orta,84
A002288,Normatov Umid,M,27,Surxondaryo,ishsiz,0,5670000,7,orta,85
A002289,Jo'rayev Akmal,M,53,Qashqadaryo,byudjet,17,2470000,4,orta,56
A002290,Sattorov Bobur,M,62,Surxondaryo,o'z_ishi,163,3580000,5,orta_maxsus,43
A002291,Raximov Anvar,M,23,Qoraqalpog'iston,transport,123,2090000,2,oliy,50
A002292,Muhammadiyev Aziza,F,24,Buxoro,xususiy,77,8140000,6,orta_maxsus,46
A002293,Xudoyberdiyev Nurbek,M,43,Farg'ona,xususiy,146,3830000,5,orta,13
A002294,Jo'rayev Nilufar,F,29,Qashqadaryo,xususiy,75,3960000,1,orta_maxsus,56
A002295,Sharipov Charos,F,36,Farg'ona,xususiy,142,4600000,1,oliy,120
A002296,Saidov Feruza,F,48,Navoiy,qurilish,101,1790000,5,orta,62
A002297,Muhammadiyev Davron,M,22,Navoiy,savdo,25,1520000,6,oliy,94
A002298,Tursunov Nargiza,F,60,Qashqadaryo,savdo,139,3900000,7,oliy,78
A002299,Sultonov Doston,M,24,Samarqand,o'z_ishi,55,3720000,3,oliy,23
A002300,Ismoilov Kamola,F,25,Andijon,xususiy,90,2250000,6,oliy,30
A002301,Yo'ldoshev Aziza,F,55,Andijon,o'z_ishi,44,2460000,1,orta,86
A002302,Musayev Dildora,F,33,Namangan,savdo,40,5990000,5,oliy,42
A002303,Nurmatov Akmal,M,62,Qoraqalpog'iston,transport,127,6550000,5,orta,89
A002304,Nurmatov Muslima,F,26,Qoraqalpog'iston,savdo,125,2240000,7,orta,87
A002305,Toshmatov Farrux,M,44,Andijon,o'z_ishi,57,3900000,5,orta,45
A002306,Ismoilov Akmal,M,32,Namangan,o'z_ishi,73,1820000,7,orta,7
A002307,Abdullayev Javohir,M,63,Jizzax,xususiy,142,6580000,2,orta,24
A002308,Hamidov Bekzod,M,43,Qashqadaryo,xususiy,146,4250000,5,oliy,27
A002309,Boboyev Feruza,F,63,Navoiy,byudjet,24,4090000,6,orta_maxsus,33
A002310,Hamidov Malika,F,29,Buxoro,byudjet,81,3370000,1,oliy,29
A002311,Ergashev Javohir,M,39,Sirdaryo,savdo,104,1950000,2,orta_maxsus,5
A002312,Aliyev Lola,F,60,Namangan,transport,49,4860000,3,orta_maxsus,90
A002313,Bekmurodov Charos,F,53,Navoiy,transport,146,4530000,3,oliy,16
A002314,Musayev Gulnora,F,62,Andijon,IT,118,3300000,5,oliy,78
A002315,Xudoyberdiyev Feruza,F,56,Sirdaryo,xususiy,57,16200000,5,oliy,78
A002316,Normatov Behruz,M,43,Farg'ona,xususiy,86,4750000,7,oliy,55
A002317,Xasanov Mohira,F,62,Qoraqalpog'iston,qurilish,55,1620000,3,oliy,51
A002318,Abdullayev Mirzo,M,50,Qoraqalpog'iston,xususiy,62,1990000,1,orta,105
A002319,Toshmatov Otabek,M,22,Xorazm,qurilish,177,2690000,6,oliy,55
A002320,Abdullayev Mohira,F,40,Farg'ona,transport,31,5540000,2,oliy,80
A002321,Qurbonov Nilufar,F,49,Qoraqalpog'iston,byudjet,100,4250000,5,orta,63
A002322,Boboyev Shohruh,M,51,Navoiy,savdo,21,5160000,1,orta,120
A002323,Toshmatov Oybek,M,48,Navoiy,qurilish,144,15050000,5,oliy,75
A002324,Xudoyberdiyev Diyor,M,38,Jizzax,byudjet,84,10940000,7,oliy,95
A002325,Ismoilov Madina,F,52,Andijon,xususiy,130,5220000,4,orta,42
A002326,Abdullayev Aziz,M,59,Namangan,transport,106,2410000,7,oliy,95
A002327,Yusupov Madina,F,62,Namangan,byudjet,136,1410000,1,oliy,74
A002328,Xolmatov Nodir,M,58,Namangan,IT,121,9040000,3,orta_maxsus,40
A002329,Boboyev Zilola,F,43,Andijon,xususiy,75,2660000,2,orta_maxsus,83
A002330,Saidov Sardor,M,29,Andijon,qurilish,63,5790000,3,oliy,35
A002331,Sattorov Lola,F,53,Qashqadaryo,IT,141,3540000,3,orta,79
A002332,Umarov Nozima,F,35,Farg'ona,qurilish,80,5870000,3,oliy,101
A002333,Xolmatov Farrux,M,34,Andijon,o'z_ishi,147,2840000,4,oliy,28
A002334,Boboyev Nurbek,M,29,Farg'ona,xususiy,138,6670000,1,oliy,38
A002335,Sattorov Kamola,F,25,Namangan,byudjet,88,7360000,5,oliy,41
A002336,Normatov Bekzod,M,24,Sirdaryo,xususiy,52,4980000,7,oliy,100
A002337,Sultonov Gulnora,F,24,Sirdaryo,byudjet,116,1720000,5,orta_maxsus,120
A002338,Yusupov Gulnora,F,21,Surxondaryo,xususiy,14,3240000,5,orta,43
A002339,Xasanov Aziza,F,26,Toshkent,xususiy,145,4950000,6,orta,28
A002340,Xolmatov Madina,F,36,Qashqadaryo,o'z_ishi,169,2010000,4,orta_maxsus,119
A002341,Qurbonov Zilola,F,50,Xorazm,savdo,87,2350000,7,oliy,43
A002342,Saidov Feruza,F,32,Surxondaryo,transport,53,6100000,3,oliy,20
A002343,Raximov Sabina,F,56,Andijon,xususiy,121,12260000,1,oliy,26
A002344,Karimov Farrux,M,25,Jizzax,xususiy,125,7520000,2,oliy,19
A002345,Musayev Sevara,F,62,Surxondaryo,savdo,67,5020000,6,orta,79
A002346,Sultonov Rustam,M,24,Xorazm,xususiy,136,6080000,3,orta_maxsus,110
A002347,Sharipov Shahzoda,F,48,Sirdaryo,savdo,165,7800000,3,orta_maxsus,78
A002348,Egamberdiyev Rustam,M,26,Qoraqalpog'iston,byudjet,149,7840000,6,orta,1
A002349,Toshmatov Feruza,F,35,Navoiy,qurilish,4,1370000,2,orta,113
A002350,Nazarov Jasur,M,52,Andijon,savdo,2,7980000,4,orta,50
A002351,Normatov Nilufar,F,23,Qashqadaryo,xususiy,70,1340000,2,orta_maxsus,87
A002352,Nazarov Bobur,M,25,Qoraqalpog'iston,o'z_ishi,107,3220000,2,oliy,71
A002353,Qurbonov Aziza,F,39,Samarqand,byudjet,48,9160000,1,orta_maxsus,41
A002354,Aliyev Zafar,M,30,Navoiy,ishsiz,0,4020000,1,orta_maxsus,35
A002355,Hamidov Feruza,F,44,Farg'ona,xususiy,30,3160000,6,orta_maxsus,37
A002356,Rahimov Ulugbek,M,49,Samarqand,xususiy,78,4660000,1,orta_maxsus,68
A002357,Abdullayev Madina,F,36,Qashqadaryo,byudjet,8,2790000,3,orta,14
A002358,Nurmatov Shohruh,M,55,Navoiy,IT,174,22670000,2,orta_maxsus,99
A002359,Ochilov Farrux,M,28,Farg'ona,transport,89,5160000,4,orta_maxsus,98
A002360,Egamberdiyev Nilufar,F,63,Qashqadaryo,xususiy,78,1830000,2,orta,69
A002361,Ravshanov Zilola,F,29,Qashqadaryo,xususiy,160,2190000,7,orta,24
A002362,Yo'ldoshev Mohira,F,26,Samarqand,savdo,3,3810000,2,orta_maxsus,70
A002363,Abdullayev Bekzod,M,41,Qoraqalpog'iston,qurilish,32,4300000,7,orta_maxsus,106
A002364,Rahimov Nargiza,F,31,Qoraqalpog'iston,qurilish,55,3540000,2,orta,16
A002365,Muhammadiyev Diyor,M,55,Jizzax,savdo,92,7710000,2,orta,59
A002366,Umarov Zafar,M,23,Buxoro,o'z_ishi,24,1820000,7,orta_maxsus,41
A002367,Qodirov Behruz,M,57,Surxondaryo,savdo,71,3820000,3,oliy,91
A002368,Umarov Anvar,M,22,Qashqadaryo,xususiy,131,1650000,3,oliy,26
A002369,Abdullayev Dildora,F,28,Sirdaryo,savdo,169,2440000,2,oliy,3
A002370,Tursunov Mohira,F,34,Andijon,byudjet,125,4720000,7,oliy,61
A002371,Abdullayev Bobur,M,49,Buxoro,xususiy,110,1930000,4,orta,5
A002372,Musayev Shuhrat,M,54,Sirdaryo,savdo,37,2620000,7,orta_maxsus,89
A002373,Normatov Alisher,M,34,Samarqand,byudjet,40,2460000,3,orta,96
A002374,Qodirov Zilola,F,62,Jizzax,o'z_ishi,24,11100000,2,orta,22
A002375,Toshmatov Aziz,M,47,Surxondaryo,qurilish,73,1250000,1,orta,12
A002376,Toshmatov Muslima,F,22,Samarqand,o'z_ishi,140,3470000,7,oliy,71
A002377,Abdullayev Mohira,F,44,Qoraqalpog'iston,savdo,81,5860000,7,orta,32
A002378,Muhammadiyev Jasur,M,23,Xorazm,qurilish,4,3530000,3,orta,2
A002379,Yo'ldoshev Malika,F,42,Jizzax,xususiy,70,3760000,7,oliy,40
A002380,Yo'ldoshev Dilnoza,F,53,Farg'ona,byudjet,151,5090000,6,oliy,45
A002381,Mirzayev Zarina,F,48,Andijon,savdo,99,3130000,4,oliy,43
A002382,Egamberdiyev Sabina,F,32,Navoiy,byudjet,13,3210000,5,oliy,85
A002383,Ravshanov Shahzoda,F,31,Buxoro,IT,142,2460000,2,orta,42
A002384,Sultonov Nargiza,F,31,Andijon,savdo,4,7420000,3,orta,103
A002385,Sultonov Shahzoda,F,56,Surxondaryo,savdo,160,3590000,6,orta_maxsus,113
A002386,Boboyev Shohruh,M,40,Andijon,qurilish,148,2630000,3,oliy,81
A002387,Xudoyberdiyev Feruza,F,38,Jizzax,byudjet,116,5080000,1,orta_maxsus,70
A002388,Sultonov Umid,M,42,Toshkent,savdo,151,4140000,5,orta_maxsus,37
A002389,Ochilov Elyor,M,49,Surxondaryo,xususiy,149,6240000,5,orta,2
A002390,G'ulomov Umid,M,51,Xorazm,qurilish,25,3850000,5,orta,112
A002391,Egamberdiyev Javohir,M,52,Andijon,xususiy,99,8640000,1,orta_maxsus,48
A002392,Mirzayev Dilnoza,F,61,Xorazm,savdo,120,6370000,5,orta,118
A002393,Saidov Rustam,M,51,Toshkent,savdo,43,7420000,6,orta_maxsus,8
A002394,Raximov Gulnora,F,25,Toshkent,o'z_ishi,115,6090000,6,orta,52
A002395,Raximov Diyor,M,51,Samarqand,savdo,88,6090000,1,orta_maxsus,0
A002396,Aliyev Bobur,M,27,Xorazm,o'z_ishi,119,7970000,1,oliy,16
A002397,Xasanov Mirzo,M,62,Samarqand,savdo,87,3280000,3,orta,36
A002398,Raximov Nilufar,F,44,Samarqand,o'z_ishi,163,6820000,3,orta,47
A002399,Egamberdiyev Lola,F,45,Toshkent,xususiy,92,21540000,3,orta,66
A002400,Abdullayev Nodir,M,62,Qashqadaryo,byudjet,13,5370000,5,orta,114
A002401,Mirzayev Lola,F,53,Toshkent,savdo,90,7240000,2,orta_maxsus,108
A002402,Abdullayev Sardor,M,21,Sirdaryo,savdo,12,6340000,2,orta,109
A002403,Umarov Ulugbek,M,54,Qoraqalpog'iston,savdo,99,4140000,6,orta_maxsus,49
A002404,Jo'rayev Lola,F,27,Jizzax,IT,145,8710000,2,orta_maxsus,6
A002405,Karimov Charos,F,53,Qoraqalpog'iston,xususiy,57,4150000,6,orta,115
A002406,Sharipov Malika,F,34,Toshkent,ishsiz,0,8000000,4,orta_maxsus,83
A002407,Bekmurodov Malika,F,51,Qoraqalpog'iston,byudjet,167,3500000,7,oliy,104
A002408,Aliyev Bekzod,M,37,Samarqand,ishsiz,0,2900000,1,orta_maxsus,5
A002409,Boboyev Nurbek,M,31,Navoiy,byudjet,120,10500000,1,oliy,13
A002410,Xudoyberdiyev Gulnora,F,23,Andijon,qurilish,179,6870000,6,oliy,15
A002411,Nurmatov Malika,F,34,Surxondaryo,savdo,166,6270000,4,oliy,102
A002412,Ismoilov Nozima,F,25,Toshkent,IT,87,3530000,1,orta,16
A002413,Nurmatov Zilola,F,23,Andijon,byudjet,164,2710000,6,orta,53
A002414,Ismoilov Islom,M,21,Sirdaryo,byudjet,48,11900000,2,orta,106
A002415,Sultonov Sardor,M,40,Farg'ona,transport,153,5340000,4,orta_maxsus,8
A002416,Toshmatov Mohira,F,50,Samarqand,IT,87,2060000,3,orta_maxsus,101
A002417,Sultonov Mohira,F,31,Samarqand,savdo,63,5450000,1,orta,5
A002418,Umarov Bekzod,M,57,Qashqadaryo,xususiy,6,7850000,4,oliy,9
A002419,Sultonov Lola,F,50,Surxondaryo,xususiy,110,3330000,7,orta,106
A002420,Normatov Alisher,M,50,Namangan,o'z_ishi,26,1980000,4,oliy,101
A002421,Yusupov Zafar,M,58,Samarqand,xususiy,98,2840000,3,oliy,113
A002422,Nurmatov Nodir,M,49,Surxondaryo,qurilish,115,9490000,1,orta_maxsus,87
A002423,Ravshanov Behruz,M,27,Surxondaryo,xususiy,79,12500000,3,oliy,69
A002424,Musayev Madina,F,23,Sirdaryo,o'z_ishi,178,3550000,1,oliy,21
A002425,Qurbonov Zafar,M,26,Navoiy,qurilish,91,8740000,5,orta_maxsus,73
A002426,Ergashev Lola,F,39,Jizzax,xususiy,14,4250000,2,oliy,96
A002427,Toshmatov Sevara,F,46,Qashqadaryo,ishsiz,0,4610000,4,oliy,89
A002428,Ergashev Shahzoda,F,57,Qoraqalpog'iston,IT,176,3720000,4,oliy,70
A002429,Musayev Kamron,M,35,Xorazm,xususiy,4,2300000,3,oliy,39
A002430,Nurmatov Nozima,F,54,Samarqand,transport,62,4150000,5,oliy,113
A002431,Yusupov Sabina,F,58,Qoraqalpog'iston,xususiy,49,4450000,3,oliy,93
A002432,Ergashev Sardor,M,62,Surxondaryo,xususiy,30,5880000,6,orta_maxsus,37
A002433,Aliyev Kamola,F,44,Andijon,ishsiz,0,3230000,5,orta_maxsus,13
A002434,Qodirov Javohir,M,26,Samarqand,xususiy,85,2480000,5,oliy,102
A002435,Aliyev Malika,F,37,Qoraqalpog'iston,xususiy,101,1370000,7,orta_maxsus,69
A002436,Bekmurodov Aziz,M,23,Jizzax,transport,179,2630000,4,orta,19
A002437,Hamidov Dildora,F,62,Qashqadaryo,qurilish,142,10590000,2,orta_maxsus,1
A002438,Toshmatov Jasur,M,36,Qashqadaryo,IT,39,6420000,6,oliy,36
A002439,Jo'rayev Gulnora,F,21,Jizzax,byudjet,155,2500000,7,oliy,24
A002440,Egamberdiyev Javohir,M,22,Navoiy,transport,45,2660000,5,orta_maxsus,60
A002441,Umarov Lola,F,50,Buxoro,o'z_ishi,86,6050000,1,oliy,89
A002442,Xudoyberdiyev Davron,M,24,Qoraqalpog'iston,xususiy,134,3290000,4,oliy,114
A002443,Muhammadiyev Mirzo,M,35,Jizzax,xususiy,67,2600000,7,oliy,3
A002444,Musayev Kamron,M,60,Surxondaryo,IT,144,4400000,7,orta,97
A002445,Qodirov Dildora,F,27,Sirdaryo,o'z_ishi,10,2430000,4,orta,80
A002446,Hamidov Madina,F,24,Surxondaryo,xususiy,10,1700000,3,orta_maxsus,103
A002447,Jo'rayev Ulugbek,M,28,Sirdaryo,qurilish,177,5730000,3,orta_maxsus,14
A002448,Ravshanov Islom,M,44,Navoiy,IT,131,2480000,2,orta,120
A002449,Boboyev Mohira,F,63,Surxondaryo,IT,117,2850000,4,orta,8
A002450,Yusupov Elyor,M,43,Andijon,qurilish,141,4680000,7,orta_maxsus,21
A002451,Hamidov Nurbek,M,39,Buxoro,ishsiz,0,1750000,2,orta_maxsus,96
A002452,Raximov Aziza,F,34,Qoraqalpog'iston,byudjet,130,2700000,1,oliy,105
A002453,Toshmatov Madina,F,42,Jizzax,ishsiz,0,6470000,7,orta,38
A002454,Ergashev Zilola,F,63,Qoraqalpog'iston,byudjet,40,930000,5,orta_maxsus,89
A002455,Toshmatov Sevara,F,26,Buxoro,savdo,149,9760000,7,oliy,26
A002456,Nazarov Javohir,M,21,Andijon,byudjet,109,3850000,4,orta_maxsus,75
A002457,Sultonov Rustam,M,29,Toshkent,byudjet,180,1640000,2,orta_maxsus,76
A002458,Sultonov Elyor,M,35,Qashqadaryo,byudjet,103,2970000,2,oliy,51
A002459,Raximov Feruza,F,30,Namangan,byudjet,38,5040000,1,oliy,5
A002460,Xolmatov Mirzo,M,44,Toshkent,transport,74,2670000,4,oliy,38
A002461,Abdullayev Anvar,M,60,Qoraqalpog'iston,qurilish,157,6060000,2,orta_maxsus,5
A002462,Muhammadiyev Aziz,M,40,Farg'ona,byudjet,152,4430000,3,orta,39
A002463,Abdullayev Bobur,M,54,Qashqadaryo,byudjet,64,1960000,5,orta,31
A002464,Ochilov Jasur,M,57,Toshkent,savdo,158,10000000,7,oliy,5
A002465,Nurmatov Dilnoza,F,38,Andijon,savdo,152,3440000,3,oliy,37
A002466,Boboyev Sanjar,M,26,Toshkent,byudjet,62,4240000,6,orta_maxsus,3
A002467,Ochilov Mohira,F,22,Sirdaryo,byudjet,138,5620000,3,orta_maxsus,71
A002468,Xudoyberdiyev Shahzoda,F,42,Qashqadaryo,byudjet,135,10210000,4,orta_maxsus,20
A002469,Raximov Doston,M,32,Toshkent,savdo,152,9080000,5,oliy,73
A002470,Musayev Gulnora,F,34,Samarqand,qurilish,32,4290000,7,orta,57
A002471,Ergashev Zilola,F,56,Xorazm,IT,180,7160000,6,orta,106
A002472,Sultonov Madina,F,31,Navoiy,o'z_ishi,111,2780000,6,orta_maxsus,118
A002473,Xudoyberdiyev Doston,M,55,Andijon,xususiy,128,1560000,5,orta,33
A002474,Ochilov Bobur,M,48,Navoiy,IT,0,2970000,5,orta,43
A002475,Normatov Charos,F,61,Qoraqalpog'iston,savdo,71,4410000,7,oliy,102
A002476,Nazarov Alisher,M,50,Sirdaryo,transport,133,9040000,3,oliy,35
A002477,Qodirov Bekzod,M,35,Samarqand,byudjet,76,2770000,3,orta,50
A002478,Umarov Nargiza,F,23,Qoraqalpog'iston,byudjet,120,1850000,6,oliy,57
A002479,Ochilov Muslima,F,54,Andijon,transport,16,5380000,2,oliy,54
A002480,Rahimov Shahzoda,F,29,Namangan,ishsiz,0,6410000,5,oliy,24
A002481,Ochilov Aziz,M,26,Toshkent,byudjet,131,5620000,3,oliy,52
A002482,Xudoyberdiyev Gulnora,F,21,Surxondaryo,xususiy,3,2540000,6,orta,69
A002483,Muhammadiyev Oybek,M,52,Qoraqalpog'iston,xususiy,129,4630000,6,orta_maxsus,74
A002484,Raximov Madina,F,29,Andijon,transport,15,4810000,6,orta,51
A002485,Rahimov Nargiza,F,48,Qoraqalpog'iston,xususiy,114,6540000,3,orta,18
A002486,Sharipov Nargiza,F,45,Sirdaryo,o'z_ishi,65,3270000,3,orta,7
A002487,Tursunov Doston,M,56,Sirdaryo,transport,12,3930000,3,orta_maxsus,71
A002488,Qodirov Dildora,F,21,Jizzax,qurilish,24,3520000,6,orta_maxsus,88
A002489,Toshmatov Mohira,F,26,Namangan,xususiy,119,3010000,4,oliy,72
A002490,Sattorov Sevara,F,60,Qashqadaryo,o'z_ishi,156,8710000,6,oliy,29
A002491,Ravshanov Otabek,M,23,Namangan,transport,31,3710000,4,orta_maxsus,40
A002492,Mirzayev Davron,M,44,Buxoro,savdo,99,4540000,4,orta,90
A002493,Hamidov Aziza,F,25,Qashqadaryo,savdo,68,10030000,1,oliy,3
A002494,Yo'ldoshev Behruz,M,41,Surxondaryo,xususiy,69,2430000,7,oliy,73
A002495,Toshmatov Shuhrat,M,46,Jizzax,o'z_ishi,87,14860000,1,orta_maxsus,67
A002496,Sultonov Sanjar,M,24,Qoraqalpog'iston,transport,58,4510000,2,orta_maxsus,82
A002497,Tursunov Dildora,F,28,Toshkent,savdo,28,10750000,4,orta_maxsus,98
A002498,Jo'rayev Jasur,M,53,Buxoro,o'z_ishi,162,1000000,5,orta_maxsus,71
A002499,Yusupov Sardor,M,63,Surxondaryo,savdo,105,5890000,3,oliy,10
A002500,Sultonov Shohruh,M,48,Toshkent,byudjet,46,1330000,1,oliy,33
A002501,Ravshanov Mohira,F,49,Namangan,savdo,174,3320000,4,oliy,76
A002502,Toshmatov Kamron,M,23,Andijon,qurilish,116,3940000,3,orta_maxsus,63
A002503,Umarov Malika,F,35,Farg'ona,IT,97,10570000,1,orta_maxsus,44
A002504,Xasanov Shohruh,M,57,Xorazm,byudjet,111,4130000,2,oliy,53
A002505,Ergashev Umid,M,22,Andijon,savdo,60,6690000,5,oliy,21
A002506,Xudoyberdiyev Nargiza,F,49,Buxoro,byudjet,127,4880000,1,orta_maxsus,58
A002507,Xasanov Sabina,F,35,Namangan,xususiy,169,5260000,3,oliy,25
A002508,Karimov Jasur,M,38,Toshkent,byudjet,7,3760000,2,orta_maxsus,71
A002509,Sattorov Aziz,M,62,Farg'ona,xususiy,124,5840000,5,oliy,112
A002510,Nazarov Sabina,F,34,Farg'ona,xususiy,20,9880000,3,orta,55
A002511,Ravshanov Bobur,M,38,Namangan,xususiy,24,3190000,1,orta,97
A002512,Saidov Aziz,M,56,Surxondaryo,savdo,152,3350000,1,oliy,118
A002513,Nazarov Lola,F,27,Namangan,byudjet,126,4870000,3,orta_maxsus,15
A002514,Sharipov Feruza,F,45,Xorazm,IT,138,16420000,4,orta_maxsus,24
A002515,Umarov Doston,M,63,Sirdaryo,ishsiz,0,5810000,4,oliy,112
A002516,Aliyev Behruz,M,33,Namangan,byudjet,5,2600000,7,orta,69
A002517,Karimov Charos,F,34,Surxondaryo,xususiy,34,3340000,4,orta,30
A002518,Raximov Feruza,F,21,Jizzax,xususiy,68,3290000,7,oliy,70
A002519,Muhammadiyev Oybek,M,42,Jizzax,transport,41,7300000,2,orta,55
A002520,Nurmatov Kamron,M,40,Jizzax,byudjet,97,3620000,7,oliy,89
A002521,Ravshanov Nilufar,F,22,Farg'ona,qurilish,108,11900000,2,oliy,95
A002522,Musayev Zafar,M,26,Qoraqalpog'iston,xususiy,173,7100000,7,orta_maxsus,3
A002523,Ismoilov Islom,M,41,Samarqand,qurilish,27,1860000,5,orta,94
A002524,Musayev Feruza,F,44,Namangan,o'z_ishi,80,5340000,4,orta,91
A002525,Yo'ldoshev Aziza,F,61,Andijon,xususiy,65,10990000,2,orta,99
A002526,Yusupov Islom,M,25,Samarqand,xususiy,126,7120000,3,oliy,12
A002527,Qurbonov Diyor,M,30,Toshkent,xususiy,59,3120000,4,orta,56
A002528,Muhammadiyev Shahzoda,F,25,Buxoro,o'z_ishi,170,2550000,7,orta,106
A002529,Normatov Aziza,F,63,Qashqadaryo,qurilish,139,2880000,7,orta_maxsus,82
A002530,Bekmurodov Shohruh,M,62,Qashqadaryo,IT,171,24030000,7,orta,49
A002531,Aliyev Islom,M,55,Namangan,IT,127,4420000,2,oliy,108
A002532,Aliyev Davron,M,24,Sirdaryo,savdo,105,2940000,6,orta,67
A002533,Ergashev Nurbek,M,56,Namangan,IT,90,5580000,5,orta_maxsus,109
A002534,Bekmurodov Shuhrat,M,41,Namangan,qurilish,126,600000,4,orta_maxsus,46
A002535,Raximov Nilufar,F,59,Qashqadaryo,xususiy,127,5720000,7,orta_maxsus,3
A002536,Xasanov Anvar,M,49,Toshkent,qurilish,59,5300000,1,oliy,66
A002537,Karimov Mirzo,M,28,Xorazm,savdo,36,11250000,1,oliy,116
A002538,Karimov Zilola,F,41,Samarqand,o'z_ishi,19,2200000,3,oliy,57
A002539,Ochilov Islom,M,39,Xorazm,qurilish,76,3680000,2,orta_maxsus,8
A002540,Sattorov Zafar,M,21,Qashqadaryo,IT,82,2240000,1,orta,35
A002541,Ochilov Muslima,F,61,Farg'ona,transport,18,4440000,3,orta,67
A002542,Abdullayev Aziza,F,34,Farg'ona,xususiy,131,3520000,2,orta,7
A002543,Ochilov Bekzod,M,54,Qoraqalpog'iston,xususiy,96,2220000,3,orta,24
A002544,Sharipov Shahzoda,F,51,Namangan,xususiy,59,3560000,7,orta_maxsus,57
A002545,Qodirov Feruza,F,42,Namangan,IT,108,4960000,6,orta_maxsus,118
A002546,Mirzayev Charos,F,27,Samarqand,savdo,118,5680000,7,oliy,1
A002547,Jo'rayev Farrux,M,43,Sirdaryo,xususiy,53,1530000,4,orta_maxsus,108
A002548,Nurmatov Aziza,F,30,Qashqadaryo,xususiy,1,2290000,1,oliy,108
A002549,Hamidov Timur,M,30,Sirdaryo,savdo,8,1200000,1,oliy,93
A002550,Ergashev Madina,F,39,Farg'ona,transport,153,3510000,1,orta,49
A002551,Hamidov Behruz,M,41,Buxoro,savdo,3,3300000,7,orta_maxsus,30
A002552,Xasanov Doston,M,47,Buxoro,xususiy,40,5600000,6,orta_maxsus,62
A002553,Xolmatov Shohruh,M,40,Andijon,transport,49,8140000,7,oliy,80
A002554,G'ulomov Alisher,M,32,Farg'ona,o'z_ishi,107,7350000,3,orta,44
A002555,Toshmatov Dilnoza,F,51,Namangan,xususiy,2,12660000,6,orta,59
A002556,Raximov Feruza,F,24,Navoiy,savdo,102,9440000,3,orta,96
A002557,Qurbonov Alisher,M,52,Qashqadaryo,xususiy,101,1850000,1,orta_maxsus,93
A002558,Nazarov Nilufar,F,36,Sirdaryo,xususiy,87,6010000,4,oliy,65
A002559,Yusupov Muslima,F,32,Sirdaryo,o'z_ishi,66,9820000,6,orta,84
A002560,Ochilov Farrux,M,29,Namangan,transport,119,2950000,7,orta_maxsus,94
A002561,Xudoyberdiyev Oybek,M,22,Sirdaryo,o'z_ishi,6,11330000,1,orta,15
A002562,Bekmurodov Zilola,F,24,Andijon,byudjet,129,4790000,2,orta,92
A002563,Hamidov Madina,F,36,Buxoro,qurilish,39,4570000,1,orta_maxsus,44
A002564,Nurmatov Feruza,F,48,Andijon,o'z_ishi,157,4010000,2,oliy,27
A002565,Ismoilov Davron,M,62,Samarqand,xususiy,157,14850000,7,orta_maxsus,102
A002566,Mirzayev Shohruh,M,46,Samarqand,xususiy,71,2630000,1,oliy,92
A002567,Raximov Rustam,M,39,Sirdaryo,xususiy,165,6860000,1,oliy,32
A002568,Normatov Javohir,M,23,Andijon,savdo,2,2160000,5,orta,29
A002569,Mirzayev Javohir,M,24,Jizzax,qurilish,44,3660000,3,orta,43
A002570,Mirzayev Sanjar,M,33,Farg'ona,xususiy,158,5100000,1,oliy,47
A002571,Xasanov Javohir,M,30,Xorazm,o'z_ishi,8,8920000,7,orta,22
A002572,G'ulomov Aziza,F,48,Xorazm,transport,131,2870000,7,orta_maxsus,7
A002573,Toshmatov Zafar,M,22,Qashqadaryo,xususiy,84,2070000,4,orta_maxsus,41
A002574,Muhammadiyev Nozima,F,27,Qoraqalpog'iston,savdo,163,4330000,1,orta,56
A002575,Qurbonov Feruza,F,27,Xorazm,transport,175,4280000,2,oliy,3
A002576,Toshmatov Malika,F,39,Sirdaryo,byudjet,53,4490000,4,orta_maxsus,29
A002577,Xolmatov Zilola,F,43,Toshkent,IT,162,3820000,7,orta,76
A002578,Toshmatov Umid,M,29,Andijon,qurilish,20,5270000,7,orta,75
A002579,Yo'ldoshev Nilufar,F,31,Namangan,o'z_ishi,138,3060000,5,orta,67
A002580,Yusupov Malika,F,44,Qoraqalpog'iston,xususiy,146,10910000,7,oliy,20
A002581,Saidov Muslima,F,52,Sirdaryo,o'z_ishi,88,2930000,5,oliy,33
A002582,Rahimov Aziz,M,59,Qoraqalpog'iston,xususiy,155,3560000,3,oliy,67
A002583,Sultonov Anvar,M,32,Xorazm,xususiy,27,2920000,7,orta,104
A002584,Saidov Madina,F,42,Andijon,IT,166,1930000,3,oliy,53
A002585,Yusupov Bobur,M,55,Samarqand,IT,6,3080000,5,orta,116
A002586,Umarov Sevara,F,21,Samarqand,xususiy,19,10730000,6,orta,52
A002587,Toshmatov Aziz,M,55,Andijon,xususiy,114,4260000,6,oliy,82
A002588,Jo'rayev Feruza,F,53,Navoiy,xususiy,174,9260000,5,orta_maxsus,76
A002589,Sultonov Bobur,M,56,Buxoro,o'z_ishi,123,2600000,4,orta,23
A002590,Nurmatov Kamola,F,28,Namangan,savdo,39,3730000,7,orta,89
A002591,Sultonov Jasur,M,51,Xorazm,byudjet,150,3830000,6,orta_maxsus,34
A002592,Egamberdiyev Davron,M,55,Xorazm,xususiy,151,8320000,3,oliy,34
A002593,Karimov Zilola,F,47,Buxoro,xususiy,27,5060000,5,oliy,97
A002594,Saidov Rustam,M,21,Toshkent,xususiy,112,2640000,4,orta,61
A002595,Karimov Shohruh,M,53,Samarqand,savdo,145,4640000,7,oliy,81
A002596,Sharipov Doston,M,28,Toshkent,ishsiz,0,6590000,6,oliy,24
A002597,Sattorov Malika,F,53,Samarqand,byudjet,125,3580000,2,orta_maxsus,43
A002598,Xolmatov Zarina,F,23,Qashqadaryo,xususiy,77,3480000,1,orta_maxsus,75
A002599,Sultonov Zarina,F,52,Navoiy,o'z_ishi,27,3020000,2,orta_maxsus,120
A002600,Egamberdiyev Shahzoda,F,34,Sirdaryo,transport,154,3750000,4,orta,15
A002601,Karimov Doston,M,51,Toshkent,transport,115,6410000,5,orta,5
A002602,Rahimov Jasur,M,39,Namangan,transport,92,5390000,6,orta,49
A002603,Xasanov Gulnora,F,43,Sirdaryo,xususiy,66,1690000,7,orta_maxsus,33
A002604,Ismoilov Zafar,M,43,Andijon,xususiy,22,4750000,3,oliy,55
A002605,Ismoilov Dilnoza,F,37,Qashqadaryo,xususiy,139,10080000,3,orta,104
A002606,Ergashev Ulugbek,M,29,Qashqadaryo,transport,45,2250000,5,oliy,2
A002607,Nurmatov Zarina,F,60,Surxondaryo,savdo,142,9760000,4,oliy,0
A002608,Ismoilov Madina,F,42,Navoiy,byudjet,75,5320000,3,oliy,73
A002609,Karimov Diyor,M,42,Samarqand,xususiy,90,4740000,7,orta,9
A002610,Muhammadiyev Zafar,M,31,Surxondaryo,savdo,134,2290000,6,orta_maxsus,49
A002611,Yo'ldoshev Nozima,F,22,Samarqand,xususiy,57,3140000,6,oliy,8
A002612,Xudoyberdiyev Umid,M,54,Samarqand,ishsiz,0,2330000,4,oliy,87
A002613,Sattorov Akmal,M,59,Namangan,savdo,79,4950000,7,orta,28
A002614,Nurmatov Sevara,F,55,Buxoro,byudjet,97,5970000,5,oliy,92
A002615,Hamidov Sanjar,M,59,Surxondaryo,savdo,136,6020000,5,orta,92
A002616,Toshmatov Islom,M,44,Toshkent,xususiy,70,2420000,2,orta,117
A002617,Yusupov Sevara,F,28,Qashqadaryo,qurilish,76,4250000,4,orta,117
A002618,Ochilov Nilufar,F,54,Jizzax,transport,65,4960000,6,orta_maxsus,87
A002619,Jo'rayev Zarina,F,21,Surxondaryo,o'z_ishi,132,1660000,4,orta,93
A002620,Raximov Behruz,M,63,Navoiy,ishsiz,0,2840000,2,orta_maxsus,61
A002621,Sultonov Mohira,F,26,Navoiy,xususiy,9,6540000,6,orta_maxsus,99
A002622,Nazarov Behruz,M,23,Farg'ona,transport,174,2070000,5,orta,62
A002623,Qodirov Aziz,M,30,Qashqadaryo,IT,37,16850000,7,oliy,6
A002624,Tursunov Zafar,M,32,Buxoro,savdo,155,7340000,1,orta_maxsus,109
A002625,Qodirov Kamola,F,32,Xorazm,byudjet,60,2860000,6,oliy,48
A002626,Sattorov Islom,M,59,Sirdaryo,savdo,70,4900000,6,orta_maxsus,68
A002627,Qurbonov Lola,F,40,Farg'ona,xususiy,114,2060000,7,oliy,105
A002628,Ravshanov Muslima,F,52,Qoraqalpog'iston,savdo,14,8130000,1,orta_maxsus,43
A002629,Sharipov Sevara,F,32,Surxondaryo,byudjet,99,1220000,2,oliy,78
A002630,Saidov Nozima,F,39,Xorazm,byudjet,168,2110000,4,orta_maxsus,7
A002631,Karimov Sabina,F,37,Buxoro,ishsiz,0,2300000,4,orta,31
A002632,Saidov Otabek,M,60,Xorazm,qurilish,42,5820000,4,oliy,117
A002633,Ochilov Zafar,M,24,Sirdaryo,o'z_ishi,60,1770000,2,oliy,98
A002634,Xasanov Shohruh,M,41,Navoiy,byudjet,145,8720000,1,oliy,94
A002635,Karimov Madina,F,30,Qoraqalpog'iston,savdo,86,3950000,2,orta,57
A002636,Ravshanov Shahzoda,F,55,Jizzax,IT,138,5960000,2,orta,42
A002637,Toshmatov Sardor,M,60,Samarqand,xususiy,175,3750000,2,orta_maxsus,47
A002638,Rahimov Aziz,M,23,Namangan,savdo,119,6260000,1,orta_maxsus,104
A002639,Yusupov Sevara,F,39,Andijon,qurilish,134,6300000,5,oliy,67
A002640,Qodirov Ulugbek,M,28,Jizzax,savdo,12,4150000,4,oliy,13
A002641,Qodirov Nozima,F,21,Farg'ona,qurilish,106,3720000,6,orta,80
A002642,Saidov Doston,M,46,Samarqand,xususiy,89,9140000,4,oliy,38
A002643,Musayev Gulnora,F,37,Navoiy,transport,112,3530000,3,orta_maxsus,110
A002644,Bekmurodov Javohir,M,48,Andijon,IT,173,3670000,7,orta,75
A002645,Hamidov Oybek,M,52,Toshkent,byudjet,106,12010000,1,orta_maxsus,75
A002646,Qurbonov Charos,F,27,Buxoro,IT,76,5470000,5,orta_maxsus,51
A002647,Aliyev Islom,M,23,Farg'ona,xususiy,124,2480000,1,oliy,19
A002648,Xudoyberdiyev Sabina,F,26,Qoraqalpog'iston,byudjet,121,7660000,5,orta,109
A002649,Yo'ldoshev Shahzoda,F,58,Buxoro,savdo,169,2620000,1,orta_maxsus,87
A002650,G'ulomov Jasur,M,56,Toshkent,qurilish,164,5460000,6,oliy,14
A002651,Yo'ldoshev Sanjar,M,32,Qashqadaryo,qurilish,34,4010000,4,oliy,103
A002652,Qodirov Muslima,F,29,Xorazm,savdo,85,3520000,3,orta,87
A002653,Nazarov Zilola,F,54,Xorazm,IT,111,3390000,2,oliy,57
A002654,Egamberdiyev Rustam,M,45,Andijon,xususiy,136,3000000,4,orta,116
A002655,Ergashev Dilnoza,F,33,Sirdaryo,qurilish,84,10540000,4,orta_maxsus,120
A002656,Sattorov Charos,F,43,Sirdaryo,o'z_ishi,106,7240000,2,oliy,102
A002657,Qurbonov Mohira,F,35,Farg'ona,xususiy,47,6710000,1,oliy,119
A002658,Xolmatov Dildora,F,34,Samarqand,xususiy,120,7570000,6,orta,115
A002659,Musayev Rustam,M,36,Farg'ona,savdo,28,6750000,1,orta_maxsus,99
A002660,G'ulomov Gulnora,F,47,Jizzax,byudjet,9,1790000,5,orta_maxsus,86
A002661,Toshmatov Oybek,M,54,Andijon,byudjet,103,2830000,4,orta,71
A002662,Toshmatov Anvar,M,44,Andijon,o'z_ishi,106,9440000,7,orta,111
A002663,Muhammadiyev Diyor,M,50,Qoraqalpog'iston,qurilish,94,5340000,6,oliy,86
A002664,Hamidov Charos,F,46,Qashqadaryo,xususiy,8,13020000,3,orta_maxsus,35
A002665,Mirzayev Aziza,F,33,Qoraqalpog'iston,byudjet,50,4060000,5,orta_maxsus,56
A002666,Muhammadiyev Aziz,M,49,Surxondaryo,savdo,37,9270000,6,orta,103
A002667,Ochilov Dilnoza,F,31,Xorazm,transport,94,5690000,5,orta_maxsus,6
A002668,Xasanov Nargiza,F,28,Qoraqalpog'iston,byudjet,170,5220000,1,orta_maxsus,38
A002669,Raximov Mohira,F,31,Samarqand,transport,146,4640000,4,orta,95
A002670,Normatov Alisher,M,31,Andijon,qurilish,157,6990000,6,orta,109
A002671,Aliyev Shuhrat,M,32,Andijon,transport,37,4750000,3,oliy,31
A002672,Egamberdiyev Aziza,F,49,Buxoro,byudjet,115,3390000,6,orta,80
A002673,Mirzayev Muslima,F,23,Sirdaryo,ishsiz,0,8590000,6,oliy,50
A002674,Nazarov Sevara,F,53,Toshkent,transport,71,4220000,2,orta,42
A002675,Qodirov Behruz,M,53,Qoraqalpog'iston,xususiy,113,6630000,1,oliy,15
A002676,Yo'ldoshev Zilola,F,50,Xorazm,xususiy,102,3800000,5,oliy,116
A002677,Abdullayev Dildora,F,59,Andijon,IT,123,3230000,6,orta,51
A002678,Yusupov Zilola,F,62,Surxondaryo,IT,132,1770000,1,orta,28
A002679,Toshmatov Dilnoza,F,21,Namangan,qurilish,36,4260000,3,orta,87
A002680,Umarov Dildora,F,24,Qoraqalpog'iston,xususiy,28,3990000,1,oliy,48
A002681,Ergashev Zilola,F,39,Jizzax,qurilish,177,8210000,3,orta,58
A002682,Nazarov Behruz,M,33,Andijon,IT,12,5590000,1,orta,10
A002683,Yo'ldoshev Davron,M,49,Samarqand,savdo,54,2050000,6,orta_maxsus,108
A002684,Qodirov Akmal,M,44,Jizzax,savdo,49,1940000,7,oliy,80
A002685,Musayev Farrux,M,45,Sirdaryo,IT,100,5730000,4,orta_maxsus,103
A002686,Aliyev Muslima,F,59,Qoraqalpog'iston,xususiy,80,4830000,6,oliy,104
A002687,Toshmatov Mohira,F,29,Qoraqalpog'iston,byudjet,61,4280000,3,orta,114
A002688,Ochilov Zilola,F,55,Jizzax,ishsiz,0,4620000,7,orta_maxsus,1
A002689,Boboyev Zarina,F,47,Samarqand,xususiy,133,6410000,2,oliy,113
A002690,Sattorov Mohira,F,35,Samarqand,byudjet,11,3920000,6,orta,119
A002691,Abdullayev Zarina,F,28,Qashqadaryo,byudjet,21,5560000,5,orta,52
A002692,Ravshanov Gulnora,F,46,Xorazm,qurilish,163,6160000,3,oliy,120
A002693,Umarov Nargiza,F,45,Navoiy,xususiy,9,5250000,7,orta_maxsus,89
A002694,Mirzayev Lola,F,40,Namangan,o'z_ishi,167,10610000,2,oliy,88
A002695,Nazarov Elyor,M,39,Qashqadaryo,savdo,80,6480000,3,orta_maxsus,93
A002696,Ergashev Bobur,M,50,Namangan,byudjet,34,6790000,2,orta,117
A002697,Egamberdiyev Ulugbek,M,41,Andijon,savdo,160,4840000,5,orta,0
A002698,Saidov Zilola,F,58,Farg'ona,xususiy,44,1430000,3,orta_maxsus,63
A002699,Sultonov Akmal,M,47,Toshkent,byudjet,120,10600000,2,orta,113
A002700,Muhammadiyev Shahzoda,F,39,Xorazm,xususiy,30,2450000,5,orta,92
