application_id,applicant_id,ariza_sana,sorlgan_summa,maqsad,muddat_oy,mavjud_oylik_yuk,natija
AP000001,A000001,2024-09-18,10962468,avto,36,0,toladi
AP000002,A000002,2024-10-25,19041821,ipoteka,12,0,toladi
AP000003,A000003,2024-06-28,15543830,iste'mol,24,1761400,toladi
AP000004,A000004,2025-02-06,12781054,kredit_karta,60,0,toladi
AP000005,A000005,2024-08-06,16664226,ipoteka,6,0,toladi
AP000006,A000006,2024-05-22,20522130,kredit_karta,6,3036672,defolt
AP000007,A000007,2024-12-30,21334651,avto,24,0,toladi
AP000008,A000008,2024-05-19,23279391,mikrobiznes,60,0,toladi
AP000009,A000009,2024-07-24,5403963,kredit_karta,12,1041664,defolt
AP000010,A000010,2024-11-27,34651999,mikrobiznes,24,777346,toladi
AP000011,A000011,2024-06-24,17917118,iste'mol,6,1409131,toladi
AP000012,A000012,2024-12-01,4905240,mikrobiznes,6,904165,defolt
AP000013,A000013,2024-10-23,8278470,kredit_karta,12,0,toladi
AP000014,A000014,2024-07-09,17284359,mikrobiznes,36,314880,toladi
AP000015,A000015,2024-11-30,15301495,ta'lim,60,0,toladi
AP000016,A000016,2025-01-21,12036793,ta'lim,6,512877,toladi
AP000017,A000017,2024-10-08,8255048,avto,24,0,toladi
AP000018,A000018,2025-02-28,11489706,avto,12,1615530,toladi
AP000019,A000019,2024-04-13,28847322,mikrobiznes,6,0,toladi
AP000020,A000020,2024-08-03,23789155,ipoteka,60,1878920,toladi
AP000021,A000021,2024-05-07,20030017,kredit_karta,24,0,toladi
AP000022,A000022,2024-07-04,19980190,avto,36,417499,toladi
AP000023,A000023,2024-06-29,8566526,mikrobiznes,60,2350550,toladi
AP000024,A000024,2024-08-08,11904296,ipoteka,36,0,toladi
AP000025,A000025,2024-08-09,26422437,iste'mol,60,0,toladi
AP000026,A000026,2024-11-29,37047694,mikrobiznes,6,1053058,toladi
AP000027,A000027,2024-09-12,21012456,iste'mol,6,0,toladi
AP000028,A000028,2024-11-15,8971116,ta'lim,6,0,toladi
AP000029,A000029,2024-10-15,8116541,mikrobiznes,60,1597374,toladi
AP000030,A000030,2024-05-25,4975835,ta'lim,12,776960,defolt
AP000031,A000031,2025-02-23,20576558,ipoteka,60,2207074,defolt
AP000032,A000032,2024-08-04,25751842,mikrobiznes,60,89035,defolt
AP000033,A000033,2024-10-14,7941100,ta'lim,6,4933886,toladi
AP000034,A000034,2024-05-12,21119823,avto,6,1463266,toladi
AP000035,A000035,2024-11-19,16669075,kredit_karta,60,329812,toladi
AP000036,A000036,2024-09-27,10645540,avto,6,351327,toladi
AP000037,A000037,2024-11-13,16808266,kredit_karta,24,0,toladi
AP000038,A000038,2024-06-04,23264254,mikrobiznes,6,0,toladi
AP000039,A000039,2024-10-07,25098749,kredit_karta,24,203304,toladi
AP000040,A000040,2025-02-05,6221000,avto,12,0,toladi
AP000041,A000041,2024-09-03,15946414,kredit_karta,36,184317,toladi
AP000042,A000042,2024-07-24,12014972,kredit_karta,12,4514710,toladi
AP000043,A000043,2024-07-25,19576809,ta'lim,12,0,toladi
AP000044,A000044,2024-08-04,11784023,kredit_karta,6,1392712,toladi
AP000045,A000045,2025-01-14,13235628,mikrobiznes,24,0,toladi
AP000046,A000046,2024-12-14,17442002,ipoteka,36,0,toladi
AP000047,A000047,2024-10-01,36739502,ta'lim,36,7106367,toladi
AP000048,A000048,2025-01-30,10447019,iste'mol,12,1032501,toladi
AP000049,A000049,2024-09-02,13663276,avto,60,0,toladi
AP000050,A000050,2024-07-08,17093148,kredit_karta,12,0,toladi
AP000051,A000051,2024-11-01,10553888,iste'mol,60,4244839,defolt
AP000052,A000052,2024-12-22,4844649,kredit_karta,60,0,toladi
AP000053,A000053,2024-07-08,8777547,kredit_karta,60,176381,toladi
AP000054,A000054,2024-04-30,21626923,avto,6,4853395,defolt
AP000055,A000055,2025-02-21,9820289,kredit_karta,6,3837004,toladi
AP000056,A000056,2024-12-18,14684290,mikrobiznes,36,0,toladi
AP000057,A000057,2024-10-09,10840306,mikrobiznes,6,5062257,toladi
AP000058,A000058,2024-06-04,43809170,iste'mol,36,2253580,toladi
AP000059,A000059,2024-12-21,22926908,ipoteka,24,0,defolt
AP000060,A000060,2024-08-05,26923728,kredit_karta,12,1065639,toladi
AP000061,A000061,2024-09-05,36757768,ipoteka,12,3537000,toladi
AP000062,A000062,2024-04-19,10216425,kredit_karta,12,1355753,toladi
AP000063,A000063,2024-10-06,6830988,ipoteka,12,0,toladi
AP000064,A000064,2024-10-26,7562503,ta'lim,24,308738,toladi
AP000065,A000065,2024-12-28,6109636,mikrobiznes,12,4395296,defolt
AP000066,A000066,2024-09-19,18049039,kredit_karta,12,195562,toladi
AP000067,A000067,2024-07-14,19393791,avto,36,2853294,defolt
AP000068,A000068,2025-02-27,9147602,avto,36,7555992,defolt
AP000069,A000069,2025-02-28,7305628,avto,60,1790472,toladi
AP000070,A000070,2024-06-13,9823030,ta'lim,12,0,toladi
AP000071,A000071,2024-12-18,30237381,ta'lim,60,6110500,toladi
AP000072,A000072,2024-11-04,23027098,ipoteka,12,604680,toladi
AP000073,A000073,2025-01-10,10152477,ta'lim,24,0,toladi
AP000074,A000074,2025-01-07,20179793,iste'mol,6,295759,toladi
AP000075,A000075,2024-09-28,38150537,ipoteka,24,0,toladi
AP000076,A000076,2024-12-25,10839247,mikrobiznes,36,1747307,toladi
AP000077,A000077,2024-05-27,22146991,ta'lim,12,0,toladi
AP000078,A000078,2024-12-19,76703263,iste'mol,12,0,toladi
AP000079,A000079,2024-07-16,24026562,ta'lim,60,0,toladi
AP000080,A000080,2024-12-26,33176278,mikrobiznes,24,4225554,toladi
AP000081,A000081,2025-02-04,7232767,kredit_karta,60,0,toladi
AP000082,A000082,2024-11-24,4965859,kredit_karta,24,2744087,toladi
AP000083,A000083,2024-05-15,15026174,iste'mol,60,0,toladi
AP000084,A000084,2024-07-06,11495068,mikrobiznes,24,0,toladi
AP000085,A000085,2024-11-27,18377905,kredit_karta,6,0,toladi
AP000086,A000086,2025-02-17,56395728,mikrobiznes,6,393240,toladi
AP000087,A000087,2024-08-19,27601627,ipoteka,6,0,toladi
AP000088,A000088,2024-05-14,16554112,ta'lim,24,193641,toladi
AP000089,A000089,2024-08-06,24325655,iste'mol,12,5616864,toladi
AP000090,A000090,2024-11-23,10929932,ipoteka,24,0,toladi
AP000091,A000091,2024-07-27,10718759,kredit_karta,60,0,toladi
AP000092,A000092,2024-11-11,20506283,iste'mol,24,696338,toladi
AP000093,A000093,2025-02-15,6516537,avto,6,853189,toladi
AP000094,A000094,2024-10-20,72471227,kredit_karta,36,237756,toladi
AP000095,A000095,2024-04-25,5584092,ipoteka,36,440921,toladi
AP000096,A000096,2024-09-20,11519600,iste'mol,6,0,toladi
AP000097,A000097,2025-01-12,27827113,ipoteka,6,0,toladi
AP000098,A000098,2024-10-01,10598728,kredit_karta,6,9471473,defolt
AP000099,A000099,2024-09-14,26086920,kredit_karta,60,379265,toladi
AP000100,A000100,2024-08-22,16965289,kredit_karta,6,412142,toladi
AP000101,A000101,2024-06-21,10542901,avto,24,0,toladi
AP000102,A000102,2024-08-29,17537396,kredit_karta,24,0,toladi
AP000103,A000103,2025-02-17,20424101,ipoteka,60,0,toladi
AP000104,A000104,2024-12-27,14517470,avto,12,191911,toladi
AP000105,A000105,2025-01-09,26536383,iste'mol,12,0,toladi
AP000106,A000106,2024-07-28,15941187,ta'lim,6,0,toladi
AP000107,A000107,2024-04-24,6352947,mikrobiznes,24,2155846,toladi
AP000108,A000108,2024-12-10,19527379,mikrobiznes,60,0,toladi
AP000109,A000109,2024-08-07,12221947,kredit_karta,6,0,toladi
AP000110,A000110,2024-07-31,15979714,ipoteka,36,0,toladi
AP000111,A000111,2025-01-21,50767132,mikrobiznes,6,1060907,toladi
AP000112,A000112,2024-11-09,20716571,ta'lim,6,194788,defolt
AP000113,A000113,2024-08-12,15380514,ipoteka,6,859090,toladi
AP000114,A000114,2024-05-22,10976681,avto,36,86296,toladi
AP000115,A000115,2024-09-26,12973001,ta'lim,24,638199,toladi
AP000116,A000116,2024-08-25,16995468,kredit_karta,60,0,toladi
AP000117,A000117,2024-12-17,10822795,avto,6,0,toladi
AP000118,A000118,2024-07-31,26160620,iste'mol,6,0,toladi
AP000119,A000119,2024-09-23,18032922,kredit_karta,6,681725,toladi
AP000120,A000120,2024-10-21,39809417,avto,6,255055,toladi
AP000121,A000121,2025-02-06,16309420,iste'mol,6,1566011,toladi
AP000122,A000122,2024-04-12,68187557,ta'lim,60,0,toladi
AP000123,A000123,2025-01-30,16796718,ipoteka,36,0,toladi
AP000124,A000124,2025-01-24,20300563,iste'mol,36,853753,toladi
AP000125,A000125,2025-02-24,30298834,ipoteka,6,0,toladi
AP000126,A000126,2024-11-21,23234109,mikrobiznes,36,1148658,toladi
AP000127,A000127,2024-11-11,8804019,ta'lim,60,0,toladi
AP000128,A000128,2024-04-15,6506186,iste'mol,36,4747714,defolt
AP000129,A000129,2024-04-14,31956088,iste'mol,12,2390883,defolt
AP000130,A000130,2024-05-24,26048257,avto,6,1786790,toladi
AP000131,A000131,2024-06-15,10153396,mikrobiznes,36,0,defolt
AP000132,A000132,2025-01-02,8514704,kredit_karta,36,2051463,defolt
AP000133,A000133,2024-10-20,12802507,ipoteka,36,2678171,toladi
AP000134,A000134,2024-05-07,8444682,mikrobiznes,12,0,toladi
AP000135,A000135,2024-09-23,20790119,iste'mol,36,0,toladi
AP000136,A000136,2024-04-29,21362810,avto,12,1431282,toladi
AP000137,A000137,2024-09-01,34499138,ipoteka,36,655346,toladi
AP000138,A000138,2024-09-03,8675772,iste'mol,24,192382,toladi
AP000139,A000139,2025-02-23,13918698,mikrobiznes,12,774253,toladi
AP000140,A000140,2024-11-07,13411935,kredit_karta,60,3277238,toladi
AP000141,A000141,2024-10-20,22314421,iste'mol,60,0,toladi
AP000142,A000142,2024-04-13,12231949,ipoteka,6,0,toladi
AP000143,A000143,2024-04-16,8339132,iste'mol,60,445536,toladi
AP000144,A000144,2025-02-14,16349725,avto,12,0,toladi
AP000145,A000145,2024-05-18,18082385,ipoteka,24,0,toladi
AP000146,A000146,2024-04-18,17763530,ta'lim,36,454934,toladi
AP000147,A000147,2024-10-05,17518136,iste'mol,24,0,toladi
AP000148,A000148,2024-11-29,8123079,kredit_karta,6,467279,toladi
AP000149,A000149,2024-12-05,9767166,ipoteka,60,0,toladi
AP000150,A000150,2024-04-13,15785423,ta'lim,60,0,toladi
AP000151,A000151,2024-08-21,25997833,kredit_karta,36,0,toladi
AP000152,A000152,2024-08-25,34125787,avto,12,713742,toladi
AP000153,A000153,2024-11-23,20701833,ta'lim,12,0,toladi
AP000154,A000154,2024-10-25,5963858,ipoteka,12,0,toladi
AP000155,A000155,2025-01-31,14857689,ipoteka,60,2843208,toladi
AP000156,A000156,2024-09-04,65260032,kredit_karta,60,318936,toladi
AP000157,A000157,2024-06-03,36718866,iste'mol,24,2262938,toladi
AP000158,A000158,2024-04-22,8292758,mikrobiznes,12,0,toladi
AP000159,A000159,2024-07-08,52481457,mikrobiznes,24,0,toladi
AP000160,A000160,2024-05-11,15017466,kredit_karta,36,0,toladi
AP000161,A000161,2024-11-08,45538242,ipoteka,36,0,toladi
AP000162,A000162,2025-01-01,33911604,iste'mol,6,0,toladi
AP000163,A000163,2024-10-11,7793738,kredit_karta,12,307053,toladi
AP000164,A000164,2024-04-14,21938625,iste'mol,6,0,toladi
AP000165,A000165,2024-05-17,11507011,ipoteka,36,631243,toladi
AP000166,A000166,2025-02-15,18156083,kredit_karta,60,1450550,toladi
AP000167,A000167,2025-02-07,8108374,ta'lim,12,1686952,toladi
AP000168,A000168,2024-05-15,5190247,mikrobiznes,36,0,toladi
AP000169,A000169,2025-01-21,6683156,iste'mol,12,2320258,toladi
AP000170,A000170,2024-05-07,27670244,mikrobiznes,36,0,toladi
AP000171,A000171,2024-12-03,4529152,iste'mol,36,0,toladi
AP000172,A000172,2025-02-04,37786362,ipoteka,24,837780,toladi
AP000173,A000173,2025-01-06,33793541,iste'mol,6,0,toladi
AP000174,A000174,2024-10-16,54683720,ta'lim,36,849223,toladi
AP000175,A000175,2025-01-10,4177473,iste'mol,60,3368037,toladi
AP000176,A000176,2024-08-21,6536224,mikrobiznes,24,0,toladi
AP000177,A000177,2024-06-01,7655221,kredit_karta,60,923308,toladi
AP000178,A000178,2024-11-02,23884104,kredit_karta,60,0,toladi
AP000179,A000179,2024-07-06,39175288,ipoteka,60,4571507,toladi
AP000180,A000180,2024-08-11,10018322,avto,24,8607623,toladi
AP000181,A000181,2024-10-16,13596736,mikrobiznes,12,574624,toladi
AP000182,A000182,2025-02-23,23980757,kredit_karta,12,0,toladi
AP000183,A000183,2024-09-25,19072805,iste'mol,36,426500,toladi
AP000184,A000184,2024-11-08,10068861,ipoteka,60,1426617,toladi
AP000185,A000185,2024-08-15,7053808,ipoteka,12,0,toladi
AP000186,A000186,2024-04-09,37415508,mikrobiznes,60,518962,toladi
AP000187,A000187,2024-07-15,59712798,ta'lim,60,0,toladi
AP000188,A000188,2024-12-01,8650678,ta'lim,36,154213,toladi
AP000189,A000189,2024-07-06,18333992,avto,24,8296753,toladi
AP000190,A000190,2024-04-14,13212510,ipoteka,12,0,toladi
AP000191,A000191,2024-05-23,23712234,kredit_karta,60,0,toladi
AP000192,A000192,2024-11-04,20662870,kredit_karta,60,494637,toladi
AP000193,A000193,2024-07-28,22024225,iste'mol,24,660308,toladi
AP000194,A000194,2024-04-20,8221943,mikrobiznes,6,358498,toladi
AP000195,A000195,2024-05-24,10923843,kredit_karta,6,79497,toladi
AP000196,A000196,2024-10-08,20678031,ta'lim,12,0,toladi
AP000197,A000197,2025-02-15,26584230,mikrobiznes,6,2122275,toladi
AP000198,A000198,2024-08-22,16261197,ipoteka,12,11709810,toladi
AP000199,A000199,2025-01-17,6275116,kredit_karta,6,271400,toladi
AP000200,A000200,2025-02-01,14771028,mikrobiznes,36,728774,toladi
AP000201,A000201,2024-08-08,20048829,ipoteka,36,0,toladi
AP000202,A000202,2024-11-27,13462125,iste'mol,24,929331,toladi
AP000203,A000203,2024-09-15,11772115,ta'lim,36,0,toladi
AP000204,A000204,2024-08-04,10034355,avto,24,367129,toladi
AP000205,A000205,2024-06-01,9325512,ipoteka,60,1347185,toladi
AP000206,A000206,2024-07-14,18897500,ta'lim,12,0,toladi
AP000207,A000207,2024-10-11,14607796,mikrobiznes,60,0,toladi
AP000208,A000208,2025-02-16,4597236,mikrobiznes,6,1206295,toladi
AP000209,A000209,2024-10-13,6960406,kredit_karta,60,2738815,toladi
AP000210,A000210,2025-02-22,22794160,ta'lim,12,0,toladi
AP000211,A000211,2024-12-03,7973498,mikrobiznes,60,0,toladi
AP000212,A000212,2024-08-21,9462197,ipoteka,6,0,toladi
AP000213,A000213,2025-01-24,30685990,kredit_karta,60,0,toladi
AP000214,A000214,2024-07-31,27161508,mikrobiznes,24,243817,toladi
AP000215,A000215,2024-04-16,48392076,mikrobiznes,6,0,defolt
AP000216,A000216,2024-12-18,10538140,avto,60,1083217,toladi
AP000217,A000217,2024-12-12,33917050,kredit_karta,24,0,toladi
AP000218,A000218,2024-11-08,26813654,kredit_karta,6,199675,toladi
AP000219,A000219,2024-07-24,15782326,avto,36,0,defolt
AP000220,A000220,2025-01-18,9386899,mikrobiznes,60,887354,toladi
AP000221,A000221,2024-09-13,74374361,ta'lim,60,0,toladi
AP000222,A000222,2024-04-15,10250644,ipoteka,60,0,toladi
AP000223,A000223,2024-04-21,15900689,kredit_karta,60,0,toladi
AP000224,A000224,2024-09-17,18841135,ta'lim,60,0,toladi
AP000225,A000225,2024-07-20,8137985,kredit_karta,12,0,defolt
AP000226,A000226,2024-11-10,6500535,kredit_karta,36,1598664,toladi
AP000227,A000227,2024-10-17,17409157,ipoteka,36,0,toladi
AP000228,A000228,2024-09-06,12852924,avto,12,0,toladi
AP000229,A000229,2024-05-07,12789238,ipoteka,24,0,toladi
AP000230,A000230,2024-10-13,45293180,ta'lim,24,0,defolt
AP000231,A000231,2025-02-10,17986112,avto,60,0,toladi
AP000232,A000232,2024-07-10,19740948,avto,12,0,toladi
AP000233,A000233,2024-05-22,19161361,avto,36,304388,toladi
AP000234,A000234,2024-06-30,6665842,ipoteka,36,0,defolt
AP000235,A000235,2024-09-07,10301997,mikrobiznes,36,0,toladi
AP000236,A000236,2025-01-10,15312961,kredit_karta,6,0,toladi
AP000237,A000237,2024-04-07,12067852,ipoteka,12,979655,toladi
AP000238,A000238,2025-02-19,48026470,kredit_karta,6,1841380,toladi
AP000239,A000239,2024-06-25,22042238,avto,60,1297389,toladi
AP000240,A000240,2025-01-24,16765910,mikrobiznes,36,437570,toladi
AP000241,A000241,2024-11-12,9044271,ta'lim,36,252296,toladi
AP000242,A000242,2024-11-23,20283879,iste'mol,6,1229609,defolt
AP000243,A000243,2024-04-15,15955806,avto,6,639206,toladi
AP000244,A000244,2024-10-01,11157648,ta'lim,6,0,toladi
AP000245,A000245,2024-12-18,17793169,iste'mol,6,866013,toladi
AP000246,A000246,2024-05-29,23147258,ta'lim,36,0,toladi
AP000247,A000247,2024-11-13,13032747,kredit_karta,6,1293543,toladi
AP000248,A000248,2024-09-04,26378834,mikrobiznes,36,0,toladi
AP000249,A000249,2025-01-04,5246879,iste'mol,24,428988,toladi
AP000250,A000250,2024-08-09,11639600,iste'mol,24,3935311,defolt
AP000251,A000251,2024-10-02,12369963,mikrobiznes,60,0,toladi
AP000252,A000252,2024-12-15,19071559,kredit_karta,60,174333,toladi
AP000253,A000253,2024-06-29,28446569,avto,24,569598,toladi
AP000254,A000254,2024-10-06,18860313,kredit_karta,60,256818,toladi
AP000255,A000255,2025-01-30,3887577,ta'lim,36,2964577,toladi
AP000256,A000256,2024-12-16,21087893,avto,24,0,toladi
AP000257,A000257,2024-05-25,30811538,ipoteka,36,1968539,toladi
AP000258,A000258,2025-02-25,7167275,ta'lim,60,0,defolt
AP000259,A000259,2024-08-28,20079741,iste'mol,24,1551672,toladi
AP000260,A000260,2024-06-04,24559162,mikrobiznes,6,4130992,defolt
AP000261,A000261,2025-02-05,20367998,avto,6,0,toladi
AP000262,A000262,2025-02-22,17165078,iste'mol,24,2973961,toladi
AP000263,A000263,2024-08-16,8056987,mikrobiznes,12,4555747,toladi
AP000264,A000264,2024-12-31,13237968,avto,12,1099848,toladi
AP000265,A000265,2024-09-15,10979531,iste'mol,24,830842,toladi
AP000266,A000266,2024-10-01,5026582,kredit_karta,6,0,toladi
AP000267,A000267,2024-07-02,39928556,kredit_karta,36,0,toladi
AP000268,A000268,2024-09-18,27182300,mikrobiznes,6,527353,toladi
AP000269,A000269,2024-12-07,17068902,ipoteka,12,680656,toladi
AP000270,A000270,2024-09-12,8668846,ipoteka,6,629917,toladi
AP000271,A000271,2024-09-11,5937367,iste'mol,6,0,toladi
AP000272,A000272,2024-10-03,21044884,ta'lim,12,192257,toladi
AP000273,A000273,2024-04-24,5765811,avto,6,3642302,toladi
AP000274,A000274,2024-05-09,22627349,iste'mol,60,0,toladi
AP000275,A000275,2024-10-26,13427282,ta'lim,6,793853,toladi
AP000276,A000276,2024-08-24,10383351,ta'lim,6,3118180,toladi
AP000277,A000277,2024-09-27,27390781,avto,12,54231,toladi
AP000278,A000278,2024-04-08,11536016,avto,24,2668373,toladi
AP000279,A000279,2025-01-13,8618855,kredit_karta,60,0,toladi
AP000280,A000280,2024-11-06,10260430,iste'mol,24,3014461,defolt
AP000281,A000281,2025-02-09,6918012,ipoteka,12,0,toladi
AP000282,A000282,2024-04-25,25563580,avto,12,0,toladi
AP000283,A000283,2024-06-08,3684627,avto,60,560377,toladi
AP000284,A000284,2025-02-05,27153017,ipoteka,6,0,toladi
AP000285,A000285,2024-05-24,10088482,avto,36,0,toladi
AP000286,A000286,2025-01-26,17423604,ta'lim,36,0,toladi
AP000287,A000287,2024-06-17,6074199,kredit_karta,24,0,toladi
AP000288,A000288,2024-07-03,7562882,ta'lim,36,0,toladi
AP000289,A000289,2024-11-23,26888013,mikrobiznes,60,830815,toladi
AP000290,A000290,2024-07-23,40060811,mikrobiznes,6,0,toladi
AP000291,A000291,2024-07-01,6590740,mikrobiznes,12,7044536,defolt
AP000292,A000292,2024-04-10,18137489,iste'mol,6,0,toladi
AP000293,A000293,2025-01-17,18803008,ta'lim,6,0,toladi
AP000294,A000294,2024-05-24,23162156,mikrobiznes,12,3856333,toladi
AP000295,A000295,2024-07-13,15525477,avto,36,0,defolt
AP000296,A000296,2024-08-18,35205095,ipoteka,12,2519723,defolt
AP000297,A000297,2024-08-04,7756263,ta'lim,24,1257309,toladi
AP000298,A000298,2024-11-28,39731156,avto,6,683635,defolt
AP000299,A000299,2024-11-19,28970521,mikrobiznes,24,0,toladi
AP000300,A000300,2024-12-18,28315014,avto,24,544037,toladi
AP000301,A000301,2024-09-08,5008184,ipoteka,6,0,toladi
AP000302,A000302,2025-02-03,13686951,kredit_karta,12,308044,toladi
AP000303,A000303,2024-12-28,12058020,avto,12,0,toladi
AP000304,A000304,2024-10-17,13742152,kredit_karta,36,0,toladi
AP000305,A000305,2024-12-12,47903240,kredit_karta,6,342208,toladi
AP000306,A000306,2024-11-23,25200063,ipoteka,36,0,toladi
AP000307,A000307,2024-10-13,9966550,ta'lim,24,1429415,toladi
AP000308,A000308,2025-01-11,42560774,avto,36,0,toladi
AP000309,A000309,2024-07-16,10804807,mikrobiznes,24,902278,toladi
AP000310,A000310,2024-07-31,18684853,ta'lim,60,7386229,defolt
AP000311,A000311,2024-05-30,2580010,iste'mol,6,0,toladi
AP000312,A000312,2024-07-29,18726498,kredit_karta,60,6782926,toladi
AP000313,A000313,2024-12-03,7342395,kredit_karta,24,4521492,toladi
AP000314,A000314,2024-06-01,14481123,ipoteka,12,0,toladi
AP000315,A000315,2024-05-31,9843911,mikrobiznes,12,0,toladi
AP000316,A000316,2024-11-05,22201062,ta'lim,36,425474,toladi
AP000317,A000317,2024-08-19,25369231,ipoteka,6,0,toladi
AP000318,A000318,2024-11-06,33964038,ta'lim,6,1037983,toladi
AP000319,A000319,2024-09-30,64794777,mikrobiznes,12,0,toladi
AP000320,A000320,2024-10-08,33243155,ta'lim,24,846447,toladi
AP000321,A000321,2024-11-15,57313281,iste'mol,24,991885,toladi
AP000322,A000322,2024-11-03,4908056,kredit_karta,12,0,toladi
AP000323,A000323,2024-09-18,30002576,ipoteka,60,2535319,defolt
AP000324,A000324,2024-04-15,10596428,ipoteka,24,3468637,toladi
AP000325,A000325,2024-05-12,9580119,mikrobiznes,6,0,toladi
AP000326,A000326,2024-09-26,25783570,ta'lim,6,0,toladi
AP000327,A000327,2024-10-14,18536314,iste'mol,60,0,toladi
AP000328,A000328,2025-02-16,15913436,kredit_karta,12,2063575,toladi
AP000329,A000329,2024-12-09,29422226,mikrobiznes,12,0,toladi
AP000330,A000330,2025-01-18,20346293,avto,12,0,toladi
AP000331,A000331,2024-09-04,11538644,ipoteka,36,3402224,toladi
AP000332,A000332,2024-08-29,45638279,mikrobiznes,24,0,toladi
AP000333,A000333,2024-04-13,26971184,avto,36,0,defolt
AP000334,A000334,2024-06-16,4542474,ipoteka,60,0,toladi
AP000335,A000335,2024-07-07,9006772,iste'mol,6,3261781,toladi
AP000336,A000336,2024-10-20,7479432,mikrobiznes,36,0,toladi
AP000337,A000337,2025-02-24,31726283,iste'mol,60,872953,toladi
AP000338,A000338,2025-01-10,14466418,ta'lim,6,2135159,toladi
AP000339,A000339,2024-10-23,17676466,ta'lim,36,492816,toladi
AP000340,A000340,2024-09-08,8881512,ipoteka,6,0,toladi
AP000341,A000341,2024-04-22,49530527,ta'lim,12,6241187,toladi
AP000342,A000342,2024-06-01,23691500,ipoteka,36,0,toladi
AP000343,A000343,2025-02-23,9414121,iste'mol,6,1941925,toladi
AP000344,A000344,2024-12-30,6159368,avto,24,847459,toladi
AP000345,A000345,2024-10-03,52650738,ipoteka,12,0,toladi
AP000346,A000346,2024-10-17,26776398,mikrobiznes,60,4744116,toladi
AP000347,A000347,2024-04-29,6353276,ta'lim,6,1058007,toladi
AP000348,A000348,2024-04-14,21164151,iste'mol,12,593309,defolt
AP000349,A000349,2024-05-12,21211050,ipoteka,6,2048431,toladi
AP000350,A000350,2024-10-16,15530248,ta'lim,60,0,toladi
AP000351,A000351,2025-01-18,36387611,ta'lim,12,0,toladi
AP000352,A000352,2024-08-28,5076104,ipoteka,12,0,toladi
AP000353,A000353,2024-05-07,57685245,kredit_karta,12,1412126,toladi
AP000354,A000354,2024-09-08,20309463,ta'lim,36,0,toladi
AP000355,A000355,2024-09-10,18225749,ta'lim,12,0,toladi
AP000356,A000356,2024-07-19,6432592,ipoteka,36,0,toladi
AP000357,A000357,2024-05-27,7291934,ipoteka,36,5079999,defolt
AP000358,A000358,2024-09-01,11017151,iste'mol,60,0,toladi
AP000359,A000359,2025-01-06,32756156,avto,24,3058674,toladi
AP000360,A000360,2024-11-11,20075300,mikrobiznes,24,1287504,toladi
AP000361,A000361,2024-08-05,10017990,iste'mol,24,160992,toladi
AP000362,A000362,2024-05-22,15191524,mikrobiznes,60,0,toladi
AP000363,A000363,2024-07-25,30016088,mikrobiznes,36,0,toladi
AP000364,A000364,2024-10-03,11054070,avto,36,758322,defolt
AP000365,A000365,2024-05-31,18445184,kredit_karta,12,2544028,toladi
AP000366,A000366,2024-12-15,34318587,kredit_karta,36,1048596,defolt
AP000367,A000367,2024-06-23,26692652,ta'lim,60,8455715,toladi
AP000368,A000368,2024-09-03,22557286,kredit_karta,12,0,defolt
AP000369,A000369,2024-06-10,21257846,kredit_karta,6,0,toladi
AP000370,A000370,2024-09-14,9438270,mikrobiznes,60,701389,defolt
AP000371,A000371,2024-10-24,7985548,iste'mol,6,0,toladi
AP000372,A000372,2025-01-11,43168835,mikrobiznes,60,0,toladi
AP000373,A000373,2025-01-05,7881754,avto,60,441036,toladi
AP000374,A000374,2024-04-19,73084886,avto,24,1292892,toladi
AP000375,A000375,2024-07-31,9145784,iste'mol,24,0,toladi
AP000376,A000376,2025-01-26,6640957,avto,6,0,toladi
AP000377,A000377,2024-04-29,11791285,avto,24,1280682,toladi
AP000378,A000378,2024-10-19,19086411,kredit_karta,6,0,toladi
AP000379,A000379,2024-04-29,11156236,mikrobiznes,60,403958,toladi
AP000380,A000380,2024-09-28,53500824,kredit_karta,24,0,toladi
AP000381,A000381,2024-09-21,4036987,ipoteka,24,0,toladi
AP000382,A000382,2024-07-08,5176128,kredit_karta,24,596204,toladi
AP000383,A000383,2024-09-13,7920682,kredit_karta,12,4784050,toladi
AP000384,A000384,2024-09-29,17984351,mikrobiznes,60,0,toladi
AP000385,A000385,2024-06-07,11674080,kredit_karta,36,944087,toladi
AP000386,A000386,2024-12-28,3740509,ta'lim,12,877949,toladi
AP000387,A000387,2024-06-05,17313470,ipoteka,60,0,toladi
AP000388,A000388,2024-05-06,33087671,mikrobiznes,12,0,toladi
AP000389,A000389,2024-09-06,4506080,mikrobiznes,24,2995026,defolt
AP000390,A000390,2024-06-06,21113826,iste'mol,60,0,toladi
AP000391,A000391,2025-01-28,7708445,iste'mol,6,99195,toladi
AP000392,A000392,2024-09-25,78307095,avto,24,0,toladi
AP000393,A000393,2024-06-19,42710358,iste'mol,36,0,toladi
AP000394,A000394,2024-08-11,19496130,mikrobiznes,24,0,defolt
AP000395,A000395,2024-04-22,19433220,ta'lim,36,932250,toladi
AP000396,A000396,2024-11-25,54135122,mikrobiznes,12,1159115,toladi
AP000397,A000397,2024-12-15,14356840,ipoteka,6,2238399,toladi
AP000398,A000398,2024-09-16,16698232,mikrobiznes,24,2187009,toladi
AP000399,A000399,2024-11-04,23900629,avto,60,1255557,toladi
AP000400,A000400,2025-02-02,25442175,iste'mol,12,891488,toladi
AP000401,A000401,2024-09-15,20140553,kredit_karta,6,331129,toladi
AP000402,A000402,2024-05-08,10406610,kredit_karta,60,0,toladi
AP000403,A000403,2024-10-13,16099436,mikrobiznes,6,1361327,toladi
AP000404,A000404,2024-11-01,4938194,ipoteka,24,1502562,toladi
AP000405,A000405,2025-01-06,4927850,ta'lim,60,583817,toladi
AP000406,A000406,2024-12-06,67161620,ipoteka,36,1132690,toladi
AP000407,A000407,2024-09-12,59089188,mikrobiznes,24,1854249,toladi
AP000408,A000408,2024-04-09,10582853,ta'lim,12,0,toladi
AP000409,A000409,2025-01-28,33300875,ipoteka,6,0,toladi
AP000410,A000410,2025-02-18,16460790,mikrobiznes,24,886214,toladi
AP000411,A000411,2025-01-04,51827539,ta'lim,36,3295167,toladi
AP000412,A000412,2024-09-24,17610111,avto,24,3986425,toladi
AP000413,A000413,2024-06-29,54923528,kredit_karta,36,3769406,toladi
AP000414,A000414,2024-10-24,14399049,mikrobiznes,6,0,toladi
AP000415,A000415,2024-10-04,70394486,ipoteka,24,1616937,toladi
AP000416,A000416,2024-06-01,21292285,mikrobiznes,12,1661389,toladi
AP000417,A000417,2024-06-08,57560896,iste'mol,12,469406,toladi
AP000418,A000418,2024-11-14,10877582,kredit_karta,60,1859133,toladi
AP000419,A000419,2025-01-07,4421618,iste'mol,60,0,toladi
AP000420,A000420,2024-05-17,3517103,kredit_karta,24,0,toladi
AP000421,A000421,2024-05-24,50452551,ipoteka,36,0,toladi
AP000422,A000422,2024-12-15,24965638,kredit_karta,24,0,toladi
AP000423,A000423,2024-12-07,9740424,ta'lim,36,0,toladi
AP000424,A000424,2024-10-04,14541758,ta'lim,24,344312,toladi
AP000425,A000425,2024-11-18,43785464,avto,60,0,toladi
AP000426,A000426,2024-08-24,12898296,avto,24,2456621,toladi
AP000427,A000427,2024-09-28,7232538,mikrobiznes,6,271295,toladi
AP000428,A000428,2024-11-25,10586350,ta'lim,12,0,toladi
AP000429,A000429,2024-05-03,8013099,avto,6,0,toladi
AP000430,A000430,2025-02-18,1147340,iste'mol,36,248856,toladi
AP000431,A000431,2024-09-26,5714364,ta'lim,24,2424523,toladi
AP000432,A000432,2024-09-10,108413005,avto,60,0,toladi
AP000433,A000433,2024-08-26,15435960,iste'mol,12,0,toladi
AP000434,A000434,2024-07-30,15191249,mikrobiznes,60,0,toladi
AP000435,A000435,2024-10-09,12789817,avto,60,0,toladi
AP000436,A000436,2024-05-01,18244663,mikrobiznes,12,0,toladi
AP000437,A000437,2024-04-13,6576146,avto,60,0,toladi
AP000438,A000438,2024-12-22,18924815,ipoteka,60,456257,toladi
AP000439,A000439,2024-09-14,24308171,avto,60,125327,toladi
AP000440,A000440,2024-05-20,22399725,kredit_karta,12,665252,toladi
AP000441,A000441,2024-11-17,7771863,avto,60,0,toladi
AP000442,A000442,2024-12-19,7846750,ta'lim,12,3923485,toladi
AP000443,A000443,2024-08-29,49998252,ipoteka,60,0,defolt
AP000444,A000444,2025-01-16,13024372,kredit_karta,60,2814141,toladi
AP000445,A000445,2024-12-17,21108547,kredit_karta,36,1233675,toladi
AP000446,A000446,2024-07-04,14130048,ta'lim,12,3652916,defolt
AP000447,A000447,2024-08-24,44743887,ipoteka,12,397878,toladi
AP000448,A000448,2024-08-13,9840164,ipoteka,60,0,toladi
AP000449,A000449,2024-12-22,11096304,kredit_karta,24,0,toladi
AP000450,A000450,2024-06-01,5694208,kredit_karta,36,0,toladi
AP000451,A000451,2024-09-09,11428149,ta'lim,36,1284991,toladi
AP000452,A000452,2025-02-21,13475951,ta'lim,12,1102470,defolt
AP000453,A000453,2024-12-19,21967020,ipoteka,6,4216866,toladi
AP000454,A000454,2024-07-13,10214449,avto,6,3175635,defolt
AP000455,A000455,2024-06-22,26933477,ipoteka,12,1412618,toladi
AP000456,A000456,2024-06-10,7573463,mikrobiznes,6,606502,toladi
AP000457,A000457,2024-11-03,25348717,mikrobiznes,6,2416695,toladi
AP000458,A000458,2025-02-04,15667079,mikrobiznes,24,0,toladi
AP000459,A000459,2025-01-30,12977078,kredit_karta,36,0,toladi
AP000460,A000460,2024-11-04,74421726,ipoteka,12,590238,toladi
AP000461,A000461,2024-04-24,16322906,kredit_karta,6,0,toladi
AP000462,A000462,2024-08-24,54667256,iste'mol,6,2494978,toladi
AP000463,A000463,2024-10-13,29991531,avto,6,0,toladi
AP000464,A000464,2024-10-20,15170460,ta'lim,12,0,toladi
AP000465,A000465,2024-06-16,11205712,ipoteka,24,0,toladi
AP000466,A000466,2024-08-15,59450140,kredit_karta,12,425587,toladi
AP000467,A000467,2024-10-04,65318758,ipoteka,12,0,defolt
AP000468,A000468,2024-05-29,26507804,kredit_karta,24,0,toladi
AP000469,A000469,2024-06-04,5297963,kredit_karta,36,0,toladi
AP000470,A000470,2024-11-05,20405482,ipoteka,60,0,toladi
AP000471,A000471,2024-09-25,7283501,mikrobiznes,6,708872,toladi
AP000472,A000472,2024-08-29,7916459,iste'mol,24,621049,toladi
AP000473,A000473,2024-09-01,28448473,ipoteka,12,0,toladi
AP000474,A000474,2024-08-10,11865512,mikrobiznes,60,623634,toladi
AP000475,A000475,2024-10-16,9776881,iste'mol,12,1125595,toladi
AP000476,A000476,2024-08-03,29409218,ta'lim,24,0,toladi
AP000477,A000477,2024-08-17,29513534,kredit_karta,24,3942505,toladi
AP000478,A000478,2024-09-23,32019910,iste'mol,6,699225,toladi
AP000479,A000479,2024-08-13,10960931,kredit_karta,6,3034347,toladi
AP000480,A000480,2024-05-01,39776733,ta'lim,36,0,toladi
AP000481,A000481,2024-08-20,8441643,avto,60,0,defolt
AP000482,A000482,2024-10-24,6135649,mikrobiznes,24,645017,toladi
AP000483,A000483,2024-04-11,4337007,mikrobiznes,12,0,toladi
AP000484,A000484,2024-10-05,13582156,ta'lim,36,999704,toladi
AP000485,A000485,2025-01-03,9121858,ta'lim,12,13616526,defolt
AP000486,A000486,2024-04-20,76840112,avto,60,994051,toladi
AP000487,A000487,2024-09-01,39457699,kredit_karta,36,6028951,defolt
AP000488,A000488,2024-11-21,4470876,mikrobiznes,12,8532185,toladi
AP000489,A000489,2024-12-23,9482398,avto,36,0,toladi
AP000490,A000490,2024-07-30,19918443,avto,12,760905,toladi
AP000491,A000491,2024-10-09,18474277,mikrobiznes,36,0,toladi
AP000492,A000492,2024-12-01,14065761,ta'lim,60,596103,toladi
AP000493,A000493,2024-08-16,53580320,avto,24,643648,defolt
AP000494,A000494,2025-02-18,72796117,mikrobiznes,12,0,toladi
AP000495,A000495,2024-12-08,19834958,iste'mol,60,780810,toladi
AP000496,A000496,2024-11-09,20927597,iste'mol,36,0,toladi
AP000497,A000497,2024-09-24,19451948,avto,24,5898851,defolt
AP000498,A000498,2025-02-26,11298411,ipoteka,36,0,toladi
AP000499,A000499,2024-04-18,5347869,avto,12,3728984,toladi
AP000500,A000500,2024-08-06,15907156,avto,36,0,toladi
AP000501,A000501,2024-07-13,35170299,iste'mol,12,0,toladi
AP000502,A000502,2025-02-10,12667166,iste'mol,36,0,toladi
AP000503,A000503,2024-10-25,21296353,ipoteka,12,198620,toladi
AP000504,A000504,2025-01-20,28255280,iste'mol,6,795600,toladi
AP000505,A000505,2024-12-20,43001724,avto,24,2774948,toladi
AP000506,A000506,2024-12-13,8660787,kredit_karta,6,0,toladi
AP000507,A000507,2025-02-10,21077400,avto,36,1279252,toladi
AP000508,A000508,2024-08-30,6630882,ta'lim,6,0,toladi
AP000509,A000509,2024-08-01,13942999,ipoteka,60,624213,defolt
AP000510,A000510,2024-06-10,39913844,avto,6,0,toladi
AP000511,A000511,2024-04-21,11465010,avto,24,1529406,toladi
AP000512,A000512,2024-04-07,12666057,ipoteka,36,0,toladi
AP000513,A000513,2024-09-05,63751251,mikrobiznes,6,1114492,toladi
AP000514,A000514,2024-12-12,23627245,avto,6,0,toladi
AP000515,A000515,2024-04-05,37251725,iste'mol,6,0,toladi
AP000516,A000516,2024-10-04,25253309,ipoteka,36,2185299,toladi
AP000517,A000517,2025-02-15,21644078,ipoteka,60,2205711,toladi
AP000518,A000518,2024-05-08,18759199,iste'mol,6,0,toladi
AP000519,A000519,2025-02-10,20208348,ta'lim,24,4901197,toladi
AP000520,A000520,2024-11-27,23797320,kredit_karta,60,69608,defolt
AP000521,A000521,2024-07-31,8167080,ta'lim,60,280842,toladi
AP000522,A000522,2024-06-09,15623045,ipoteka,6,1441574,toladi
AP000523,A000523,2024-12-19,14895026,mikrobiznes,6,0,toladi
AP000524,A000524,2024-05-21,13813839,mikrobiznes,6,3046358,defolt
AP000525,A000525,2024-04-15,18822986,avto,12,918678,toladi
AP000526,A000526,2025-01-24,40705125,iste'mol,36,471398,toladi
AP000527,A000527,2025-02-22,6233739,ta'lim,36,177895,toladi
AP000528,A000528,2024-09-05,6587996,mikrobiznes,6,0,toladi
AP000529,A000529,2024-06-12,14868321,kredit_karta,36,1408515,defolt
AP000530,A000530,2024-10-22,3376792,mikrobiznes,12,2204482,defolt
AP000531,A000531,2024-12-22,14668307,ta'lim,6,3676224,toladi
AP000532,A000532,2024-10-24,6418231,iste'mol,12,4076827,toladi
AP000533,A000533,2024-12-02,22925847,avto,36,0,defolt
AP000534,A000534,2025-01-29,12067709,iste'mol,12,3246586,toladi
AP000535,A000535,2025-02-01,18544415,ta'lim,36,447014,toladi
AP000536,A000536,2024-11-20,19919056,iste'mol,6,0,toladi
AP000537,A000537,2024-11-13,14176230,avto,36,0,toladi
AP000538,A000538,2025-02-05,10978807,kredit_karta,12,15453371,toladi
AP000539,A000539,2024-09-18,7314969,kredit_karta,36,220800,toladi
AP000540,A000540,2024-08-21,11917868,mikrobiznes,12,0,toladi
AP000541,A000541,2024-10-22,42487271,mikrobiznes,60,395627,toladi
AP000542,A000542,2024-04-24,59389565,avto,36,3629675,defolt
AP000543,A000543,2025-01-15,14970108,avto,24,3782571,toladi
AP000544,A000544,2024-11-04,11694785,iste'mol,12,0,toladi
AP000545,A000545,2024-08-09,7775685,mikrobiznes,6,98793,toladi
AP000546,A000546,2025-01-23,13315165,ipoteka,6,0,toladi
AP000547,A000547,2025-01-14,23275767,kredit_karta,24,0,toladi
AP000548,A000548,2024-08-16,3088429,ta'lim,36,0,toladi
AP000549,A000549,2024-10-22,13411840,iste'mol,12,0,toladi
AP000550,A000550,2024-08-14,17657092,ta'lim,36,0,toladi
AP000551,A000551,2024-06-05,42546351,iste'mol,12,1204579,toladi
AP000552,A000552,2024-06-26,15441093,mikrobiznes,6,1570831,defolt
AP000553,A000553,2024-11-05,31237911,iste'mol,6,1004829,toladi
AP000554,A000554,2024-06-15,31863009,kredit_karta,24,213306,toladi
AP000555,A000555,2024-04-11,13250016,avto,6,0,toladi
AP000556,A000556,2024-06-10,28076267,mikrobiznes,24,2972946,defolt
AP000557,A000557,2024-07-25,17763880,iste'mol,6,273687,toladi
AP000558,A000558,2024-11-17,39200022,avto,36,2510986,toladi
AP000559,A000559,2024-06-10,27028376,ipoteka,24,0,toladi
AP000560,A000560,2025-02-15,10353335,kredit_karta,12,0,toladi
AP000561,A000561,2025-01-14,17813860,iste'mol,36,0,toladi
AP000562,A000562,2024-12-01,1671140,ta'lim,36,0,toladi
AP000563,A000563,2024-08-13,53549054,avto,60,0,defolt
AP000564,A000564,2024-07-08,10234154,kredit_karta,12,2498915,toladi
AP000565,A000565,2024-05-28,15022281,mikrobiznes,24,0,toladi
AP000566,A000566,2025-01-22,23110655,ipoteka,36,1956847,toladi
AP000567,A000567,2025-02-12,6706548,ta'lim,36,4269944,defolt
AP000568,A000568,2024-06-02,12843063,kredit_karta,24,0,toladi
AP000569,A000569,2024-08-09,5318320,ipoteka,12,0,toladi
AP000570,A000570,2024-11-07,34191306,iste'mol,60,96326,toladi
AP000571,A000571,2024-08-08,12629473,kredit_karta,6,0,toladi
AP000572,A000572,2024-08-10,8103247,iste'mol,6,0,toladi
AP000573,A000573,2024-10-16,11667758,iste'mol,36,13600898,toladi
AP000574,A000574,2025-01-12,14501123,avto,24,0,defolt
AP000575,A000575,2024-04-18,18793995,ta'lim,12,820082,toladi
AP000576,A000576,2025-01-30,13518588,kredit_karta,36,382418,toladi
AP000577,A000577,2024-11-21,31883865,iste'mol,60,2621371,toladi
AP000578,A000578,2024-12-11,12999729,mikrobiznes,6,0,defolt
AP000579,A000579,2024-05-18,20275903,mikrobiznes,36,1410287,toladi
AP000580,A000580,2024-10-01,25095072,iste'mol,6,0,defolt
AP000581,A000581,2024-07-20,5076088,ipoteka,36,0,toladi
AP000582,A000582,2025-02-05,34340008,iste'mol,36,0,defolt
AP000583,A000583,2024-04-24,5381620,ta'lim,24,0,toladi
AP000584,A000584,2024-06-07,20095653,avto,60,3992372,toladi
AP000585,A000585,2025-01-01,12844692,ipoteka,6,446858,toladi
AP000586,A000586,2024-11-30,18098743,avto,12,0,toladi
AP000587,A000587,2025-02-05,13567938,kredit_karta,6,3015692,toladi
AP000588,A000588,2024-11-16,27733633,ta'lim,24,0,toladi
AP000589,A000589,2024-04-13,6718414,kredit_karta,24,246681,toladi
AP000590,A000590,2024-11-04,9783433,avto,36,0,toladi
AP000591,A000591,2024-09-22,23862296,avto,12,0,defolt
AP000592,A000592,2024-12-13,74462004,avto,6,0,toladi
AP000593,A000593,2024-04-26,62931197,ta'lim,36,0,toladi
AP000594,A000594,2024-10-15,27067985,kredit_karta,6,5054346,toladi
AP000595,A000595,2024-07-08,44504359,ta'lim,60,213861,toladi
AP000596,A000596,2024-07-01,11156608,avto,6,0,toladi
AP000597,A000597,2024-09-14,7949364,ipoteka,12,55706,toladi
AP000598,A000598,2024-06-09,40154127,iste'mol,24,1329286,toladi
AP000599,A000599,2024-06-10,36906860,kredit_karta,36,2273646,toladi
AP000600,A000600,2024-12-14,20133285,kredit_karta,6,0,toladi
AP000601,A000601,2025-02-04,20677360,avto,12,0,toladi
AP000602,A000602,2024-09-13,17493864,mikrobiznes,24,0,toladi
AP000603,A000603,2024-04-23,22730276,avto,6,0,toladi
AP000604,A000604,2024-11-09,32625358,iste'mol,60,0,toladi
AP000605,A000605,2024-11-28,20250444,ipoteka,36,0,toladi
AP000606,A000606,2024-11-13,8600590,ipoteka,6,805101,toladi
AP000607,A000607,2024-12-01,38123520,iste'mol,36,294376,toladi
AP000608,A000608,2025-02-18,11890954,iste'mol,12,864486,toladi
AP000609,A000609,2024-05-01,22511712,mikrobiznes,12,6681937,defolt
AP000610,A000610,2024-10-23,14202620,avto,36,1513343,toladi
AP000611,A000611,2024-05-12,35771211,ipoteka,24,0,toladi
AP000612,A000612,2024-12-18,9209303,iste'mol,6,3709712,defolt
AP000613,A000613,2024-11-03,8313272,ipoteka,24,534326,toladi
AP000614,A000614,2025-02-04,5319080,kredit_karta,6,0,toladi
AP000615,A000615,2024-09-03,15249213,ta'lim,36,0,toladi
AP000616,A000616,2024-07-20,7689418,kredit_karta,6,3336012,defolt
AP000617,A000617,2025-02-16,25047181,iste'mol,60,134067,toladi
AP000618,A000618,2024-12-06,20162909,mikrobiznes,36,6587740,toladi
AP000619,A000619,2024-04-07,32889654,ipoteka,12,1389063,toladi
AP000620,A000620,2024-04-11,7316169,mikrobiznes,36,361932,toladi
AP000621,A000621,2024-09-10,15892867,iste'mol,24,0,toladi
AP000622,A000622,2025-01-25,7176514,ipoteka,6,0,toladi
AP000623,A000623,2024-08-18,15101435,mikrobiznes,6,3131149,toladi
AP000624,A000624,2024-10-04,17046283,ipoteka,12,442809,toladi
AP000625,A000625,2024-10-25,33026072,avto,6,687717,toladi
AP000626,A000626,2024-12-20,9866219,ipoteka,24,0,toladi
AP000627,A000627,2024-06-30,13386740,ta'lim,36,1626705,toladi
AP000628,A000628,2024-05-01,13614613,iste'mol,60,605021,toladi
AP000629,A000629,2024-10-09,27539308,kredit_karta,6,338592,toladi
AP000630,A000630,2024-04-16,19700149,avto,12,0,toladi
AP000631,A000631,2024-10-14,21723153,kredit_karta,24,8148156,defolt
AP000632,A000632,2024-09-10,12552266,ipoteka,12,1109806,toladi
AP000633,A000633,2024-12-04,34981419,ta'lim,24,0,toladi
AP000634,A000634,2024-07-08,14577872,ta'lim,24,1113759,toladi
AP000635,A000635,2024-08-24,28698429,ta'lim,24,0,toladi
AP000636,A000636,2025-02-15,57165883,ipoteka,60,699336,toladi
AP000637,A000637,2024-08-20,12893924,ta'lim,60,442205,toladi
AP000638,A000638,2025-02-22,16840063,iste'mol,36,455163,toladi
AP000639,A000639,2024-11-30,167237475,iste'mol,60,0,toladi
AP000640,A000640,2024-11-15,17367038,ipoteka,12,889256,toladi
AP000641,A000641,2024-09-17,8110903,avto,6,0,toladi
AP000642,A000642,2025-02-20,2428337,avto,12,0,toladi
AP000643,A000643,2024-10-23,19302872,ta'lim,6,0,toladi
AP000644,A000644,2024-05-20,61167167,mikrobiznes,24,256150,toladi
AP000645,A000645,2024-10-10,14944194,mikrobiznes,6,0,toladi
AP000646,A000646,2025-01-29,7166023,kredit_karta,12,1380498,toladi
AP000647,A000647,2024-10-02,22305181,mikrobiznes,12,0,toladi
AP000648,A000648,2024-12-19,6552603,kredit_karta,60,9143383,toladi
AP000649,A000649,2025-02-23,5694706,ta'lim,6,0,toladi
AP000650,A000650,2025-02-13,5464098,mikrobiznes,12,1418886,toladi
AP000651,A000651,2024-05-23,15864232,kredit_karta,60,0,toladi
AP000652,A000652,2024-04-15,8604019,ta'lim,12,2784927,toladi
AP000653,A000653,2024-09-08,41405754,avto,24,0,defolt
AP000654,A000654,2024-12-03,8398028,mikrobiznes,60,0,toladi
AP000655,A000655,2024-07-05,17284264,kredit_karta,12,0,toladi
AP000656,A000656,2025-01-06,46325448,ipoteka,60,0,toladi
AP000657,A000657,2024-11-16,11231945,avto,60,142895,toladi
AP000658,A000658,2024-07-24,10358126,ta'lim,36,0,toladi
AP000659,A000659,2024-12-13,15939963,ipoteka,60,566826,toladi
AP000660,A000660,2024-10-09,13632084,ta'lim,36,0,toladi
AP000661,A000661,2024-12-10,5552604,iste'mol,12,1082964,toladi
AP000662,A000662,2025-01-13,15095192,ipoteka,12,0,toladi
AP000663,A000663,2024-11-03,10105640,iste'mol,12,0,toladi
AP000664,A000664,2024-08-15,24843695,kredit_karta,12,13611117,defolt
AP000665,A000665,2024-12-01,6001601,iste'mol,12,2942967,toladi
AP000666,A000666,2024-10-07,5964454,kredit_karta,12,1041175,toladi
AP000667,A000667,2024-09-09,80520622,avto,6,0,toladi
AP000668,A000668,2024-08-24,57114565,ipoteka,36,284132,toladi
AP000669,A000669,2024-09-23,8186367,avto,6,1906161,toladi
AP000670,A000670,2024-07-05,30199300,ipoteka,24,412663,toladi
AP000671,A000671,2024-07-30,39146076,mikrobiznes,60,0,defolt
AP000672,A000672,2025-01-02,12940293,mikrobiznes,24,571457,toladi
AP000673,A000673,2025-01-30,30102923,iste'mol,24,609735,toladi
AP000674,A000674,2024-11-13,9925396,avto,36,1493021,toladi
AP000675,A000675,2025-01-20,11152929,ipoteka,6,0,toladi
AP000676,A000676,2025-01-21,20335433,kredit_karta,36,0,toladi
AP000677,A000677,2024-11-26,30904637,mikrobiznes,36,1556507,toladi
AP000678,A000678,2024-04-26,5102522,ta'lim,12,0,toladi
AP000679,A000679,2024-11-22,17336314,iste'mol,6,147249,toladi
AP000680,A000680,2025-01-17,16663806,ipoteka,6,6205486,toladi
AP000681,A000681,2024-05-10,14571852,kredit_karta,12,498429,toladi
AP000682,A000682,2024-08-29,25076311,ta'lim,12,4805256,toladi
AP000683,A000683,2025-01-11,16122093,ta'lim,36,9255108,toladi
AP000684,A000684,2024-05-08,41348717,kredit_karta,6,236955,toladi
AP000685,A000685,2025-01-12,21436463,mikrobiznes,6,963576,defolt
AP000686,A000686,2024-08-09,4999863,avto,24,599811,toladi
AP000687,A000687,2024-06-17,50971358,avto,24,1110897,toladi
AP000688,A000688,2024-08-21,20689273,ta'lim,36,596051,toladi
AP000689,A000689,2024-10-20,20082452,kredit_karta,24,1066429,toladi
AP000690,A000690,2024-12-10,68154071,iste'mol,12,1106036,toladi
AP000691,A000691,2025-01-27,11660364,ipoteka,36,5494695,toladi
AP000692,A000692,2024-07-07,9930903,ipoteka,60,3915405,toladi
AP000693,A000693,2024-12-05,33950369,ta'lim,6,746860,toladi
AP000694,A000694,2024-12-28,35869560,kredit_karta,6,0,toladi
AP000695,A000695,2024-07-09,19707860,ta'lim,12,2651364,toladi
AP000696,A000696,2024-07-18,11054218,mikrobiznes,6,0,toladi
AP000697,A000697,2024-08-18,22618450,kredit_karta,36,0,defolt
AP000698,A000698,2024-04-27,9484118,avto,36,0,toladi
AP000699,A000699,2024-06-02,6283154,iste'mol,24,564527,toladi
AP000700,A000700,2024-05-09,9483334,mikrobiznes,12,2444054,defolt
AP000701,A000701,2025-02-10,96972335,ipoteka,12,0,toladi
AP000702,A000702,2024-10-25,5570838,ipoteka,12,0,toladi
AP000703,A000703,2024-11-21,19924306,kredit_karta,6,10586471,toladi
AP000704,A000704,2025-02-07,11227161,ipoteka,24,0,toladi
AP000705,A000705,2024-11-27,12174474,ipoteka,12,71576,toladi
AP000706,A000706,2024-11-06,10832376,ipoteka,6,0,toladi
AP000707,A000707,2024-08-29,23294766,ipoteka,36,0,toladi
AP000708,A000708,2024-08-15,13931177,ta'lim,12,105990,toladi
AP000709,A000709,2024-06-23,14033793,ipoteka,36,0,toladi
AP000710,A000710,2024-12-07,14327441,kredit_karta,60,372970,toladi
AP000711,A000711,2024-08-01,7398895,avto,6,0,toladi
AP000712,A000712,2024-06-04,21347021,avto,12,1066147,toladi
AP000713,A000713,2024-05-25,6325782,iste'mol,60,0,toladi
AP000714,A000714,2024-08-20,16087428,iste'mol,36,8296523,toladi
AP000715,A000715,2024-06-07,26220424,iste'mol,12,2555686,toladi
AP000716,A000716,2024-06-16,25908501,iste'mol,12,0,toladi
AP000717,A000717,2024-06-12,23803634,kredit_karta,60,312288,toladi
AP000718,A000718,2024-04-25,8578015,avto,12,5354651,toladi
AP000719,A000719,2024-08-04,24546858,ta'lim,36,0,defolt
AP000720,A000720,2024-09-12,10080686,kredit_karta,6,139919,toladi
AP000721,A000721,2024-10-27,9084801,ta'lim,24,517767,toladi
AP000722,A000722,2024-06-14,27579796,ipoteka,24,10389287,defolt
AP000723,A000723,2024-07-08,8328125,mikrobiznes,60,0,toladi
AP000724,A000724,2024-10-21,12005367,ta'lim,60,0,toladi
AP000725,A000725,2024-05-12,11418771,ipoteka,6,0,toladi
AP000726,A000726,2024-11-01,29275444,iste'mol,36,819409,toladi
AP000727,A000727,2024-11-30,8211935,iste'mol,60,6872174,defolt
AP000728,A000728,2024-06-15,43053260,kredit_karta,12,660664,toladi
AP000729,A000729,2024-07-25,9354061,avto,6,0,toladi
AP000730,A000730,2024-06-17,14648950,iste'mol,6,0,toladi
AP000731,A000731,2025-01-10,24901779,mikrobiznes,6,0,toladi
AP000732,A000732,2025-02-09,17960200,ta'lim,6,0,defolt
AP000733,A000733,2024-10-14,7011154,mikrobiznes,60,0,toladi
AP000734,A000734,2024-12-17,4780690,kredit_karta,24,1693604,toladi
AP000735,A000735,2024-08-06,13662262,kredit_karta,36,561555,toladi
AP000736,A000736,2025-01-15,8807931,ta'lim,6,0,toladi
AP000737,A000737,2025-02-08,25972561,mikrobiznes,24,2133831,toladi
AP000738,A000738,2024-11-13,15188633,kredit_karta,6,234338,toladi
AP000739,A000739,2024-04-08,9879579,avto,24,0,toladi
AP000740,A000740,2024-10-17,25422155,kredit_karta,60,0,toladi
AP000741,A000741,2024-11-07,4592092,ipoteka,36,3974640,defolt
AP000742,A000742,2024-05-06,32816846,iste'mol,60,0,toladi
AP000743,A000743,2024-12-05,36274598,ta'lim,60,0,defolt
AP000744,A000744,2024-10-10,15252382,kredit_karta,12,2095981,toladi
AP000745,A000745,2024-12-13,49507815,kredit_karta,6,0,toladi
AP000746,A000746,2024-09-19,17356424,avto,12,877018,toladi
AP000747,A000747,2024-08-23,12959337,ipoteka,6,1033610,toladi
AP000748,A000748,2024-10-10,6598879,mikrobiznes,12,174779,toladi
AP000749,A000749,2024-04-21,20423886,ta'lim,6,0,toladi
AP000750,A000750,2024-08-20,15237264,ipoteka,60,641260,toladi
AP000751,A000751,2024-07-30,13985998,kredit_karta,6,0,toladi
AP000752,A000752,2024-10-21,6546584,avto,12,1030687,toladi
AP000753,A000753,2024-08-03,49687351,ta'lim,60,2744318,toladi
AP000754,A000754,2024-05-28,15845423,ta'lim,60,0,defolt
AP000755,A000755,2024-09-14,45250628,mikrobiznes,6,1446137,toladi
AP000756,A000756,2024-09-26,15431159,ipoteka,36,206368,toladi
AP000757,A000757,2025-01-28,30813936,mikrobiznes,36,0,toladi
AP000758,A000758,2025-02-09,13814822,iste'mol,36,0,toladi
AP000759,A000759,2024-11-20,6232700,mikrobiznes,12,0,toladi
AP000760,A000760,2024-04-23,14155123,ipoteka,60,6796714,toladi
AP000761,A000761,2024-05-07,14089208,iste'mol,36,397293,toladi
AP000762,A000762,2024-12-07,7651609,ipoteka,12,0,toladi
AP000763,A000763,2024-06-26,36484462,kredit_karta,36,0,toladi
AP000764,A000764,2025-02-14,23053361,iste'mol,6,694566,toladi
AP000765,A000765,2025-01-21,16882879,ipoteka,24,0,toladi
AP000766,A000766,2025-02-08,14909549,ta'lim,6,909669,toladi
AP000767,A000767,2025-01-24,40395664,ipoteka,6,3151918,toladi
AP000768,A000768,2025-02-26,33563796,mikrobiznes,60,0,toladi
AP000769,A000769,2024-12-03,28333669,iste'mol,36,0,toladi
AP000770,A000770,2024-08-03,13753934,kredit_karta,24,3361435,toladi
AP000771,A000771,2024-04-24,8726456,avto,24,0,toladi
AP000772,A000772,2024-05-28,9748897,ta'lim,6,0,toladi
AP000773,A000773,2024-06-24,11514093,ipoteka,60,0,toladi
AP000774,A000774,2024-07-21,20238582,avto,36,961624,toladi
AP000775,A000775,2024-07-22,18950129,ipoteka,24,1216778,toladi
AP000776,A000776,2024-06-13,7886985,avto,12,172491,toladi
AP000777,A000777,2024-08-22,7688741,iste'mol,6,815472,defolt
AP000778,A000778,2024-11-23,84813712,ta'lim,60,0,toladi
AP000779,A000779,2024-11-11,32327182,ipoteka,12,12808708,toladi
AP000780,A000780,2024-09-14,11027747,ipoteka,12,0,defolt
AP000781,A000781,2025-01-23,20464789,mikrobiznes,36,1526227,toladi
AP000782,A000782,2024-10-15,15993379,iste'mol,60,554780,toladi
AP000783,A000783,2024-11-30,44880341,iste'mol,36,4275979,defolt
AP000784,A000784,2024-10-04,27736116,avto,6,0,toladi
AP000785,A000785,2024-05-06,11306515,mikrobiznes,12,1974063,toladi
AP000786,A000786,2024-06-10,9834302,ipoteka,12,0,toladi
AP000787,A000787,2024-07-21,36076472,mikrobiznes,24,0,toladi
AP000788,A000788,2025-01-07,30029223,ipoteka,24,0,toladi
AP000789,A000789,2025-02-08,19447350,ipoteka,60,447517,toladi
AP000790,A000790,2024-11-04,7706246,mikrobiznes,36,7350168,toladi
AP000791,A000791,2024-10-16,35871634,mikrobiznes,6,0,defolt
AP000792,A000792,2024-08-29,4420680,ta'lim,6,0,toladi
AP000793,A000793,2024-05-20,26040623,ta'lim,36,577744,defolt
AP000794,A000794,2024-09-15,18917876,iste'mol,6,0,toladi
AP000795,A000795,2024-06-12,24436463,ta'lim,60,0,toladi
AP000796,A000796,2025-02-10,25999073,iste'mol,36,0,defolt
AP000797,A000797,2024-08-11,21485259,mikrobiznes,36,1265536,toladi
AP000798,A000798,2024-05-13,12040475,ipoteka,24,637321,toladi
AP000799,A000799,2024-07-07,36880935,mikrobiznes,24,0,toladi
AP000800,A000800,2024-07-06,47900271,ipoteka,6,0,toladi
AP000801,A000801,2024-12-01,23353145,iste'mol,36,0,toladi
AP000802,A000802,2024-08-09,9110020,ipoteka,12,0,toladi
AP000803,A000803,2024-04-21,21894849,ta'lim,60,0,toladi
AP000804,A000804,2025-02-12,6956475,mikrobiznes,24,0,toladi
AP000805,A000805,2024-08-03,8954891,ipoteka,6,1211094,toladi
AP000806,A000806,2024-08-07,40220196,mikrobiznes,36,0,toladi
AP000807,A000807,2025-01-02,22175103,mikrobiznes,36,74307,toladi
AP000808,A000808,2024-04-19,9673090,ta'lim,6,1506173,toladi
AP000809,A000809,2024-04-18,43526326,avto,60,0,toladi
AP000810,A000810,2024-08-05,11093796,ipoteka,6,1322299,toladi
AP000811,A000811,2024-09-02,23416246,avto,60,0,toladi
AP000812,A000812,2024-11-16,12162602,kredit_karta,24,0,toladi
AP000813,A000813,2024-07-09,29918227,iste'mol,36,1995701,toladi
AP000814,A000814,2024-12-27,15524786,ipoteka,24,1484614,toladi
AP000815,A000815,2024-12-18,5902865,ipoteka,24,0,defolt
AP000816,A000816,2024-04-08,3108460,ipoteka,60,2584985,toladi
AP000817,A000817,2025-02-19,11362906,ta'lim,12,475428,toladi
AP000818,A000818,2024-07-18,27662536,ipoteka,12,0,toladi
AP000819,A000819,2024-09-30,20257245,ta'lim,36,0,toladi
AP000820,A000820,2024-06-18,21338628,ipoteka,60,0,toladi
AP000821,A000821,2024-06-05,10913422,iste'mol,12,162805,toladi
AP000822,A000822,2024-05-08,36282247,kredit_karta,60,145918,defolt
AP000823,A000823,2024-08-19,14860983,mikrobiznes,36,0,toladi
AP000824,A000824,2024-12-21,38285988,ipoteka,12,6737099,toladi
AP000825,A000825,2024-07-21,4814627,ta'lim,36,0,toladi
AP000826,A000826,2024-09-06,27671066,mikrobiznes,60,2902466,defolt
AP000827,A000827,2024-07-03,5353961,avto,6,0,toladi
AP000828,A000828,2024-09-23,11458255,ta'lim,12,2234316,toladi
AP000829,A000829,2025-01-08,10762836,ipoteka,36,0,toladi
AP000830,A000830,2025-02-28,20106161,mikrobiznes,12,332815,toladi
AP000831,A000831,2025-02-13,10093077,ipoteka,36,0,toladi
AP000832,A000832,2024-08-16,32446159,ipoteka,60,805753,toladi
AP000833,A000833,2024-12-13,12299153,kredit_karta,60,313486,toladi
AP000834,A000834,2024-10-04,9898494,kredit_karta,12,10884150,defolt
AP000835,A000835,2024-12-30,17367803,iste'mol,6,131835,toladi
AP000836,A000836,2024-07-18,14459628,mikrobiznes,60,0,toladi
AP000837,A000837,2024-07-09,7740794,mikrobiznes,6,962819,toladi
AP000838,A000838,2024-10-18,15229872,kredit_karta,12,802651,toladi
AP000839,A000839,2024-09-28,7716926,mikrobiznes,36,629132,toladi
AP000840,A000840,2024-06-23,15839399,kredit_karta,12,2627102,toladi
AP000841,A000841,2024-06-10,7352401,iste'mol,12,1202041,toladi
AP000842,A000842,2024-11-10,10388896,kredit_karta,36,384145,toladi
AP000843,A000843,2024-07-15,47118459,ta'lim,24,316057,toladi
AP000844,A000844,2024-08-31,17451641,ipoteka,36,437038,toladi
AP000845,A000845,2024-06-30,26833922,mikrobiznes,36,809667,toladi
AP000846,A000846,2024-12-15,16256598,ta'lim,12,1066202,toladi
AP000847,A000847,2024-06-03,32495961,avto,12,0,toladi
AP000848,A000848,2024-06-11,14565712,ta'lim,12,0,toladi
AP000849,A000849,2024-04-05,39311687,ipoteka,6,806694,defolt
AP000850,A000850,2024-05-30,51525729,iste'mol,12,1647045,toladi
AP000851,A000851,2024-10-23,7190968,ipoteka,6,555659,toladi
AP000852,A000852,2024-06-11,14833016,kredit_karta,12,0,toladi
AP000853,A000853,2024-10-16,34306672,ta'lim,36,0,toladi
AP000854,A000854,2024-12-14,24960149,ta'lim,60,0,toladi
AP000855,A000855,2024-12-06,6958750,ta'lim,36,2528426,toladi
AP000856,A000856,2024-04-14,16801307,kredit_karta,12,1366054,defolt
AP000857,A000857,2024-07-12,9999665,ipoteka,12,0,toladi
AP000858,A000858,2025-02-24,19931744,kredit_karta,60,683923,toladi
AP000859,A000859,2024-07-29,7243436,ipoteka,60,0,toladi
AP000860,A000860,2025-01-21,16178681,mikrobiznes,36,2683235,toladi
AP000861,A000861,2025-01-18,43527712,avto,36,0,toladi
AP000862,A000862,2024-04-09,19775514,kredit_karta,24,0,toladi
AP000863,A000863,2024-12-30,15009762,ipoteka,60,333422,toladi
AP000864,A000864,2024-10-23,23017810,kredit_karta,36,659636,toladi
AP000865,A000865,2024-12-14,19190156,ipoteka,60,1987042,toladi
AP000866,A000866,2024-09-03,25180412,iste'mol,12,0,toladi
AP000867,A000867,2024-04-26,9071453,ipoteka,36,9226477,toladi
AP000868,A000868,2024-06-03,9990453,mikrobiznes,36,0,defolt
AP000869,A000869,2025-02-21,7924613,avto,12,0,toladi
AP000870,A000870,2024-11-28,17802870,iste'mol,60,0,toladi
AP000871,A000871,2024-09-29,15463453,mikrobiznes,24,0,toladi
AP000872,A000872,2024-07-19,71930602,mikrobiznes,36,337877,toladi
AP000873,A000873,2025-01-14,12364842,iste'mol,36,0,toladi
AP000874,A000874,2025-02-21,25440103,iste'mol,60,1148822,toladi
AP000875,A000875,2024-09-28,13915532,ipoteka,12,157158,toladi
AP000876,A000876,2024-11-02,12118712,ipoteka,12,2343895,toladi
AP000877,A000877,2024-07-14,24675344,avto,6,0,toladi
AP000878,A000878,2024-09-10,2207567,ipoteka,24,1112977,defolt
AP000879,A000879,2024-06-02,5794664,iste'mol,12,10516175,toladi
AP000880,A000880,2024-11-09,13640015,ipoteka,24,139808,toladi
AP000881,A000881,2024-05-02,23162804,iste'mol,12,5890231,toladi
AP000882,A000882,2025-01-17,10430995,kredit_karta,36,844424,toladi
AP000883,A000883,2024-12-28,36526798,ipoteka,6,0,toladi
AP000884,A000884,2024-09-23,30547578,ta'lim,36,0,toladi
AP000885,A000885,2024-10-03,33367036,kredit_karta,24,3568379,toladi
AP000886,A000886,2024-07-12,11433479,ipoteka,60,796798,toladi
AP000887,A000887,2025-02-08,19378342,avto,36,141328,toladi
AP000888,A000888,2024-04-24,11417837,mikrobiznes,36,0,toladi
AP000889,A000889,2025-02-28,12370731,ipoteka,12,8425646,toladi
AP000890,A000890,2024-08-06,9451296,avto,36,730856,toladi
AP000891,A000891,2024-12-11,91339545,iste'mol,36,2040169,toladi
AP000892,A000892,2024-10-11,14489503,ta'lim,24,0,toladi
AP000893,A000893,2024-06-08,68013699,iste'mol,60,1206006,toladi
AP000894,A000894,2024-12-26,9393369,ipoteka,60,4932709,toladi
AP000895,A000895,2024-09-05,7951188,mikrobiznes,36,0,toladi
AP000896,A000896,2024-09-14,11324436,avto,60,208513,toladi
AP000897,A000897,2024-06-05,6311402,kredit_karta,36,0,toladi
AP000898,A000898,2024-07-08,17436137,iste'mol,60,2945278,toladi
AP000899,A000899,2025-02-28,40241057,kredit_karta,36,0,toladi
AP000900,A000900,2025-01-22,28796084,mikrobiznes,24,0,toladi
AP000901,A000901,2024-08-21,10776458,ipoteka,12,1750071,toladi
AP000902,A000902,2024-07-28,19646128,ipoteka,24,0,toladi
AP000903,A000903,2024-11-04,19056817,mikrobiznes,36,92323,toladi
AP000904,A000904,2024-10-10,13228353,mikrobiznes,36,5542452,toladi
AP000905,A000905,2024-08-11,13835271,avto,6,723855,toladi
AP000906,A000906,2024-11-06,9640410,iste'mol,36,254806,toladi
AP000907,A000907,2024-10-24,4487194,kredit_karta,12,2047542,toladi
AP000908,A000908,2024-08-07,18924474,kredit_karta,24,0,toladi
AP000909,A000909,2025-02-16,50853381,ta'lim,60,0,toladi
AP000910,A000910,2024-09-17,50490569,mikrobiznes,12,0,toladi
AP000911,A000911,2024-11-30,18243842,kredit_karta,60,824431,toladi
AP000912,A000912,2025-01-22,10859339,kredit_karta,6,708627,toladi
AP000913,A000913,2025-02-25,16256579,ta'lim,36,1193915,toladi
AP000914,A000914,2024-08-07,19797859,mikrobiznes,12,0,toladi
AP000915,A000915,2024-10-15,16041850,mikrobiznes,6,8265133,toladi
AP000916,A000916,2024-05-12,15535183,mikrobiznes,6,0,defolt
AP000917,A000917,2024-06-02,17795038,ipoteka,24,0,toladi
AP000918,A000918,2025-02-17,69354289,ipoteka,12,0,toladi
AP000919,A000919,2024-08-02,11361769,ta'lim,6,0,defolt
AP000920,A000920,2024-09-29,9738400,kredit_karta,6,462331,toladi
AP000921,A000921,2024-04-24,20495314,kredit_karta,60,1783414,toladi
AP000922,A000922,2024-08-27,30615898,kredit_karta,12,0,defolt
AP000923,A000923,2024-07-12,9832343,iste'mol,24,865160,toladi
AP000924,A000924,2024-05-30,66860468,ta'lim,60,1477750,toladi
AP000925,A000925,2024-12-09,14582006,avto,36,211657,toladi
AP000926,A000926,2024-11-30,6878782,iste'mol,6,893017,toladi
AP000927,A000927,2024-09-03,49802359,mikrobiznes,6,599735,toladi
AP000928,A000928,2025-01-27,48583576,ta'lim,12,0,toladi
AP000929,A000929,2024-08-05,21277244,ta'lim,12,0,toladi
AP000930,A000930,2024-05-26,7465822,ipoteka,6,1354636,toladi
AP000931,A000931,2024-12-11,27672662,ipoteka,12,0,toladi
AP000932,A000932,2025-02-01,10541718,iste'mol,6,0,defolt
AP000933,A000933,2024-04-28,20641101,kredit_karta,6,2025595,toladi
AP000934,A000934,2024-05-03,41821891,mikrobiznes,12,2292667,defolt
AP000935,A000935,2024-09-16,7713167,avto,12,1134171,toladi
AP000936,A000936,2024-05-30,26640419,iste'mol,36,597370,toladi
AP000937,A000937,2025-02-12,12835472,avto,6,0,toladi
AP000938,A000938,2024-07-09,33184560,mikrobiznes,12,1740056,defolt
AP000939,A000939,2024-10-06,13286828,ta'lim,12,0,toladi
AP000940,A000940,2024-12-05,26563238,ipoteka,60,0,toladi
AP000941,A000941,2025-01-21,7900003,ta'lim,24,0,toladi
AP000942,A000942,2024-11-10,9671599,iste'mol,36,0,toladi
AP000943,A000943,2025-02-28,6876075,mikrobiznes,6,0,toladi
AP000944,A000944,2024-10-30,6057499,ipoteka,12,0,toladi
AP000945,A000945,2024-06-10,4989680,mikrobiznes,36,6967027,defolt
AP000946,A000946,2024-06-05,7661316,kredit_karta,36,119627,toladi
AP000947,A000947,2024-06-05,13871478,kredit_karta,6,0,toladi
AP000948,A000948,2025-01-01,30735025,iste'mol,60,0,toladi
AP000949,A000949,2024-04-14,21814163,iste'mol,6,0,toladi
AP000950,A000950,2024-05-29,70097276,kredit_karta,12,0,toladi
AP000951,A000951,2025-02-07,28549157,avto,24,2975859,defolt
AP000952,A000952,2024-11-08,8462138,iste'mol,24,0,defolt
AP000953,A000953,2024-09-09,12168235,avto,36,1337542,toladi
AP000954,A000954,2024-11-12,21200768,kredit_karta,36,246156,toladi
AP000955,A000955,2025-02-05,12426466,ipoteka,60,0,toladi
AP000956,A000956,2024-07-25,7256208,kredit_karta,60,508686,toladi
AP000957,A000957,2024-07-15,14418535,iste'mol,24,1032185,toladi
AP000958,A000958,2025-01-23,17606420,kredit_karta,24,0,toladi
AP000959,A000959,2024-09-02,7850113,avto,60,735597,toladi
AP000960,A000960,2024-07-13,10797900,avto,60,0,toladi
AP000961,A000961,2024-07-27,14032104,ipoteka,6,4578394,toladi
AP000962,A000962,2024-10-27,7780709,mikrobiznes,12,0,toladi
AP000963,A000963,2024-08-03,15439918,kredit_karta,24,0,toladi
AP000964,A000964,2024-05-30,17953400,ipoteka,36,3722882,defolt
AP000965,A000965,2024-04-19,18747543,ta'lim,36,0,toladi
AP000966,A000966,2024-06-11,5565931,avto,24,902008,toladi
AP000967,A000967,2024-12-08,15047710,ta'lim,6,1159643,toladi
AP000968,A000968,2024-07-02,30993127,avto,60,0,toladi
AP000969,A000969,2024-05-03,34226363,kredit_karta,12,0,toladi
AP000970,A000970,2024-04-27,10556146,iste'mol,24,0,toladi
AP000971,A000971,2025-01-21,35828528,avto,24,2086246,defolt
AP000972,A000972,2025-01-25,16360535,avto,60,1418302,toladi
AP000973,A000973,2024-11-06,5160285,avto,6,0,toladi
AP000974,A000974,2024-08-23,20348473,iste'mol,12,33998,toladi
AP000975,A000975,2024-04-06,15485442,mikrobiznes,24,0,toladi
AP000976,A000976,2024-12-08,21130257,avto,6,4523330,toladi
AP000977,A000977,2024-10-20,12748176,ipoteka,60,0,toladi
AP000978,A000978,2024-10-16,4226077,mikrobiznes,12,1068276,toladi
AP000979,A000979,2025-02-11,47136149,kredit_karta,12,0,toladi
AP000980,A000980,2024-05-31,5528599,kredit_karta,6,0,toladi
AP000981,A000981,2024-11-16,7164807,mikrobiznes,6,1140516,toladi
AP000982,A000982,2024-04-05,15996535,ta'lim,24,1988003,toladi
AP000983,A000983,2025-02-04,9989604,mikrobiznes,24,2286971,defolt
AP000984,A000984,2024-10-02,14698871,avto,6,0,toladi
AP000985,A000985,2024-06-25,13000986,avto,6,1608012,toladi
AP000986,A000986,2024-08-20,21300904,mikrobiznes,36,0,defolt
AP000987,A000987,2024-09-01,27500186,ipoteka,6,4668017,defolt
AP000988,A000988,2024-07-22,10037394,ta'lim,36,0,toladi
AP000989,A000989,2024-08-29,3573124,iste'mol,12,778895,toladi
AP000990,A000990,2024-04-08,22436837,mikrobiznes,24,0,toladi
AP000991,A000991,2024-09-15,21077332,avto,36,0,toladi
AP000992,A000992,2025-01-15,48199119,kredit_karta,6,3885103,toladi
AP000993,A000993,2024-10-11,15143262,ta'lim,24,0,defolt
AP000994,A000994,2024-05-27,3259752,iste'mol,60,0,toladi
AP000995,A000995,2024-06-30,10299086,mikrobiznes,60,0,defolt
AP000996,A000996,2024-04-13,13010352,ta'lim,60,138044,toladi
AP000997,A000997,2024-12-01,22834977,mikrobiznes,12,4403746,defolt
AP000998,A000998,2024-06-02,9126995,ta'lim,6,0,toladi
AP000999,A000999,2024-07-27,47937521,avto,12,1483342,defolt
AP001000,A001000,2024-09-26,23561359,iste'mol,36,2660137,defolt
AP001001,A001001,2025-02-04,79254283,kredit_karta,24,6193425,toladi
AP001002,A001002,2024-06-18,10225791,ta'lim,12,0,toladi
AP001003,A001003,2025-02-25,30604260,avto,12,0,defolt
AP001004,A001004,2024-09-01,18093069,mikrobiznes,6,4870137,toladi
AP001005,A001005,2024-07-03,25523768,kredit_karta,60,3013743,toladi
AP001006,A001006,2024-09-07,32321526,mikrobiznes,12,0,toladi
AP001007,A001007,2024-12-23,13988485,iste'mol,24,2681527,toladi
AP001008,A001008,2025-02-20,14787135,ipoteka,12,3780728,defolt
AP001009,A001009,2024-12-25,4513805,ta'lim,24,0,toladi
AP001010,A001010,2024-10-20,16591827,mikrobiznes,24,0,toladi
AP001011,A001011,2024-04-22,8217850,ipoteka,6,0,toladi
AP001012,A001012,2024-07-25,8620431,avto,60,0,toladi
AP001013,A001013,2024-08-23,18404999,avto,12,203515,toladi
AP001014,A001014,2024-06-27,19185479,ipoteka,36,0,toladi
AP001015,A001015,2024-06-06,10142451,kredit_karta,24,409465,toladi
AP001016,A001016,2024-08-29,16901191,iste'mol,24,6648136,defolt
AP001017,A001017,2024-11-18,6336738,kredit_karta,6,0,toladi
AP001018,A001018,2025-02-01,12166782,ipoteka,36,5772734,toladi
AP001019,A001019,2024-06-22,5550920,iste'mol,60,0,toladi
AP001020,A001020,2025-02-06,11598422,avto,24,0,toladi
AP001021,A001021,2024-08-30,11150382,ipoteka,60,206932,toladi
AP001022,A001022,2025-01-08,10441808,ta'lim,12,0,toladi
AP001023,A001023,2024-11-12,14573301,ipoteka,36,0,toladi
AP001024,A001024,2024-06-30,11768211,avto,60,1080883,toladi
AP001025,A001025,2024-09-23,57505582,ta'lim,60,428577,toladi
AP001026,A001026,2024-07-05,9663903,avto,36,0,toladi
AP001027,A001027,2024-07-14,15613921,ipoteka,60,1091454,toladi
AP001028,A001028,2025-01-25,15512583,ta'lim,24,0,toladi
AP001029,A001029,2024-06-02,44870801,mikrobiznes,6,1965684,defolt
AP001030,A001030,2024-07-23,11200639,iste'mol,24,0,toladi
AP001031,A001031,2024-09-01,8900772,ipoteka,60,1674604,toladi
AP001032,A001032,2024-07-05,25028786,ta'lim,36,0,defolt
AP001033,A001033,2024-04-30,14535934,ta'lim,36,596918,toladi
AP001034,A001034,2024-07-11,44478807,mikrobiznes,12,3410506,toladi
AP001035,A001035,2024-11-16,102609463,ta'lim,12,0,toladi
AP001036,A001036,2024-06-15,33924873,iste'mol,60,3229508,toladi
AP001037,A001037,2024-05-27,29598963,kredit_karta,36,0,toladi
AP001038,A001038,2024-07-26,5669150,iste'mol,24,0,toladi
AP001039,A001039,2025-02-14,11883474,ta'lim,12,0,toladi
AP001040,A001040,2025-01-23,16080544,ta'lim,6,0,toladi
AP001041,A001041,2025-02-21,18358381,avto,12,0,toladi
AP001042,A001042,2024-10-22,9943595,mikrobiznes,36,0,toladi
AP001043,A001043,2025-02-09,35997951,kredit_karta,24,0,toladi
AP001044,A001044,2024-06-29,26723003,ipoteka,24,0,toladi
AP001045,A001045,2024-08-18,13953488,kredit_karta,12,0,toladi
AP001046,A001046,2024-10-02,38823033,ta'lim,60,0,toladi
AP001047,A001047,2024-12-14,24061026,iste'mol,60,397179,toladi
AP001048,A001048,2025-02-09,69544121,ta'lim,12,261309,toladi
AP001049,A001049,2024-11-04,73517664,ta'lim,60,0,toladi
AP001050,A001050,2024-12-18,12494758,kredit_karta,60,7667369,defolt
AP001051,A001051,2025-02-05,8377881,mikrobiznes,36,0,toladi
AP001052,A001052,2024-08-07,8381232,kredit_karta,6,827762,toladi
AP001053,A001053,2024-08-29,6010959,iste'mol,6,0,toladi
AP001054,A001054,2025-01-21,16602990,kredit_karta,36,0,toladi
AP001055,A001055,2024-05-25,19864367,kredit_karta,60,0,toladi
AP001056,A001056,2024-11-11,26165261,iste'mol,6,1601922,defolt
AP001057,A001057,2024-10-11,24250917,ipoteka,6,1288690,toladi
AP001058,A001058,2024-07-06,19810748,ta'lim,6,2921327,toladi
AP001059,A001059,2024-12-08,17387022,ipoteka,6,975851,toladi
AP001060,A001060,2024-08-20,7543644,avto,6,0,toladi
AP001061,A001061,2025-02-20,49906096,kredit_karta,60,3010889,toladi
AP001062,A001062,2025-02-05,30949449,kredit_karta,24,0,toladi
AP001063,A001063,2024-10-27,11118989,mikrobiznes,36,3003333,toladi
AP001064,A001064,2024-05-28,17370832,iste'mol,24,0,toladi
AP001065,A001065,2024-11-13,7891514,ta'lim,24,0,toladi
AP001066,A001066,2024-05-30,27509462,ta'lim,12,0,toladi
AP001067,A001067,2024-06-11,55007980,iste'mol,60,303319,toladi
AP001068,A001068,2024-09-11,8820019,kredit_karta,6,0,toladi
AP001069,A001069,2024-06-20,2871251,iste'mol,36,0,toladi
AP001070,A001070,2024-06-18,10703260,ta'lim,6,1252226,toladi
AP001071,A001071,2024-08-18,19972763,ta'lim,24,998275,toladi
AP001072,A001072,2024-05-19,54810312,avto,12,0,toladi
AP001073,A001073,2024-10-12,14392119,mikrobiznes,24,285331,toladi
AP001074,A001074,2024-09-07,19215724,avto,6,0,toladi
AP001075,A001075,2024-10-18,33234676,avto,6,0,defolt
AP001076,A001076,2024-12-11,17215399,kredit_karta,12,0,toladi
AP001077,A001077,2025-02-14,15019124,mikrobiznes,60,911670,toladi
AP001078,A001078,2024-12-04,34300773,mikrobiznes,36,613519,toladi
AP001079,A001079,2024-05-15,17350484,avto,36,1093872,toladi
AP001080,A001080,2025-01-30,10354899,ta'lim,36,5453517,toladi
AP001081,A001081,2024-09-22,25188455,ta'lim,12,3418706,toladi
AP001082,A001082,2024-09-30,32866916,ipoteka,12,0,toladi
AP001083,A001083,2024-07-06,7067178,mikrobiznes,60,0,toladi
AP001084,A001084,2024-05-23,10809276,avto,36,6414825,toladi
AP001085,A001085,2024-10-04,33499085,iste'mol,6,1290781,toladi
AP001086,A001086,2025-01-09,25016045,mikrobiznes,12,222500,toladi
AP001087,A001087,2024-04-15,17335899,kredit_karta,6,3566496,toladi
AP001088,A001088,2024-11-08,5819000,avto,6,0,toladi
AP001089,A001089,2024-09-10,18662476,iste'mol,24,19447277,toladi
AP001090,A001090,2024-04-11,21949113,avto,24,0,toladi
AP001091,A001091,2024-08-16,38092156,iste'mol,60,237100,defolt
AP001092,A001092,2024-08-10,6957677,ipoteka,12,0,toladi
AP001093,A001093,2024-09-04,12153351,ipoteka,60,1373342,toladi
AP001094,A001094,2024-12-26,26362531,iste'mol,6,817817,toladi
AP001095,A001095,2024-10-23,20761546,avto,6,4473144,defolt
AP001096,A001096,2024-05-31,9224519,ipoteka,36,0,defolt
AP001097,A001097,2024-10-21,36499317,ta'lim,36,0,defolt
AP001098,A001098,2024-10-07,8684239,iste'mol,36,1134514,toladi
AP001099,A001099,2024-06-09,37480975,avto,60,0,toladi
AP001100,A001100,2024-10-06,21798917,avto,12,3255938,toladi
AP001101,A001101,2024-10-10,21594039,kredit_karta,24,0,toladi
AP001102,A001102,2024-07-07,41419066,ta'lim,24,2026858,toladi
AP001103,A001103,2024-10-24,11112814,avto,60,2160492,defolt
AP001104,A001104,2025-01-27,2735518,mikrobiznes,12,0,toladi
AP001105,A001105,2024-07-11,38018953,ta'lim,6,0,defolt
AP001106,A001106,2025-01-19,22171170,mikrobiznes,12,1204822,toladi
AP001107,A001107,2025-02-05,21452621,ta'lim,60,428271,toladi
AP001108,A001108,2024-06-10,8052540,iste'mol,12,0,toladi
AP001109,A001109,2025-02-15,17101847,kredit_karta,60,0,toladi
AP001110,A001110,2024-05-02,15958983,kredit_karta,36,0,toladi
AP001111,A001111,2024-04-26,40234071,ta'lim,24,1786639,toladi
AP001112,A001112,2024-06-23,13494226,ta'lim,60,0,toladi
AP001113,A001113,2024-09-17,9074352,mikrobiznes,24,1218429,toladi
AP001114,A001114,2025-01-13,19127378,ipoteka,12,6383910,toladi
AP001115,A001115,2024-04-18,14913475,kredit_karta,6,988901,toladi
AP001116,A001116,2025-01-01,33630892,iste'mol,12,0,toladi
AP001117,A001117,2024-09-08,5475542,kredit_karta,6,0,toladi
AP001118,A001118,2024-04-18,33390481,ta'lim,36,0,toladi
AP001119,A001119,2024-07-22,15836551,kredit_karta,24,4398764,toladi
AP001120,A001120,2025-02-24,13834046,iste'mol,36,0,toladi
AP001121,A001121,2024-06-10,19943993,mikrobiznes,36,5362307,toladi
AP001122,A001122,2024-07-14,4325119,ta'lim,36,0,toladi
AP001123,A001123,2024-09-28,7658814,iste'mol,24,1220475,toladi
AP001124,A001124,2024-05-10,47278760,avto,6,2527714,toladi
AP001125,A001125,2024-11-24,11855129,ta'lim,12,2411859,toladi
AP001126,A001126,2024-04-06,14854968,iste'mol,36,0,toladi
AP001127,A001127,2024-09-23,29452645,ipoteka,60,0,toladi
AP001128,A001128,2025-01-06,9728432,kredit_karta,60,3024787,toladi
AP001129,A001129,2024-04-28,13507289,iste'mol,36,742570,toladi
AP001130,A001130,2024-09-08,22722752,mikrobiznes,12,535551,toladi
AP001131,A001131,2025-02-28,14032805,ta'lim,12,1613166,toladi
AP001132,A001132,2024-10-17,13799684,avto,6,0,toladi
AP001133,A001133,2024-08-20,57691244,avto,36,3789887,toladi
AP001134,A001134,2024-10-06,36152061,kredit_karta,36,924843,toladi
AP001135,A001135,2024-12-27,12773550,avto,6,0,toladi
AP001136,A001136,2024-08-12,30104970,kredit_karta,36,846904,toladi
AP001137,A001137,2024-07-26,18867282,avto,12,408609,toladi
AP001138,A001138,2025-01-13,15103893,iste'mol,60,485508,defolt
AP001139,A001139,2024-11-11,9713736,iste'mol,24,228244,toladi
AP001140,A001140,2024-12-15,21298402,mikrobiznes,24,2044335,toladi
AP001141,A001141,2024-10-28,23719035,mikrobiznes,12,288781,toladi
AP001142,A001142,2024-08-04,35412254,mikrobiznes,6,0,toladi
AP001143,A001143,2024-05-17,58470959,ipoteka,60,2127397,toladi
AP001144,A001144,2024-06-24,17927696,kredit_karta,12,0,toladi
AP001145,A001145,2024-09-20,6286726,kredit_karta,36,0,toladi
AP001146,A001146,2024-07-10,44809083,mikrobiznes,24,0,toladi
AP001147,A001147,2024-09-18,18778955,kredit_karta,60,2017178,toladi
AP001148,A001148,2024-11-10,26075519,avto,36,0,toladi
AP001149,A001149,2024-10-10,11676059,ta'lim,6,0,toladi
AP001150,A001150,2025-01-02,14217614,avto,24,0,toladi
AP001151,A001151,2024-07-28,7522924,iste'mol,6,0,defolt
AP001152,A001152,2025-02-20,25276978,avto,24,1322109,toladi
AP001153,A001153,2024-12-25,7094585,iste'mol,36,0,toladi
AP001154,A001154,2024-11-14,17506139,avto,6,0,toladi
AP001155,A001155,2024-07-10,19915308,iste'mol,36,0,defolt
AP001156,A001156,2024-05-23,15441273,ipoteka,6,0,toladi
AP001157,A001157,2024-12-19,5461424,ipoteka,12,0,toladi
AP001158,A001158,2025-01-31,4388335,mikrobiznes,12,0,toladi
AP001159,A001159,2025-02-16,15806071,kredit_karta,60,0,toladi
AP001160,A001160,2024-07-02,29276258,ta'lim,60,0,toladi
AP001161,A001161,2024-08-15,44597351,iste'mol,60,448327,toladi
AP001162,A001162,2024-08-18,16601653,iste'mol,12,0,toladi
AP001163,A001163,2024-06-03,2112044,avto,6,0,toladi
AP001164,A001164,2024-06-29,13803476,ta'lim,24,271923,toladi
AP001165,A001165,2024-08-14,10496157,ta'lim,6,0,toladi
AP001166,A001166,2024-12-20,14910536,ta'lim,12,0,toladi
AP001167,A001167,2025-02-12,5484576,ipoteka,12,0,toladi
AP001168,A001168,2024-04-19,8856098,avto,24,968235,toladi
AP001169,A001169,2024-12-11,12897344,ta'lim,6,0,toladi
AP001170,A001170,2024-10-04,15589846,kredit_karta,60,0,toladi
AP001171,A001171,2024-07-13,10187540,kredit_karta,24,0,toladi
AP001172,A001172,2024-05-10,5398600,avto,24,2748303,toladi
AP001173,A001173,2024-06-13,26438006,mikrobiznes,60,8034921,toladi
AP001174,A001174,2024-04-10,2727040,mikrobiznes,6,4664935,toladi
AP001175,A001175,2024-06-14,21618580,avto,60,1214532,defolt
AP001176,A001176,2024-08-21,16573727,iste'mol,6,1230475,toladi
AP001177,A001177,2024-07-12,5036525,kredit_karta,36,471185,toladi
AP001178,A001178,2024-08-05,15808985,ipoteka,6,0,toladi
AP001179,A001179,2024-06-27,15969549,avto,60,0,toladi
AP001180,A001180,2024-04-22,33153119,ta'lim,36,264187,toladi
AP001181,A001181,2025-01-22,36929233,mikrobiznes,60,692591,toladi
AP001182,A001182,2024-04-23,5958052,avto,24,1164296,toladi
AP001183,A001183,2024-12-20,7004537,iste'mol,24,921378,toladi
AP001184,A001184,2024-11-16,14602602,iste'mol,60,4018864,defolt
AP001185,A001185,2024-09-20,15999180,kredit_karta,36,0,toladi
AP001186,A001186,2024-12-29,9224960,kredit_karta,60,1174826,toladi
AP001187,A001187,2024-06-29,17862199,mikrobiznes,60,0,toladi
AP001188,A001188,2025-02-20,52851458,kredit_karta,24,0,toladi
AP001189,A001189,2024-11-10,4299002,mikrobiznes,36,0,toladi
AP001190,A001190,2025-02-05,5184892,avto,36,0,toladi
AP001191,A001191,2024-04-11,13117862,avto,36,567262,toladi
AP001192,A001192,2024-07-09,15880245,avto,60,0,toladi
AP001193,A001193,2024-08-08,25339505,kredit_karta,12,0,defolt
AP001194,A001194,2024-11-22,12026490,kredit_karta,12,2339972,toladi
AP001195,A001195,2024-10-19,16770450,ta'lim,60,0,defolt
AP001196,A001196,2025-01-25,32783431,iste'mol,60,2149153,toladi
AP001197,A001197,2024-12-28,13998312,kredit_karta,60,2789966,toladi
AP001198,A001198,2024-06-30,8647844,kredit_karta,12,7535223,defolt
AP001199,A001199,2024-12-22,21734491,kredit_karta,12,0,toladi
AP001200,A001200,2024-12-19,47937008,mikrobiznes,36,0,toladi
AP001201,A001201,2024-05-30,23096251,avto,12,471758,toladi
AP001202,A001202,2024-10-20,17502859,ta'lim,36,0,defolt
AP001203,A001203,2024-08-06,5441426,ipoteka,60,0,toladi
AP001204,A001204,2024-05-01,33511563,ta'lim,6,0,toladi
AP001205,A001205,2024-10-15,20660752,avto,6,210559,toladi
AP001206,A001206,2025-01-16,18166847,avto,12,1112166,toladi
AP001207,A001207,2024-06-21,31161549,ta'lim,60,0,toladi
AP001208,A001208,2024-05-03,5410810,kredit_karta,6,1440765,toladi
AP001209,A001209,2024-10-24,15573244,iste'mol,6,0,defolt
AP001210,A001210,2024-09-26,1550709,ta'lim,24,565994,toladi
AP001211,A001211,2024-09-30,9382088,iste'mol,60,0,toladi
AP001212,A001212,2025-01-17,18131357,mikrobiznes,24,3412165,toladi
AP001213,A001213,2024-11-17,20281977,avto,36,0,toladi
AP001214,A001214,2024-08-30,18378007,iste'mol,36,1249065,toladi
AP001215,A001215,2025-02-07,8924849,avto,6,94010,toladi
AP001216,A001216,2024-10-31,45451727,kredit_karta,36,6163001,toladi
AP001217,A001217,2024-07-19,16578207,iste'mol,12,3246637,toladi
AP001218,A001218,2024-05-25,16462656,iste'mol,12,445304,toladi
AP001219,A001219,2025-01-16,17533765,ta'lim,60,2183403,toladi
AP001220,A001220,2024-08-22,12037371,ta'lim,36,7120548,toladi
AP001221,A001221,2025-01-24,9857532,kredit_karta,36,0,toladi
AP001222,A001222,2024-08-30,8185278,kredit_karta,60,110301,toladi
AP001223,A001223,2024-10-17,7570533,iste'mol,36,120519,toladi
AP001224,A001224,2024-08-13,5634797,avto,12,0,defolt
AP001225,A001225,2024-05-02,20549972,ta'lim,12,4016324,toladi
AP001226,A001226,2024-05-18,9913352,ipoteka,6,4046686,toladi
AP001227,A001227,2024-05-28,19462952,ipoteka,6,0,toladi
AP001228,A001228,2025-02-02,16508760,kredit_karta,24,943811,toladi
AP001229,A001229,2025-01-20,8864057,iste'mol,36,0,toladi
AP001230,A001230,2024-09-24,11474729,kredit_karta,24,270197,toladi
AP001231,A001231,2024-10-20,26037901,mikrobiznes,6,702562,toladi
AP001232,A001232,2024-05-12,49602569,kredit_karta,36,4650850,toladi
AP001233,A001233,2024-05-03,14505291,mikrobiznes,36,367277,toladi
AP001234,A001234,2024-12-03,27213765,kredit_karta,12,3006682,defolt
AP001235,A001235,2024-10-12,22105348,avto,6,520840,defolt
AP001236,A001236,2024-05-27,9911237,iste'mol,24,2513196,toladi
AP001237,A001237,2024-09-02,15773797,avto,60,0,toladi
AP001238,A001238,2024-08-15,31910878,kredit_karta,6,4422496,toladi
AP001239,A001239,2024-08-08,17387598,ta'lim,24,4502327,defolt
AP001240,A001240,2024-04-30,11327348,kredit_karta,24,0,toladi
AP001241,A001241,2024-08-15,9614793,iste'mol,60,2288224,toladi
AP001242,A001242,2024-06-21,35500393,kredit_karta,6,871543,toladi
AP001243,A001243,2024-07-30,8083136,ta'lim,24,246251,toladi
AP001244,A001244,2025-01-18,20091221,iste'mol,6,399290,toladi
AP001245,A001245,2024-11-01,41995074,avto,60,6727446,defolt
AP001246,A001246,2024-05-20,6213697,avto,6,5732723,defolt
AP001247,A001247,2024-06-01,16173164,kredit_karta,12,0,defolt
AP001248,A001248,2024-05-11,25066759,kredit_karta,12,1601474,toladi
AP001249,A001249,2024-08-09,16673281,mikrobiznes,36,591028,toladi
AP001250,A001250,2025-01-09,17181486,ipoteka,6,0,toladi
AP001251,A001251,2024-09-02,16732716,ta'lim,24,8224399,defolt
AP001252,A001252,2024-07-06,45985572,ipoteka,36,3294746,toladi
AP001253,A001253,2024-11-21,10659094,avto,24,590719,toladi
AP001254,A001254,2024-11-11,17683191,avto,24,0,toladi
AP001255,A001255,2024-06-23,17901841,ipoteka,24,0,toladi
AP001256,A001256,2025-02-25,53743750,iste'mol,36,3586051,defolt
AP001257,A001257,2024-11-23,75513312,avto,36,5244157,toladi
AP001258,A001258,2024-08-19,7353842,kredit_karta,12,0,toladi
AP001259,A001259,2024-04-09,14401444,ipoteka,12,856884,toladi
AP001260,A001260,2024-06-06,8863925,ta'lim,24,0,toladi
AP001261,A001261,2024-07-25,15266662,avto,6,1088919,toladi
AP001262,A001262,2024-11-30,11713140,kredit_karta,60,451729,toladi
AP001263,A001263,2025-01-08,26980049,ipoteka,12,362584,toladi
AP001264,A001264,2024-09-24,39111478,iste'mol,36,0,toladi
AP001265,A001265,2024-12-05,11678507,avto,36,1005801,toladi
AP001266,A001266,2024-08-16,13167025,iste'mol,6,0,toladi
AP001267,A001267,2024-07-31,11416793,kredit_karta,24,1544901,toladi
AP001268,A001268,2025-01-19,36612211,kredit_karta,6,719353,defolt
AP001269,A001269,2024-05-30,40062681,ipoteka,36,0,toladi
AP001270,A001270,2024-05-15,47670881,ta'lim,24,0,toladi
AP001271,A001271,2024-06-08,19792757,ipoteka,60,0,toladi
AP001272,A001272,2025-02-28,53248735,ta'lim,24,0,toladi
AP001273,A001273,2024-09-25,40111906,mikrobiznes,36,0,defolt
AP001274,A001274,2024-05-19,17518400,iste'mol,12,1044721,toladi
AP001275,A001275,2025-01-01,18370717,iste'mol,36,0,toladi
AP001276,A001276,2024-06-19,8928546,ipoteka,60,0,toladi
AP001277,A001277,2024-12-10,22802747,kredit_karta,12,397948,toladi
AP001278,A001278,2024-11-25,6014793,avto,60,0,toladi
AP001279,A001279,2024-07-28,13999443,ta'lim,36,0,toladi
AP001280,A001280,2024-11-11,13289687,kredit_karta,60,881664,toladi
AP001281,A001281,2025-01-08,8353561,iste'mol,60,257010,toladi
AP001282,A001282,2024-12-11,21751209,avto,36,0,toladi
AP001283,A001283,2024-07-11,5096151,iste'mol,6,146851,toladi
AP001284,A001284,2024-08-12,45126121,kredit_karta,36,9545547,toladi
AP001285,A001285,2025-02-14,52082437,ta'lim,36,187528,toladi
AP001286,A001286,2024-04-17,23347862,ipoteka,60,2425740,toladi
AP001287,A001287,2024-09-10,16825997,ipoteka,60,0,toladi
AP001288,A001288,2024-11-15,11711238,ta'lim,36,0,toladi
AP001289,A001289,2025-01-01,18950352,ta'lim,60,0,toladi
AP001290,A001290,2024-07-13,22194349,ta'lim,60,1264079,toladi
AP001291,A001291,2024-11-10,12179087,mikrobiznes,24,406808,toladi
AP001292,A001292,2024-06-26,55555424,avto,6,212864,toladi
AP001293,A001293,2024-10-17,10005864,mikrobiznes,36,0,toladi
AP001294,A001294,2024-09-18,12964322,iste'mol,60,0,toladi
AP001295,A001295,2025-02-23,30461269,avto,60,465796,toladi
AP001296,A001296,2024-09-18,12926848,ipoteka,6,0,defolt
AP001297,A001297,2024-04-13,67191796,iste'mol,36,0,toladi
AP001298,A001298,2024-09-11,9661816,mikrobiznes,6,6366286,toladi
AP001299,A001299,2024-04-29,17609148,ta'lim,24,0,toladi
AP001300,A001300,2024-04-30,1659158,ta'lim,6,0,toladi
AP001301,A001301,2024-11-25,32005108,avto,60,0,toladi
AP001302,A001302,2024-05-24,67773530,avto,24,0,toladi
AP001303,A001303,2025-01-15,5751035,mikrobiznes,36,910272,toladi
AP001304,A001304,2024-08-31,13415871,iste'mol,24,0,toladi
AP001305,A001305,2024-05-28,11773156,kredit_karta,60,695273,defolt
AP001306,A001306,2024-08-21,8387759,iste'mol,12,0,toladi
AP001307,A001307,2025-01-03,9663813,avto,24,552849,toladi
AP001308,A001308,2024-05-31,24634207,ta'lim,24,596162,toladi
AP001309,A001309,2024-10-17,6565901,kredit_karta,36,367261,toladi
AP001310,A001310,2024-05-03,28015762,kredit_karta,24,3438089,defolt
AP001311,A001311,2024-09-28,10077831,ta'lim,6,0,toladi
AP001312,A001312,2024-04-25,12718248,ta'lim,60,1237442,toladi
AP001313,A001313,2024-10-01,12098287,mikrobiznes,24,4923743,toladi
AP001314,A001314,2025-02-28,37062929,mikrobiznes,60,941687,toladi
AP001315,A001315,2025-02-06,12525791,kredit_karta,60,180829,toladi
AP001316,A001316,2024-08-21,5756865,kredit_karta,24,376729,toladi
AP001317,A001317,2024-09-17,33387894,mikrobiznes,24,0,toladi
AP001318,A001318,2024-08-20,9842851,ta'lim,24,0,toladi
AP001319,A001319,2024-08-13,14257878,avto,36,2083000,toladi
AP001320,A001320,2025-02-08,14811914,avto,6,3423250,defolt
AP001321,A001321,2024-12-19,24243903,avto,60,0,toladi
AP001322,A001322,2024-07-27,30399817,ta'lim,12,336764,toladi
AP001323,A001323,2024-12-16,12068451,kredit_karta,36,0,toladi
AP001324,A001324,2024-04-14,28429517,mikrobiznes,60,1445299,toladi
AP001325,A001325,2024-08-29,4546591,ta'lim,24,0,toladi
AP001326,A001326,2024-10-20,13843177,kredit_karta,12,315250,toladi
AP001327,A001327,2024-05-14,9527753,ta'lim,12,2495496,toladi
AP001328,A001328,2024-10-03,3550151,ipoteka,12,1030391,toladi
AP001329,A001329,2025-02-08,14106025,iste'mol,60,0,toladi
AP001330,A001330,2024-11-08,17431428,ipoteka,12,2607092,toladi
AP001331,A001331,2024-08-30,11151653,avto,24,3393605,toladi
AP001332,A001332,2024-06-11,31235810,kredit_karta,36,0,toladi
AP001333,A001333,2024-09-08,12726847,iste'mol,36,2405899,toladi
AP001334,A001334,2024-04-26,10197684,ta'lim,36,0,toladi
AP001335,A001335,2024-08-29,9971900,ta'lim,60,0,toladi
AP001336,A001336,2024-05-16,21087722,avto,60,2217487,toladi
AP001337,A001337,2024-07-22,29021908,iste'mol,36,0,toladi
AP001338,A001338,2024-04-05,44251187,ipoteka,60,1249302,toladi
AP001339,A001339,2025-02-08,13588994,ta'lim,60,382258,toladi
AP001340,A001340,2025-01-11,44666848,avto,6,0,toladi
AP001341,A001341,2024-11-14,11652272,mikrobiznes,6,273265,toladi
AP001342,A001342,2024-12-09,11487060,avto,36,1403538,toladi
AP001343,A001343,2024-05-07,93951615,avto,60,1117611,toladi
AP001344,A001344,2024-04-25,8383267,ta'lim,24,0,toladi
AP001345,A001345,2024-09-04,36777367,ipoteka,12,841533,toladi
AP001346,A001346,2025-02-23,14925498,iste'mol,24,0,toladi
AP001347,A001347,2024-05-13,11085498,ipoteka,36,184958,toladi
AP001348,A001348,2024-05-02,10819417,ipoteka,60,0,toladi
AP001349,A001349,2024-12-22,15658435,ta'lim,36,313926,defolt
AP001350,A001350,2024-10-24,6511903,iste'mol,6,328520,defolt
AP001351,A001351,2024-07-28,8249162,avto,6,619919,toladi
AP001352,A001352,2025-01-02,44364055,iste'mol,60,0,defolt
AP001353,A001353,2024-10-10,11056908,iste'mol,60,0,toladi
AP001354,A001354,2025-02-12,15087888,ta'lim,6,4234592,toladi
AP001355,A001355,2024-07-30,41439575,ta'lim,6,376792,toladi
AP001356,A001356,2024-10-14,53996081,mikrobiznes,12,0,toladi
AP001357,A001357,2024-11-10,8185544,mikrobiznes,6,0,toladi
AP001358,A001358,2024-10-20,6257520,ipoteka,24,1337319,toladi
AP001359,A001359,2024-09-13,48760886,mikrobiznes,24,10761229,toladi
AP001360,A001360,2024-04-26,17142616,ipoteka,6,1644266,toladi
AP001361,A001361,2024-10-23,18585066,iste'mol,6,2674888,toladi
AP001362,A001362,2025-02-05,34806868,mikrobiznes,24,0,defolt
AP001363,A001363,2025-01-07,52766471,mikrobiznes,6,0,defolt
AP001364,A001364,2024-04-30,7543466,ta'lim,60,0,toladi
AP001365,A001365,2024-08-11,24607779,avto,6,169795,toladi
AP001366,A001366,2024-04-30,20663947,kredit_karta,60,0,toladi
AP001367,A001367,2024-11-15,10583796,ta'lim,12,1112970,toladi
AP001368,A001368,2024-11-03,21443898,ipoteka,24,0,toladi
AP001369,A001369,2025-01-09,6764895,avto,12,0,toladi
AP001370,A001370,2024-07-16,30370548,iste'mol,36,0,toladi
AP001371,A001371,2025-01-13,17647101,ta'lim,12,0,defolt
AP001372,A001372,2025-02-13,4860248,ipoteka,60,0,toladi
AP001373,A001373,2025-02-21,22147446,mikrobiznes,12,301799,toladi
AP001374,A001374,2024-11-08,10930973,iste'mol,24,176996,toladi
AP001375,A001375,2024-09-26,5071302,ta'lim,60,0,toladi
AP001376,A001376,2025-02-16,70902312,ipoteka,24,1074952,toladi
AP001377,A001377,2025-01-16,10449175,mikrobiznes,36,2073977,toladi
AP001378,A001378,2024-04-21,4376170,iste'mol,60,614213,toladi
AP001379,A001379,2024-08-31,25162396,ipoteka,36,0,toladi
AP001380,A001380,2024-09-15,28369004,ta'lim,12,2486133,toladi
AP001381,A001381,2024-12-01,23238821,ta'lim,12,872742,toladi
AP001382,A001382,2024-04-19,22491693,mikrobiznes,24,4593259,toladi
AP001383,A001383,2024-10-17,28995492,avto,12,0,toladi
AP001384,A001384,2025-01-09,51875180,kredit_karta,6,0,toladi
AP001385,A001385,2024-05-30,22837400,iste'mol,6,0,toladi
AP001386,A001386,2024-04-16,4589879,mikrobiznes,60,683537,toladi
AP001387,A001387,2024-05-16,13436323,mikrobiznes,36,3205603,toladi
AP001388,A001388,2025-01-09,25766593,mikrobiznes,12,0,toladi
AP001389,A001389,2024-11-08,17472618,kredit_karta,6,314802,toladi
AP001390,A001390,2024-11-03,36641218,avto,60,4401427,toladi
AP001391,A001391,2024-07-30,11183510,kredit_karta,24,0,toladi
AP001392,A001392,2024-05-14,23195242,avto,24,1966136,toladi
AP001393,A001393,2024-06-03,8264336,kredit_karta,36,0,toladi
AP001394,A001394,2024-08-22,30158735,ta'lim,60,2749367,toladi
AP001395,A001395,2024-07-23,32443232,iste'mol,60,821012,toladi
AP001396,A001396,2025-01-31,14961451,iste'mol,6,0,toladi
AP001397,A001397,2024-04-29,30270787,ta'lim,36,0,toladi
AP001398,A001398,2024-10-26,6069328,iste'mol,60,0,toladi
AP001399,A001399,2024-08-21,3718426,mikrobiznes,12,0,toladi
AP001400,A001400,2024-05-28,11755151,mikrobiznes,60,2113248,toladi
AP001401,A001401,2025-02-21,15170748,iste'mol,6,255923,toladi
AP001402,A001402,2024-06-26,12136570,iste'mol,6,228763,toladi
AP001403,A001403,2024-06-28,7435034,mikrobiznes,6,2698436,toladi
AP001404,A001404,2024-05-10,23027369,iste'mol,60,855112,toladi
AP001405,A001405,2024-11-05,29849009,iste'mol,36,179741,toladi
AP001406,A001406,2024-12-13,63872531,ipoteka,12,0,toladi
AP001407,A001407,2024-10-14,73503322,ta'lim,6,328610,toladi
AP001408,A001408,2024-12-31,12178857,ipoteka,60,2616993,defolt
AP001409,A001409,2024-10-02,3776820,iste'mol,24,2031866,toladi
AP001410,A001410,2024-12-08,25607364,iste'mol,12,120182,toladi
AP001411,A001411,2024-09-13,30018505,ta'lim,60,0,toladi
AP001412,A001412,2025-01-23,15024009,ta'lim,12,0,toladi
AP001413,A001413,2024-04-22,29609393,ipoteka,12,5216054,toladi
AP001414,A001414,2025-02-22,5894423,ipoteka,24,5407729,defolt
AP001415,A001415,2025-01-31,116361825,iste'mol,24,0,defolt
AP001416,A001416,2024-09-30,39056028,avto,6,0,toladi
AP001417,A001417,2024-11-23,21433471,mikrobiznes,6,3522003,toladi
AP001418,A001418,2025-02-07,6584281,avto,12,0,toladi
AP001419,A001419,2024-06-30,15730674,avto,6,0,toladi
AP001420,A001420,2024-10-08,20355165,avto,24,1348850,toladi
AP001421,A001421,2024-10-30,58556072,ipoteka,60,0,defolt
AP001422,A001422,2024-05-11,5920602,ipoteka,24,0,defolt
AP001423,A001423,2024-06-11,15293694,mikrobiznes,36,908401,toladi
AP001424,A001424,2025-02-03,8070437,ipoteka,24,6751112,defolt
AP001425,A001425,2024-11-02,10534807,avto,36,303936,toladi
AP001426,A001426,2024-10-27,9283659,mikrobiznes,12,1464390,toladi
AP001427,A001427,2024-12-04,30594325,kredit_karta,36,328113,toladi
AP001428,A001428,2025-01-09,9737532,kredit_karta,60,0,toladi
AP001429,A001429,2025-01-31,14667016,iste'mol,24,0,toladi
AP001430,A001430,2024-12-15,5238794,kredit_karta,6,0,toladi
AP001431,A001431,2024-07-05,15988584,ipoteka,24,0,toladi
AP001432,A001432,2024-05-15,35491296,avto,60,20536007,defolt
AP001433,A001433,2024-09-17,3947307,ta'lim,24,0,toladi
AP001434,A001434,2024-06-05,10441343,kredit_karta,6,223253,toladi
AP001435,A001435,2024-12-26,14673649,ipoteka,36,0,toladi
AP001436,A001436,2025-02-20,28056970,mikrobiznes,12,6441258,defolt
AP001437,A001437,2024-06-27,64260345,avto,24,2969150,toladi
AP001438,A001438,2025-02-10,19501384,ta'lim,36,657992,toladi
AP001439,A001439,2025-02-05,19511998,avto,6,301140,toladi
AP001440,A001440,2024-10-08,27469224,ta'lim,36,0,defolt
AP001441,A001441,2024-12-21,8381415,mikrobiznes,36,1475890,toladi
AP001442,A001442,2025-02-24,2461395,kredit_karta,36,3046247,toladi
AP001443,A001443,2024-07-15,20171546,kredit_karta,36,0,toladi
AP001444,A001444,2024-10-23,27393167,avto,6,4412639,toladi
AP001445,A001445,2024-06-24,8434890,kredit_karta,36,916072,toladi
AP001446,A001446,2024-09-15,35180403,kredit_karta,6,0,toladi
AP001447,A001447,2025-01-07,12241219,iste'mol,6,0,toladi
AP001448,A001448,2024-09-06,16382527,iste'mol,12,0,toladi
AP001449,A001449,2024-12-01,10840497,kredit_karta,60,0,toladi
AP001450,A001450,2024-12-09,8005873,kredit_karta,24,0,toladi
AP001451,A001451,2024-12-19,18181613,iste'mol,6,0,toladi
AP001452,A001452,2025-01-10,20266258,iste'mol,60,0,toladi
AP001453,A001453,2024-08-29,10642340,kredit_karta,36,0,toladi
AP001454,A001454,2025-01-16,17466962,ipoteka,60,1256777,toladi
AP001455,A001455,2024-08-05,39188854,iste'mol,6,0,toladi
AP001456,A001456,2024-11-23,10724771,iste'mol,60,0,toladi
AP001457,A001457,2024-09-23,10293769,ta'lim,36,0,toladi
AP001458,A001458,2024-09-17,9605090,kredit_karta,60,196398,toladi
AP001459,A001459,2025-02-23,24689732,mikrobiznes,60,1160724,defolt
AP001460,A001460,2024-12-31,30694683,iste'mol,36,997009,defolt
AP001461,A001461,2024-05-11,28062836,mikrobiznes,36,947381,toladi
AP001462,A001462,2024-10-11,61516335,ta'lim,24,1766478,toladi
AP001463,A001463,2024-12-11,20736403,mikrobiznes,6,3824174,toladi
AP001464,A001464,2024-10-05,32028021,mikrobiznes,6,455406,toladi
AP001465,A001465,2025-01-19,44212949,ta'lim,60,0,toladi
AP001466,A001466,2024-11-10,21806508,kredit_karta,36,2722295,toladi
AP001467,A001467,2024-06-25,3451604,iste'mol,60,235066,toladi
AP001468,A001468,2024-08-30,3696621,kredit_karta,12,0,toladi
AP001469,A001469,2024-06-04,4795026,avto,24,1706648,toladi
AP001470,A001470,2024-07-13,17321522,mikrobiznes,24,0,toladi
AP001471,A001471,2024-06-26,14028745,ipoteka,36,0,toladi
AP001472,A001472,2024-06-17,16903179,ta'lim,36,0,toladi
AP001473,A001473,2024-05-26,11040608,iste'mol,60,0,toladi
AP001474,A001474,2024-06-21,61142453,kredit_karta,36,0,toladi
AP001475,A001475,2024-06-15,8064256,mikrobiznes,6,2861629,toladi
AP001476,A001476,2024-08-17,15187514,kredit_karta,12,35009,toladi
AP001477,A001477,2024-05-11,15886040,iste'mol,12,0,toladi
AP001478,A001478,2025-01-03,13545177,mikrobiznes,36,9064073,defolt
AP001479,A001479,2024-11-26,19186734,ipoteka,12,0,toladi
AP001480,A001480,2024-06-16,11603403,iste'mol,24,0,toladi
AP001481,A001481,2024-11-08,44008927,kredit_karta,24,285913,toladi
AP001482,A001482,2024-06-02,25911419,iste'mol,12,1111351,toladi
AP001483,A001483,2024-12-26,18688995,ta'lim,24,0,toladi
AP001484,A001484,2024-09-28,11299862,ipoteka,60,0,toladi
AP001485,A001485,2024-06-22,17564661,avto,36,1593464,toladi
AP001486,A001486,2024-12-27,32500387,ta'lim,60,0,toladi
AP001487,A001487,2024-05-17,16819821,kredit_karta,36,1459561,toladi
AP001488,A001488,2024-04-06,21237306,mikrobiznes,36,0,toladi
AP001489,A001489,2024-05-04,15950441,mikrobiznes,6,2278867,toladi
AP001490,A001490,2024-12-09,17278604,avto,12,0,toladi
AP001491,A001491,2025-02-24,11110734,kredit_karta,12,2890098,defolt
AP001492,A001492,2024-05-03,19829344,ta'lim,6,1120366,toladi
AP001493,A001493,2024-09-03,19247606,mikrobiznes,36,0,toladi
AP001494,A001494,2024-09-24,15874301,ta'lim,6,509765,toladi
AP001495,A001495,2025-02-21,11056135,iste'mol,6,0,toladi
AP001496,A001496,2024-08-29,11130835,avto,60,0,defolt
AP001497,A001497,2025-01-11,9868173,ta'lim,6,1799837,toladi
AP001498,A001498,2024-07-03,15669161,avto,60,536729,toladi
AP001499,A001499,2024-12-16,6875184,ta'lim,60,0,toladi
AP001500,A001500,2024-08-31,4503899,iste'mol,60,0,toladi
AP001501,A001501,2024-09-01,25512929,ipoteka,36,335916,toladi
AP001502,A001502,2024-11-20,17372858,kredit_karta,6,1877970,toladi
AP001503,A001503,2024-11-09,6185603,ipoteka,6,0,defolt
AP001504,A001504,2025-02-06,17122424,kredit_karta,60,0,toladi
AP001505,A001505,2024-09-21,29980755,ta'lim,60,0,toladi
AP001506,A001506,2024-06-14,35860175,ta'lim,24,134761,toladi
AP001507,A001507,2024-07-12,6159528,mikrobiznes,12,690067,toladi
AP001508,A001508,2024-11-14,57993447,avto,36,3159604,toladi
AP001509,A001509,2024-08-10,31621930,mikrobiznes,6,0,toladi
AP001510,A001510,2024-09-27,44585945,kredit_karta,12,771082,toladi
AP001511,A001511,2024-08-12,11388779,ipoteka,24,491888,toladi
AP001512,A001512,2024-04-06,9624286,avto,60,0,toladi
AP001513,A001513,2024-12-19,46130088,iste'mol,24,0,defolt
AP001514,A001514,2024-12-13,45256462,mikrobiznes,60,572178,toladi
AP001515,A001515,2024-07-13,13336266,avto,24,375334,toladi
AP001516,A001516,2024-12-09,18803831,kredit_karta,36,146127,toladi
AP001517,A001517,2024-08-31,79856416,mikrobiznes,60,665508,toladi
AP001518,A001518,2024-06-05,19733417,mikrobiznes,36,0,toladi
AP001519,A001519,2024-07-11,14541202,avto,24,0,toladi
AP001520,A001520,2024-05-06,29701749,ta'lim,60,0,toladi
AP001521,A001521,2024-11-20,30045904,avto,60,480909,toladi
AP001522,A001522,2024-04-20,2844944,ipoteka,12,4991381,toladi
AP001523,A001523,2024-09-09,83672228,mikrobiznes,6,1981862,toladi
AP001524,A001524,2024-12-14,12696901,ta'lim,6,3962112,toladi
AP001525,A001525,2025-01-24,18065250,kredit_karta,6,2126847,toladi
AP001526,A001526,2025-01-17,20146201,kredit_karta,6,144199,toladi
AP001527,A001527,2024-06-19,14341942,avto,6,1534863,toladi
AP001528,A001528,2024-12-03,15408213,iste'mol,6,5938730,toladi
AP001529,A001529,2024-08-12,34723601,kredit_karta,36,123595,toladi
AP001530,A001530,2024-05-13,42630906,ipoteka,60,0,defolt
AP001531,A001531,2024-05-03,27316049,kredit_karta,36,0,toladi
AP001532,A001532,2024-08-07,98031193,ta'lim,6,304785,toladi
AP001533,A001533,2024-10-14,1863942,avto,60,218477,defolt
AP001534,A001534,2025-01-27,34849205,ta'lim,36,2825355,defolt
AP001535,A001535,2024-04-18,30786918,ta'lim,60,946854,toladi
AP001536,A001536,2024-07-22,27559874,kredit_karta,6,791497,toladi
AP001537,A001537,2024-06-25,30072494,avto,24,883473,toladi
AP001538,A001538,2024-12-31,3851179,ta'lim,60,697192,toladi
AP001539,A001539,2024-12-26,6314223,iste'mol,24,0,toladi
AP001540,A001540,2024-06-19,19408667,kredit_karta,24,865205,toladi
AP001541,A001541,2024-12-04,23390718,ta'lim,60,1409200,toladi
AP001542,A001542,2024-06-23,11514510,ipoteka,24,0,toladi
AP001543,A001543,2025-01-31,21912468,mikrobiznes,12,0,toladi
AP001544,A001544,2025-02-25,15180924,ipoteka,36,0,toladi
AP001545,A001545,2025-02-18,9788870,ipoteka,12,367553,toladi
AP001546,A001546,2024-06-12,22408261,iste'mol,12,0,toladi
AP001547,A001547,2024-08-16,10423196,ta'lim,24,734209,toladi
AP001548,A001548,2024-08-07,8414242,ipoteka,36,9245840,defolt
AP001549,A001549,2025-01-25,2806219,ipoteka,60,970565,toladi
AP001550,A001550,2025-02-22,17436480,iste'mol,12,0,toladi
AP001551,A001551,2024-04-05,28655605,kredit_karta,6,506885,toladi
AP001552,A001552,2025-01-10,10631095,ipoteka,24,2048986,toladi
AP001553,A001553,2024-08-18,3775783,ta'lim,6,0,toladi
AP001554,A001554,2025-01-28,6600801,iste'mol,12,119473,toladi
AP001555,A001555,2025-02-26,76275898,mikrobiznes,24,2990161,toladi
AP001556,A001556,2025-01-11,28890050,mikrobiznes,60,592021,toladi
AP001557,A001557,2025-01-27,13451884,kredit_karta,36,2189793,toladi
AP001558,A001558,2024-05-16,21243556,ipoteka,60,1612029,toladi
AP001559,A001559,2024-07-25,12979020,iste'mol,24,0,toladi
AP001560,A001560,2024-08-28,5411560,kredit_karta,6,444132,toladi
AP001561,A001561,2025-01-26,11328528,ipoteka,24,3311215,toladi
AP001562,A001562,2024-07-09,14086099,kredit_karta,6,0,defolt
AP001563,A001563,2024-11-04,22371373,ta'lim,36,366448,toladi
AP001564,A001564,2024-09-28,17780651,ta'lim,24,13902507,defolt
AP001565,A001565,2024-05-19,14566307,mikrobiznes,6,0,toladi
AP001566,A001566,2024-06-06,11888281,kredit_karta,6,614996,toladi
AP001567,A001567,2024-05-15,39659867,avto,24,2083400,toladi
AP001568,A001568,2025-02-25,29341323,kredit_karta,24,20797725,defolt
AP001569,A001569,2024-12-14,46958376,avto,6,139819,toladi
AP001570,A001570,2024-12-06,5903966,kredit_karta,36,2567863,toladi
AP001571,A001571,2025-01-28,48673091,kredit_karta,12,0,toladi
AP001572,A001572,2024-12-06,44318910,ipoteka,60,4855659,toladi
AP001573,A001573,2025-02-20,19243467,mikrobiznes,6,0,toladi
AP001574,A001574,2024-04-12,10398905,ta'lim,6,0,toladi
AP001575,A001575,2024-11-02,41214028,kredit_karta,36,0,toladi
AP001576,A001576,2024-05-07,13548150,avto,36,0,toladi
AP001577,A001577,2024-06-02,5363984,avto,24,322751,toladi
AP001578,A001578,2024-07-27,9150895,iste'mol,24,2014780,defolt
AP001579,A001579,2025-02-11,12618000,mikrobiznes,24,11660009,toladi
AP001580,A001580,2024-11-04,7031213,kredit_karta,60,8343117,toladi
AP001581,A001581,2024-04-25,7840739,avto,36,1271266,toladi
AP001582,A001582,2024-12-11,17811433,mikrobiznes,12,0,toladi
AP001583,A001583,2025-01-26,11193214,mikrobiznes,36,0,toladi
AP001584,A001584,2024-09-20,32612646,iste'mol,6,0,toladi
AP001585,A001585,2024-10-31,14755914,avto,60,848614,toladi
AP001586,A001586,2024-07-29,14864668,iste'mol,36,0,toladi
AP001587,A001587,2024-08-22,10487041,kredit_karta,60,0,toladi
AP001588,A001588,2024-06-22,10779361,avto,36,0,toladi
AP001589,A001589,2024-08-13,8754716,ipoteka,36,365491,toladi
AP001590,A001590,2024-09-10,14083097,mikrobiznes,24,3777357,toladi
AP001591,A001591,2024-08-22,7291225,avto,12,0,toladi
AP001592,A001592,2025-01-17,5821514,iste'mol,12,0,toladi
AP001593,A001593,2024-06-13,24836122,iste'mol,36,562320,defolt
AP001594,A001594,2024-09-02,9062639,mikrobiznes,60,0,toladi
AP001595,A001595,2024-12-07,4630478,kredit_karta,24,4634434,toladi
AP001596,A001596,2024-04-28,12547871,ipoteka,24,607821,toladi
AP001597,A001597,2024-07-11,17188424,mikrobiznes,12,0,toladi
AP001598,A001598,2025-01-14,9647067,mikrobiznes,60,1062753,toladi
AP001599,A001599,2025-02-27,3450227,ta'lim,36,0,toladi
AP001600,A001600,2024-12-03,23859777,kredit_karta,24,0,toladi
AP001601,A001601,2024-09-19,7316610,mikrobiznes,60,3399845,toladi
AP001602,A001602,2024-05-25,17201310,ta'lim,6,0,toladi
AP001603,A001603,2024-09-06,13730944,ipoteka,6,0,toladi
AP001604,A001604,2024-10-16,24211866,ta'lim,6,838429,toladi
AP001605,A001605,2024-05-27,24776675,avto,60,0,defolt
AP001606,A001606,2024-08-05,58386428,ipoteka,36,447009,toladi
AP001607,A001607,2025-01-13,5725443,ipoteka,60,486623,toladi
AP001608,A001608,2024-04-28,11300120,iste'mol,36,0,toladi
AP001609,A001609,2024-10-31,27637409,ipoteka,6,862788,toladi
AP001610,A001610,2024-10-19,11622847,mikrobiznes,6,9751034,defolt
AP001611,A001611,2024-08-30,29341031,ta'lim,36,0,toladi
AP001612,A001612,2024-06-17,12623358,iste'mol,60,0,defolt
AP001613,A001613,2024-09-15,37467064,kredit_karta,60,2697670,toladi
AP001614,A001614,2024-10-26,24001106,avto,6,0,defolt
AP001615,A001615,2024-09-04,30550223,ipoteka,12,0,toladi
AP001616,A001616,2024-09-18,22991181,ta'lim,60,1412335,toladi
AP001617,A001617,2024-04-19,11851543,ipoteka,36,0,toladi
AP001618,A001618,2024-08-13,11162154,mikrobiznes,6,588411,toladi
AP001619,A001619,2024-08-20,17359265,avto,60,867632,defolt
AP001620,A001620,2024-06-15,37931673,ipoteka,6,570782,toladi
AP001621,A001621,2024-05-06,46367570,avto,36,2595442,toladi
AP001622,A001622,2025-02-28,9414882,kredit_karta,24,143622,toladi
AP001623,A001623,2025-02-25,11538703,ta'lim,24,0,toladi
AP001624,A001624,2024-06-03,6990289,avto,60,0,toladi
AP001625,A001625,2024-10-07,17930499,iste'mol,6,0,toladi
AP001626,A001626,2024-08-11,26045423,ta'lim,36,1669619,toladi
AP001627,A001627,2024-09-23,15282404,avto,24,0,toladi
AP001628,A001628,2024-07-07,86240220,kredit_karta,6,190708,toladi
AP001629,A001629,2024-05-06,26972438,kredit_karta,36,6063487,toladi
AP001630,A001630,2024-09-05,9696100,iste'mol,6,0,toladi
AP001631,A001631,2024-12-15,18743929,avto,60,0,toladi
AP001632,A001632,2024-07-26,28895929,ipoteka,12,3123542,toladi
AP001633,A001633,2025-02-06,64318293,ta'lim,36,0,toladi
AP001634,A001634,2025-02-04,4016805,mikrobiznes,12,1247863,toladi
AP001635,A001635,2025-02-08,24126902,iste'mol,12,718229,toladi
AP001636,A001636,2025-02-28,29914336,avto,12,487772,toladi
AP001637,A001637,2025-01-10,13599030,ta'lim,6,1568173,toladi
AP001638,A001638,2024-04-08,7101116,iste'mol,6,422968,toladi
AP001639,A001639,2025-01-19,18712978,ta'lim,36,5883281,toladi
AP001640,A001640,2024-12-03,11785401,iste'mol,60,536822,toladi
AP001641,A001641,2024-07-20,9534111,kredit_karta,36,0,toladi
AP001642,A001642,2024-05-30,15222818,kredit_karta,36,131795,toladi
AP001643,A001643,2024-08-09,4893289,ipoteka,6,0,toladi
AP001644,A001644,2024-06-06,32323253,mikrobiznes,36,0,defolt
AP001645,A001645,2024-10-05,116760797,ta'lim,6,0,defolt
AP001646,A001646,2025-02-06,18473132,ipoteka,6,0,toladi
AP001647,A001647,2024-07-15,16069102,ipoteka,12,0,toladi
AP001648,A001648,2024-07-10,10965102,iste'mol,6,0,toladi
AP001649,A001649,2025-02-28,19754405,avto,60,0,toladi
AP001650,A001650,2024-11-19,8818050,mikrobiznes,60,0,toladi
AP001651,A001651,2024-08-28,30528144,avto,36,2946142,toladi
AP001652,A001652,2024-06-15,11904800,mikrobiznes,36,573845,defolt
AP001653,A001653,2024-12-15,19748899,iste'mol,60,18170860,defolt
AP001654,A001654,2024-11-28,19648934,iste'mol,24,0,toladi
AP001655,A001655,2024-09-05,8084279,avto,36,0,toladi
AP001656,A001656,2024-07-17,20761586,ta'lim,60,0,toladi
AP001657,A001657,2024-08-03,17738937,iste'mol,36,641089,toladi
AP001658,A001658,2024-12-05,20162358,avto,36,0,toladi
AP001659,A001659,2025-02-08,56702118,mikrobiznes,60,0,defolt
AP001660,A001660,2024-06-11,25227780,mikrobiznes,6,0,toladi
AP001661,A001661,2024-07-31,5327342,kredit_karta,60,1552914,defolt
AP001662,A001662,2024-04-22,12205535,avto,6,322908,toladi
AP001663,A001663,2024-09-25,25776186,iste'mol,36,0,toladi
AP001664,A001664,2025-01-15,20447397,ipoteka,60,1604623,toladi
AP001665,A001665,2024-11-15,12681493,avto,60,0,toladi
AP001666,A001666,2024-04-27,13472154,iste'mol,36,723349,toladi
AP001667,A001667,2024-11-01,25957188,kredit_karta,12,1401616,toladi
AP001668,A001668,2025-02-06,18478133,ta'lim,60,0,toladi
AP001669,A001669,2024-07-16,15696839,iste'mol,6,2022201,toladi
AP001670,A001670,2024-05-30,6713298,kredit_karta,24,0,toladi
AP001671,A001671,2024-11-11,13854844,ipoteka,60,1019184,defolt
AP001672,A001672,2024-10-19,24963253,iste'mol,6,2353597,toladi
AP001673,A001673,2024-09-26,45388584,avto,60,0,toladi
AP001674,A001674,2024-06-15,9092158,iste'mol,36,815691,toladi
AP001675,A001675,2024-09-03,47048939,mikrobiznes,24,0,toladi
AP001676,A001676,2025-01-07,19202725,ipoteka,12,364087,toladi
AP001677,A001677,2024-06-02,6257445,mikrobiznes,12,7169177,defolt
AP001678,A001678,2024-05-30,15226691,kredit_karta,36,1658651,toladi
AP001679,A001679,2024-09-30,1681207,kredit_karta,60,273240,toladi
AP001680,A001680,2024-04-21,75703938,ipoteka,36,0,toladi
AP001681,A001681,2024-04-06,19187150,avto,12,101072,defolt
AP001682,A001682,2024-10-25,6881739,avto,12,2650256,toladi
AP001683,A001683,2024-12-13,16037518,iste'mol,36,4927242,defolt
AP001684,A001684,2024-09-17,25851954,ta'lim,6,0,toladi
AP001685,A001685,2024-10-23,13984459,ta'lim,24,0,defolt
AP001686,A001686,2024-12-11,20479976,iste'mol,6,1213441,toladi
AP001687,A001687,2025-01-03,12534831,mikrobiznes,24,0,toladi
AP001688,A001688,2025-01-22,25057439,avto,6,3617558,defolt
AP001689,A001689,2024-06-06,34619785,ta'lim,60,2550224,toladi
AP001690,A001690,2024-08-14,20384990,kredit_karta,36,0,toladi
AP001691,A001691,2024-10-29,15351144,iste'mol,6,0,toladi
AP001692,A001692,2024-06-07,9846421,kredit_karta,6,1536307,toladi
AP001693,A001693,2024-12-18,21906037,ta'lim,36,0,toladi
AP001694,A001694,2025-01-11,6677456,kredit_karta,36,455176,toladi
AP001695,A001695,2024-08-17,7343448,ipoteka,12,0,toladi
AP001696,A001696,2025-02-10,11304756,kredit_karta,12,0,toladi
AP001697,A001697,2024-11-21,23048750,ta'lim,6,304182,toladi
AP001698,A001698,2025-01-16,5683743,ipoteka,36,998342,toladi
AP001699,A001699,2024-09-29,27016668,kredit_karta,60,0,toladi
AP001700,A001700,2024-06-30,10328870,ipoteka,24,1782202,toladi
AP001701,A001701,2025-02-02,21653108,ipoteka,24,0,toladi
AP001702,A001702,2025-01-26,12172798,avto,36,460990,toladi
AP001703,A001703,2024-12-10,13029687,mikrobiznes,36,2364701,toladi
AP001704,A001704,2024-06-26,25498588,iste'mol,12,0,toladi
AP001705,A001705,2024-09-16,14376346,iste'mol,36,1337367,toladi
AP001706,A001706,2024-04-26,6953470,ipoteka,60,0,toladi
AP001707,A001707,2024-11-09,16158375,mikrobiznes,12,2109827,toladi
AP001708,A001708,2024-07-12,16817085,kredit_karta,6,245436,toladi
AP001709,A001709,2024-06-17,14586799,iste'mol,60,589744,toladi
AP001710,A001710,2024-05-01,15323385,ipoteka,24,8509571,toladi
AP001711,A001711,2024-11-30,10589030,ta'lim,60,2295882,toladi
AP001712,A001712,2024-07-10,23568651,kredit_karta,60,267989,toladi
AP001713,A001713,2024-08-15,6504246,avto,24,0,toladi
AP001714,A001714,2025-02-27,23949182,ipoteka,36,0,toladi
AP001715,A001715,2024-06-06,32173697,iste'mol,12,539387,toladi
AP001716,A001716,2025-02-05,12803052,ipoteka,36,1301554,toladi
AP001717,A001717,2025-02-28,11946395,ta'lim,36,0,toladi
AP001718,A001718,2025-01-12,13047092,ipoteka,6,1178450,toladi
AP001719,A001719,2024-11-16,26653732,avto,6,1097139,toladi
AP001720,A001720,2024-06-22,8934519,iste'mol,12,0,toladi
AP001721,A001721,2024-08-21,12397561,ipoteka,6,0,toladi
AP001722,A001722,2024-09-01,13077742,mikrobiznes,6,0,toladi
AP001723,A001723,2024-11-16,11323727,kredit_karta,24,0,toladi
AP001724,A001724,2024-05-29,32182516,kredit_karta,12,902684,toladi
AP001725,A001725,2024-08-11,9052124,ta'lim,60,0,toladi
AP001726,A001726,2024-11-27,68290934,ipoteka,60,0,toladi
AP001727,A001727,2024-07-17,18870615,mikrobiznes,12,1651892,defolt
AP001728,A001728,2024-05-31,31284584,ipoteka,60,5452012,defolt
AP001729,A001729,2024-10-30,17695776,kredit_karta,36,0,toladi
AP001730,A001730,2024-04-21,15440043,ipoteka,12,0,toladi
AP001731,A001731,2024-04-07,11524373,ta'lim,36,0,toladi
AP001732,A001732,2024-08-31,17773666,iste'mol,24,0,toladi
AP001733,A001733,2024-08-04,10028674,ipoteka,24,0,toladi
AP001734,A001734,2024-06-09,18233662,mikrobiznes,24,462580,toladi
AP001735,A001735,2025-02-23,14275334,kredit_karta,24,382711,toladi
AP001736,A001736,2025-01-05,15430368,kredit_karta,6,5209715,toladi
AP001737,A001737,2024-11-17,21489892,kredit_karta,36,2113065,toladi
AP001738,A001738,2024-10-10,11221602,mikrobiznes,12,0,toladi
AP001739,A001739,2024-06-28,22890945,ta'lim,6,0,toladi
AP001740,A001740,2024-06-04,6248076,mikrobiznes,6,1917936,toladi
AP001741,A001741,2024-05-12,11297073,ta'lim,12,0,toladi
AP001742,A001742,2024-10-18,4362012,iste'mol,60,0,toladi
AP001743,A001743,2024-12-22,27182518,ipoteka,6,0,toladi
AP001744,A001744,2025-02-11,6520287,ta'lim,60,948456,toladi
AP001745,A001745,2024-12-27,1801200,avto,60,221025,toladi
AP001746,A001746,2024-08-05,36756984,kredit_karta,24,0,toladi
AP001747,A001747,2024-10-02,7000022,mikrobiznes,24,0,toladi
AP001748,A001748,2024-10-17,42495858,ta'lim,6,0,toladi
AP001749,A001749,2024-11-24,114835571,mikrobiznes,12,0,toladi
AP001750,A001750,2024-04-25,10149031,ipoteka,36,704341,defolt
AP001751,A001751,2025-01-13,23381979,ipoteka,36,0,toladi
AP001752,A001752,2024-07-10,17059848,iste'mol,36,0,toladi
AP001753,A001753,2024-04-08,7096700,ipoteka,24,0,toladi
AP001754,A001754,2024-08-01,14135393,kredit_karta,6,3869462,toladi
AP001755,A001755,2024-11-27,12810942,mikrobiznes,36,0,toladi
AP001756,A001756,2024-10-17,29444576,ipoteka,60,0,toladi
AP001757,A001757,2024-04-11,31186929,mikrobiznes,36,0,toladi
AP001758,A001758,2025-01-29,7510945,iste'mol,60,3520969,toladi
AP001759,A001759,2024-11-03,19082608,mikrobiznes,36,769658,toladi
AP001760,A001760,2025-02-18,15326636,ta'lim,24,785022,toladi
AP001761,A001761,2024-06-26,20589644,avto,24,0,toladi
AP001762,A001762,2024-10-23,7219996,ta'lim,36,0,toladi
AP001763,A001763,2024-11-19,9577156,iste'mol,60,0,toladi
AP001764,A001764,2024-07-21,13668791,mikrobiznes,24,4188190,toladi
AP001765,A001765,2024-11-08,14377742,ipoteka,36,1941370,defolt
AP001766,A001766,2024-11-19,18756971,avto,12,3092341,toladi
AP001767,A001767,2024-08-09,16792273,ipoteka,36,0,toladi
AP001768,A001768,2024-10-13,27389446,ta'lim,36,923918,toladi
AP001769,A001769,2024-10-23,12350832,mikrobiznes,6,0,toladi
AP001770,A001770,2024-05-08,5013033,kredit_karta,60,2985677,toladi
AP001771,A001771,2024-06-10,84757451,iste'mol,36,0,toladi
AP001772,A001772,2024-10-14,32754333,kredit_karta,24,185859,toladi
AP001773,A001773,2024-04-07,11332508,ipoteka,12,1694326,toladi
AP001774,A001774,2024-09-01,34697214,kredit_karta,24,468979,toladi
AP001775,A001775,2024-07-01,37561919,iste'mol,60,1438725,toladi
AP001776,A001776,2024-08-04,17857824,ipoteka,12,1719609,toladi
AP001777,A001777,2024-10-27,14535529,mikrobiznes,6,3105347,toladi
AP001778,A001778,2024-06-29,8504592,ta'lim,36,0,toladi
AP001779,A001779,2024-07-28,8143684,iste'mol,12,0,toladi
AP001780,A001780,2024-10-06,15314061,avto,6,2965493,toladi
AP001781,A001781,2024-08-14,7847257,avto,6,0,toladi
AP001782,A001782,2024-07-27,10683300,ta'lim,36,0,toladi
AP001783,A001783,2024-11-30,14911430,ta'lim,24,10052351,defolt
AP001784,A001784,2025-02-23,26115508,ta'lim,60,1218453,defolt
AP001785,A001785,2024-04-19,12862207,iste'mol,6,1794938,toladi
AP001786,A001786,2024-12-28,2846129,ta'lim,6,344687,toladi
AP001787,A001787,2024-07-05,11706118,ipoteka,24,710450,toladi
AP001788,A001788,2025-02-19,26431516,mikrobiznes,60,0,toladi
AP001789,A001789,2024-06-08,14097607,avto,36,970827,toladi
AP001790,A001790,2025-01-29,131693969,ipoteka,6,1114255,toladi
AP001791,A001791,2024-11-07,3490857,ipoteka,12,0,toladi
AP001792,A001792,2024-11-27,26403022,mikrobiznes,6,3499684,toladi
AP001793,A001793,2024-07-17,12185317,avto,60,0,toladi
AP001794,A001794,2024-07-12,67774716,ipoteka,36,0,toladi
AP001795,A001795,2024-06-19,38308750,ipoteka,60,0,defolt
AP001796,A001796,2024-12-28,13294514,avto,36,2552267,defolt
AP001797,A001797,2024-09-11,7697155,mikrobiznes,24,0,defolt
AP001798,A001798,2024-10-01,40249168,kredit_karta,6,0,toladi
AP001799,A001799,2024-07-25,13767606,ta'lim,24,3238871,toladi
AP001800,A001800,2025-02-01,17484101,mikrobiznes,6,4455715,toladi
AP001801,A001801,2024-09-17,9493308,avto,12,1700871,toladi
AP001802,A001802,2024-04-06,45486766,kredit_karta,36,426031,toladi
AP001803,A001803,2024-11-14,16813419,avto,36,112375,toladi
AP001804,A001804,2024-07-30,15612148,mikrobiznes,36,0,toladi
AP001805,A001805,2025-02-04,17349686,ta'lim,24,7066533,defolt
AP001806,A001806,2024-07-15,49023940,ipoteka,12,500208,toladi
AP001807,A001807,2024-10-14,31876828,iste'mol,6,2593904,defolt
AP001808,A001808,2024-11-08,24777054,ipoteka,6,0,defolt
AP001809,A001809,2025-02-09,8503810,ta'lim,60,548142,toladi
AP001810,A001810,2024-12-21,31179553,avto,36,420228,toladi
AP001811,A001811,2024-06-14,17389071,avto,60,0,toladi
AP001812,A001812,2024-07-17,28635710,ipoteka,12,238125,toladi
AP001813,A001813,2024-06-01,57879218,ta'lim,24,4889706,defolt
AP001814,A001814,2025-01-11,14262460,avto,12,1150404,toladi
AP001815,A001815,2024-08-05,31768689,ta'lim,36,0,toladi
AP001816,A001816,2024-06-24,14657251,ta'lim,36,0,toladi
AP001817,A001817,2024-05-02,9735736,ta'lim,24,2082383,toladi
AP001818,A001818,2024-11-12,18605165,ipoteka,36,0,toladi
AP001819,A001819,2025-01-06,6020676,ipoteka,36,0,toladi
AP001820,A001820,2024-11-04,27140395,avto,24,0,toladi
AP001821,A001821,2024-06-10,8094754,mikrobiznes,36,2619359,toladi
AP001822,A001822,2025-01-04,9183268,ta'lim,60,0,toladi
AP001823,A001823,2024-12-11,26292663,ipoteka,60,205519,toladi
AP001824,A001824,2024-11-08,17131656,ta'lim,24,0,toladi
AP001825,A001825,2024-07-12,16439532,kredit_karta,36,1883203,defolt
AP001826,A001826,2024-12-22,26969061,avto,6,956354,toladi
AP001827,A001827,2024-07-28,30108401,avto,60,0,toladi
AP001828,A001828,2024-08-23,6207095,ta'lim,6,473541,toladi
AP001829,A001829,2024-08-21,12023088,mikrobiznes,24,517205,toladi
AP001830,A001830,2024-07-15,16313225,iste'mol,36,895078,toladi
AP001831,A001831,2024-05-04,20786556,kredit_karta,24,160656,toladi
AP001832,A001832,2025-01-25,6159621,ta'lim,12,0,toladi
AP001833,A001833,2024-10-17,49700243,mikrobiznes,12,0,toladi
AP001834,A001834,2025-01-01,30740122,kredit_karta,60,5333605,toladi
AP001835,A001835,2025-02-15,11161333,ta'lim,60,4982933,toladi
AP001836,A001836,2024-11-21,10164300,mikrobiznes,24,0,toladi
AP001837,A001837,2024-08-14,13282280,iste'mol,24,0,toladi
AP001838,A001838,2024-10-13,37180831,mikrobiznes,12,0,toladi
AP001839,A001839,2024-05-09,23451604,iste'mol,36,426650,toladi
AP001840,A001840,2024-09-10,14148533,avto,12,0,toladi
AP001841,A001841,2025-01-31,53943515,ta'lim,12,0,defolt
AP001842,A001842,2024-08-30,3099311,avto,36,892196,toladi
AP001843,A001843,2024-06-05,23365155,mikrobiznes,6,581332,toladi
AP001844,A001844,2024-05-23,12092382,avto,12,0,toladi
AP001845,A001845,2024-09-09,14696001,kredit_karta,12,2146882,toladi
AP001846,A001846,2025-01-04,27566395,iste'mol,6,407305,toladi
AP001847,A001847,2024-10-17,7711122,ta'lim,12,0,toladi
AP001848,A001848,2024-05-10,17228237,iste'mol,60,73184,toladi
AP001849,A001849,2024-05-24,20933030,avto,6,3088647,toladi
AP001850,A001850,2024-04-21,24603941,avto,36,1321647,toladi
AP001851,A001851,2024-07-16,5456473,mikrobiznes,36,759627,toladi
AP001852,A001852,2024-05-10,17903714,avto,36,2262157,defolt
AP001853,A001853,2025-01-27,15869861,kredit_karta,36,0,toladi
AP001854,A001854,2024-08-11,15536948,ipoteka,60,15363509,defolt
AP001855,A001855,2024-12-23,18139418,kredit_karta,24,3186929,toladi
AP001856,A001856,2024-09-11,23762218,avto,6,1420560,defolt
AP001857,A001857,2024-04-10,42975225,ta'lim,12,2332469,toladi
AP001858,A001858,2024-11-18,19219511,kredit_karta,24,5734255,defolt
AP001859,A001859,2024-05-13,36787317,ta'lim,36,0,toladi
AP001860,A001860,2024-06-10,5032837,iste'mol,24,1204857,toladi
AP001861,A001861,2024-09-16,16785117,mikrobiznes,60,1684188,toladi
AP001862,A001862,2025-01-17,40116182,kredit_karta,60,585438,toladi
AP001863,A001863,2024-12-07,23950040,ta'lim,12,2475054,toladi
AP001864,A001864,2025-01-03,23772470,iste'mol,24,211734,toladi
AP001865,A001865,2024-07-17,24547020,kredit_karta,60,539604,toladi
AP001866,A001866,2024-05-28,11139296,ipoteka,6,6104444,defolt
AP001867,A001867,2025-02-12,13708426,mikrobiznes,12,812517,toladi
AP001868,A001868,2024-08-15,16065969,avto,12,0,toladi
AP001869,A001869,2024-12-03,13882540,ta'lim,36,3018702,toladi
AP001870,A001870,2024-08-25,11473222,mikrobiznes,36,0,toladi
AP001871,A001871,2024-07-27,11380741,ipoteka,60,0,toladi
AP001872,A001872,2024-07-21,9880916,kredit_karta,24,0,toladi
AP001873,A001873,2024-12-02,10429086,mikrobiznes,60,392687,toladi
AP001874,A001874,2024-08-24,18369471,ta'lim,60,0,toladi
AP001875,A001875,2025-01-21,94884239,avto,24,0,toladi
AP001876,A001876,2025-01-03,27389448,iste'mol,24,0,toladi
AP001877,A001877,2024-07-07,7064202,ipoteka,24,0,toladi
AP001878,A001878,2024-05-22,10693121,iste'mol,60,0,toladi
AP001879,A001879,2024-09-13,8416804,avto,36,0,toladi
AP001880,A001880,2024-05-13,38500605,avto,24,902553,toladi
AP001881,A001881,2024-08-16,5500363,kredit_karta,6,273290,toladi
AP001882,A001882,2025-02-28,18100947,kredit_karta,60,268993,toladi
AP001883,A001883,2024-05-18,14127003,iste'mol,36,2002328,toladi
AP001884,A001884,2024-12-16,24325738,ta'lim,24,0,toladi
AP001885,A001885,2025-01-21,13741009,iste'mol,60,0,toladi
AP001886,A001886,2025-02-08,17140748,mikrobiznes,60,0,toladi
AP001887,A001887,2024-04-14,18545321,avto,6,615628,toladi
AP001888,A001888,2024-05-03,24821487,mikrobiznes,24,0,toladi
AP001889,A001889,2024-09-18,14914423,ipoteka,60,0,toladi
AP001890,A001890,2024-08-30,6673533,ipoteka,36,191352,toladi
AP001891,A001891,2024-08-24,9450942,avto,6,0,toladi
AP001892,A001892,2024-04-26,6738201,avto,6,0,toladi
AP001893,A001893,2024-08-27,8690995,kredit_karta,36,0,toladi
AP001894,A001894,2024-12-28,27385923,kredit_karta,60,0,defolt
AP001895,A001895,2024-09-23,27522852,avto,36,1094741,toladi
AP001896,A001896,2024-07-11,65418856,ta'lim,60,2504312,defolt
AP001897,A001897,2024-07-11,7460443,kredit_karta,24,0,defolt
AP001898,A001898,2025-01-26,29903137,ta'lim,24,2803384,toladi
AP001899,A001899,2025-01-16,10578974,iste'mol,60,2452037,toladi
AP001900,A001900,2024-07-08,3777136,kredit_karta,12,2663706,toladi
AP001901,A001901,2024-11-15,1863577,iste'mol,60,5863783,toladi
AP001902,A001902,2024-04-22,7512672,ipoteka,36,482166,toladi
AP001903,A001903,2024-08-19,5619205,ta'lim,12,0,toladi
AP001904,A001904,2024-09-01,10423767,ta'lim,12,0,toladi
AP001905,A001905,2024-10-07,28462876,ta'lim,6,1245950,toladi
AP001906,A001906,2024-08-18,8003258,ta'lim,12,3525299,toladi
AP001907,A001907,2025-01-23,34339923,avto,60,0,toladi
AP001908,A001908,2025-01-17,8758222,kredit_karta,60,1192767,toladi
AP001909,A001909,2025-02-02,49353668,ipoteka,6,0,toladi
AP001910,A001910,2024-07-24,6988704,kredit_karta,36,341041,toladi
AP001911,A001911,2024-08-25,21753826,iste'mol,36,8715594,toladi
AP001912,A001912,2024-07-29,8243526,ta'lim,24,0,toladi
AP001913,A001913,2024-12-28,16651144,iste'mol,6,3742544,toladi
AP001914,A001914,2024-04-12,28989259,avto,36,95151,toladi
AP001915,A001915,2024-11-09,51500218,kredit_karta,36,96156,toladi
AP001916,A001916,2024-10-18,23039297,mikrobiznes,12,0,toladi
AP001917,A001917,2024-09-16,12901935,iste'mol,60,3228774,toladi
AP001918,A001918,2024-10-25,17791150,ta'lim,36,218659,toladi
AP001919,A001919,2024-06-19,21702408,ipoteka,36,308967,toladi
AP001920,A001920,2024-12-03,9835752,iste'mol,36,3124126,toladi
AP001921,A001921,2024-05-30,8996067,kredit_karta,60,0,toladi
AP001922,A001922,2024-04-18,14019584,avto,12,604467,toladi
AP001923,A001923,2024-07-12,53485706,ta'lim,24,0,toladi
AP001924,A001924,2024-08-18,8097112,iste'mol,12,124544,toladi
AP001925,A001925,2024-04-07,35670450,mikrobiznes,24,3431661,toladi
AP001926,A001926,2024-07-24,8810316,kredit_karta,24,587815,toladi
AP001927,A001927,2024-08-01,12292385,avto,60,0,toladi
AP001928,A001928,2024-09-27,16916463,iste'mol,60,0,toladi
AP001929,A001929,2025-01-13,8785271,mikrobiznes,24,1321670,toladi
AP001930,A001930,2024-07-12,62827705,kredit_karta,12,2983672,toladi
AP001931,A001931,2024-04-20,23906806,avto,6,674245,toladi
AP001932,A001932,2024-04-26,8652915,mikrobiznes,12,0,toladi
AP001933,A001933,2024-10-25,18542944,kredit_karta,12,0,toladi
AP001934,A001934,2024-07-20,10373155,kredit_karta,36,2172601,toladi
AP001935,A001935,2024-06-12,16205297,iste'mol,60,337454,toladi
AP001936,A001936,2024-04-17,27636775,ta'lim,60,0,toladi
AP001937,A001937,2024-04-07,26658323,ta'lim,6,244196,toladi
AP001938,A001938,2024-05-14,2697524,iste'mol,24,0,toladi
AP001939,A001939,2024-06-28,4555177,ta'lim,60,0,defolt
AP001940,A001940,2024-06-16,14724590,iste'mol,24,252394,toladi
AP001941,A001941,2024-06-11,9822631,ta'lim,6,0,toladi
AP001942,A001942,2024-10-18,71104951,mikrobiznes,60,176983,toladi
AP001943,A001943,2024-10-02,24252479,ta'lim,60,3314865,defolt
AP001944,A001944,2025-02-23,23785971,avto,36,0,toladi
AP001945,A001945,2024-04-18,10325247,iste'mol,36,1109561,toladi
AP001946,A001946,2025-02-27,24294171,ipoteka,12,299552,toladi
AP001947,A001947,2025-02-21,16082811,mikrobiznes,12,11094877,toladi
AP001948,A001948,2024-07-17,15608778,iste'mol,60,0,toladi
AP001949,A001949,2025-02-06,7118600,mikrobiznes,60,844603,toladi
AP001950,A001950,2024-12-22,65467603,ta'lim,6,458012,defolt
AP001951,A001951,2025-02-20,22333055,ipoteka,6,1817132,toladi
AP001952,A001952,2024-12-07,12647796,iste'mol,24,0,defolt
AP001953,A001953,2024-12-22,13955994,ta'lim,24,7196620,toladi
AP001954,A001954,2024-10-28,15528373,ipoteka,12,0,toladi
AP001955,A001955,2024-08-23,13288217,avto,36,567515,toladi
AP001956,A001956,2024-10-19,6051045,kredit_karta,36,1990607,toladi
AP001957,A001957,2024-05-18,47737786,iste'mol,36,0,toladi
AP001958,A001958,2024-11-09,23279643,mikrobiznes,36,1429185,toladi
AP001959,A001959,2024-12-19,11718193,ipoteka,24,1419243,toladi
AP001960,A001960,2024-12-11,19953027,iste'mol,36,1192171,toladi
AP001961,A001961,2024-08-15,16386313,kredit_karta,6,3918012,toladi
AP001962,A001962,2024-09-21,9227529,mikrobiznes,6,1614869,toladi
AP001963,A001963,2024-05-16,33456196,mikrobiznes,6,8296737,toladi
AP001964,A001964,2024-07-16,12453787,ta'lim,12,0,defolt
AP001965,A001965,2024-12-05,20012398,mikrobiznes,6,2102578,toladi
AP001966,A001966,2024-07-25,54440066,kredit_karta,6,0,toladi
AP001967,A001967,2025-01-06,12231049,kredit_karta,36,10816171,defolt
AP001968,A001968,2024-12-02,4688711,iste'mol,24,0,toladi
AP001969,A001969,2025-01-04,8230565,kredit_karta,6,0,toladi
AP001970,A001970,2025-02-23,3982085,kredit_karta,6,0,toladi
AP001971,A001971,2025-02-25,60734776,ta'lim,36,0,toladi
AP001972,A001972,2024-05-21,32278833,ipoteka,36,0,toladi
AP001973,A001973,2024-04-28,12681328,iste'mol,12,169671,toladi
AP001974,A001974,2024-12-25,18453365,ta'lim,12,0,toladi
AP001975,A001975,2024-07-12,10459174,kredit_karta,6,0,toladi
AP001976,A001976,2024-04-08,46646700,iste'mol,6,0,defolt
AP001977,A001977,2024-06-14,11522622,iste'mol,60,3289846,toladi
AP001978,A001978,2024-09-24,20930224,mikrobiznes,6,4455847,toladi
AP001979,A001979,2024-07-08,7187992,iste'mol,24,1156681,toladi
AP001980,A001980,2025-01-14,26158753,kredit_karta,6,1998793,toladi
AP001981,A001981,2024-11-11,9738879,iste'mol,12,2521752,toladi
AP001982,A001982,2025-02-02,15261060,iste'mol,36,0,toladi
AP001983,A001983,2024-06-14,38157523,avto,12,0,toladi
AP001984,A001984,2024-06-26,17190786,ta'lim,60,0,toladi
AP001985,A001985,2024-09-22,12328014,kredit_karta,60,419927,toladi
AP001986,A001986,2024-10-19,3275242,ipoteka,60,171478,toladi
AP001987,A001987,2024-10-14,44172244,kredit_karta,24,3211439,defolt
AP001988,A001988,2024-09-22,18115523,avto,36,5474205,toladi
AP001989,A001989,2025-01-03,10638154,iste'mol,6,5772889,toladi
AP001990,A001990,2024-10-08,6449486,ipoteka,6,0,toladi
AP001991,A001991,2025-02-23,10477500,ipoteka,60,2697698,defolt
AP001992,A001992,2024-04-30,31153079,kredit_karta,60,1861836,toladi
AP001993,A001993,2024-10-06,22632193,kredit_karta,6,0,toladi
AP001994,A001994,2024-07-06,9075534,iste'mol,6,0,toladi
AP001995,A001995,2024-09-08,11019849,kredit_karta,12,842888,toladi
AP001996,A001996,2025-01-11,12291592,kredit_karta,36,2463173,toladi
AP001997,A001997,2024-11-14,13919163,mikrobiznes,60,0,toladi
AP001998,A001998,2024-07-25,22126198,ipoteka,6,0,toladi
AP001999,A001999,2025-02-04,9969849,kredit_karta,24,0,toladi
AP002000,A002000,2024-09-09,5205629,kredit_karta,36,0,defolt
AP002001,A002001,2024-11-20,9758137,iste'mol,24,0,toladi
AP002002,A002002,2025-01-15,2758355,avto,24,0,toladi
AP002003,A002003,2024-07-30,55071760,avto,12,7143028,toladi
AP002004,A002004,2024-04-09,28885034,iste'mol,12,3705499,toladi
AP002005,A002005,2025-01-06,57580416,ta'lim,6,1436435,toladi
AP002006,A002006,2024-05-27,24040763,mikrobiznes,36,0,toladi
AP002007,A002007,2024-09-19,20427723,mikrobiznes,24,5852439,toladi
AP002008,A002008,2024-05-27,47732142,ta'lim,60,183165,toladi
AP002009,A002009,2024-08-04,20589540,mikrobiznes,24,153043,toladi
AP002010,A002010,2025-02-02,6077778,avto,36,649322,toladi
AP002011,A002011,2024-06-19,8497036,mikrobiznes,36,2904445,toladi
AP002012,A002012,2025-01-24,4472463,ta'lim,6,1683479,toladi
AP002013,A002013,2025-02-25,23706618,iste'mol,36,0,toladi
AP002014,A002014,2024-07-09,9536869,iste'mol,60,82396,toladi
AP002015,A002015,2024-09-10,10169268,avto,12,152111,toladi
AP002016,A002016,2025-01-26,28570264,mikrobiznes,12,0,toladi
AP002017,A002017,2024-04-23,7188457,ta'lim,12,467915,toladi
AP002018,A002018,2024-06-22,8935213,mikrobiznes,24,0,toladi
AP002019,A002019,2024-04-11,18796390,ta'lim,12,5167810,toladi
AP002020,A002020,2024-12-26,56005998,ta'lim,60,143397,toladi
AP002021,A002021,2025-02-18,45345767,iste'mol,12,2213377,toladi
AP002022,A002022,2024-06-30,14015222,mikrobiznes,12,671499,toladi
AP002023,A002023,2024-07-08,50476752,ipoteka,6,4577976,toladi
AP002024,A002024,2025-02-17,28627567,kredit_karta,6,0,toladi
AP002025,A002025,2024-05-29,26316329,avto,60,830637,toladi
AP002026,A002026,2024-06-23,33430296,ipoteka,6,995752,toladi
AP002027,A002027,2024-05-03,4797670,kredit_karta,6,0,toladi
AP002028,A002028,2025-01-10,25133922,iste'mol,24,2291284,toladi
AP002029,A002029,2024-08-09,11664154,ipoteka,6,2952356,toladi
AP002030,A002030,2025-01-22,11190323,mikrobiznes,12,0,toladi
AP002031,A002031,2024-08-16,20573199,mikrobiznes,12,1961021,toladi
AP002032,A002032,2024-12-10,15703558,iste'mol,60,5510144,defolt
AP002033,A002033,2024-11-12,6582175,ipoteka,12,3972346,toladi
AP002034,A002034,2024-10-07,27098343,iste'mol,24,0,toladi
AP002035,A002035,2024-06-17,85914151,avto,24,0,toladi
AP002036,A002036,2024-12-10,7675021,ta'lim,36,0,toladi
AP002037,A002037,2024-09-02,20503072,ipoteka,12,1863992,toladi
AP002038,A002038,2024-11-22,9917962,iste'mol,36,686593,toladi
AP002039,A002039,2024-06-27,19285404,ipoteka,36,170051,toladi
AP002040,A002040,2025-02-22,11683659,ta'lim,60,0,toladi
AP002041,A002041,2025-02-11,21429484,ipoteka,36,0,toladi
AP002042,A002042,2024-10-24,14503363,ta'lim,60,0,toladi
AP002043,A002043,2024-05-12,6159375,kredit_karta,24,154994,toladi
AP002044,A002044,2024-12-30,9698364,mikrobiznes,12,0,toladi
AP002045,A002045,2024-06-27,7694822,ta'lim,6,0,toladi
AP002046,A002046,2024-07-21,27374371,ipoteka,60,0,toladi
AP002047,A002047,2024-11-14,29254064,mikrobiznes,6,0,toladi
AP002048,A002048,2024-08-30,9683788,avto,60,2231962,toladi
AP002049,A002049,2024-12-23,19170596,ipoteka,6,0,toladi
AP002050,A002050,2024-08-04,13353975,ipoteka,60,3701413,toladi
AP002051,A002051,2024-04-26,7292296,kredit_karta,36,7239634,toladi
AP002052,A002052,2024-10-29,47213641,kredit_karta,6,135015,toladi
AP002053,A002053,2024-06-20,35921943,ipoteka,60,2053090,toladi
AP002054,A002054,2024-12-31,36443886,ta'lim,60,1460790,toladi
AP002055,A002055,2024-11-25,15402933,mikrobiznes,12,0,toladi
AP002056,A002056,2024-06-07,9912094,avto,60,535355,toladi
AP002057,A002057,2024-08-08,5777210,ipoteka,6,3620712,toladi
AP002058,A002058,2024-08-28,14305826,iste'mol,36,727241,toladi
AP002059,A002059,2024-10-30,12813169,ipoteka,24,0,toladi
AP002060,A002060,2024-12-13,22047584,kredit_karta,12,0,toladi
AP002061,A002061,2024-07-26,16777919,ipoteka,60,0,toladi
AP002062,A002062,2024-08-20,31994078,ipoteka,24,0,toladi
AP002063,A002063,2024-11-19,11498538,avto,24,663615,toladi
AP002064,A002064,2024-05-13,118143715,iste'mol,36,474768,toladi
AP002065,A002065,2024-12-04,15765848,ipoteka,60,597493,toladi
AP002066,A002066,2024-12-31,15852287,iste'mol,6,0,toladi
AP002067,A002067,2024-08-09,21031815,kredit_karta,12,2663093,toladi
AP002068,A002068,2024-12-12,21261061,avto,36,499742,toladi
AP002069,A002069,2025-01-15,11513310,ta'lim,12,0,toladi
AP002070,A002070,2024-07-04,12751209,ipoteka,24,10610671,defolt
AP002071,A002071,2024-08-14,18752928,iste'mol,12,1250217,toladi
AP002072,A002072,2025-02-16,11479686,ipoteka,6,819116,toladi
AP002073,A002073,2025-01-25,23456474,ta'lim,36,0,toladi
AP002074,A002074,2024-06-23,65891630,ta'lim,36,0,toladi
AP002075,A002075,2025-02-21,21399371,ta'lim,60,182848,defolt
AP002076,A002076,2025-01-07,5310963,ipoteka,24,4318876,toladi
AP002077,A002077,2025-01-31,31524662,kredit_karta,36,108194,toladi
AP002078,A002078,2024-10-04,86176055,kredit_karta,60,0,toladi
AP002079,A002079,2024-11-30,53535479,kredit_karta,36,8404729,defolt
AP002080,A002080,2024-10-23,26101608,iste'mol,24,0,toladi
AP002081,A002081,2024-06-25,7181632,ipoteka,6,105449,toladi
AP002082,A002082,2024-12-21,11779004,kredit_karta,6,0,toladi
AP002083,A002083,2024-08-25,27496110,avto,6,348995,toladi
AP002084,A002084,2024-08-14,16615030,ipoteka,24,739966,toladi
AP002085,A002085,2024-07-07,5555213,kredit_karta,12,0,toladi
AP002086,A002086,2024-10-07,28442126,ipoteka,36,723305,defolt
AP002087,A002087,2024-10-07,32281064,ta'lim,6,702171,toladi
AP002088,A002088,2024-08-07,8348762,mikrobiznes,12,0,toladi
AP002089,A002089,2024-08-14,17626150,kredit_karta,24,4675428,defolt
AP002090,A002090,2024-10-05,15794285,ipoteka,12,219015,toladi
AP002091,A002091,2024-11-01,32789927,ta'lim,24,0,toladi
AP002092,A002092,2025-02-12,21019334,mikrobiznes,12,1101036,toladi
AP002093,A002093,2024-06-14,8293742,mikrobiznes,6,263112,toladi
AP002094,A002094,2025-02-03,11232583,iste'mol,6,0,toladi
AP002095,A002095,2024-07-14,17305798,iste'mol,24,0,toladi
AP002096,A002096,2025-02-07,24951776,ipoteka,36,0,toladi
AP002097,A002097,2024-07-16,11296809,kredit_karta,60,0,toladi
AP002098,A002098,2024-05-12,27422316,kredit_karta,36,1868167,defolt
AP002099,A002099,2025-01-03,22695061,kredit_karta,24,0,toladi
AP002100,A002100,2025-02-18,15844395,avto,60,4551659,toladi
AP002101,A002101,2024-05-26,19119699,avto,24,0,toladi
AP002102,A002102,2024-10-07,21786584,iste'mol,6,3628523,toladi
AP002103,A002103,2024-05-17,30500706,ipoteka,36,11532497,toladi
AP002104,A002104,2025-01-31,14548246,kredit_karta,36,0,toladi
AP002105,A002105,2024-09-04,24137312,mikrobiznes,60,0,toladi
AP002106,A002106,2024-09-27,15180976,avto,60,2720742,toladi
AP002107,A002107,2024-04-23,22992277,avto,24,0,toladi
AP002108,A002108,2024-06-13,19202432,mikrobiznes,36,0,toladi
AP002109,A002109,2024-08-22,17871465,iste'mol,6,1806913,toladi
AP002110,A002110,2024-04-13,74583135,ipoteka,12,499001,toladi
AP002111,A002111,2024-07-18,16253154,avto,12,0,toladi
AP002112,A002112,2025-01-05,8674834,ta'lim,6,0,toladi
AP002113,A002113,2024-12-26,13438577,avto,60,292356,toladi
AP002114,A002114,2025-02-21,7556729,avto,6,3192354,toladi
AP002115,A002115,2024-11-29,9542393,iste'mol,60,0,toladi
AP002116,A002116,2024-05-10,9390081,kredit_karta,6,2833506,toladi
AP002117,A002117,2024-12-09,10788174,avto,12,0,toladi
AP002118,A002118,2024-06-22,28432442,ipoteka,24,0,toladi
AP002119,A002119,2024-07-14,19289830,kredit_karta,24,1065204,defolt
AP002120,A002120,2024-08-27,24253653,ipoteka,24,55251,toladi
AP002121,A002121,2024-06-04,27169209,ta'lim,6,0,toladi
AP002122,A002122,2024-12-01,21613140,avto,60,2156202,toladi
AP002123,A002123,2024-05-17,4694984,avto,6,0,toladi
AP002124,A002124,2025-02-27,21522169,iste'mol,12,302722,toladi
AP002125,A002125,2025-01-31,3493500,ipoteka,36,0,toladi
AP002126,A002126,2024-09-30,5192913,ta'lim,6,0,toladi
AP002127,A002127,2024-10-16,9529010,iste'mol,36,334653,toladi
AP002128,A002128,2024-07-01,38805038,avto,24,1447721,toladi
AP002129,A002129,2024-07-20,14624620,iste'mol,6,8560056,toladi
AP002130,A002130,2024-10-06,6067215,kredit_karta,24,1824596,toladi
AP002131,A002131,2024-08-30,19712052,kredit_karta,6,532339,toladi
AP002132,A002132,2024-10-20,7121753,kredit_karta,6,0,toladi
AP002133,A002133,2025-02-22,7302954,iste'mol,24,0,toladi
AP002134,A002134,2024-06-04,8850299,mikrobiznes,36,647259,toladi
AP002135,A002135,2024-10-04,25260187,kredit_karta,12,0,toladi
AP002136,A002136,2024-07-20,23428771,mikrobiznes,36,0,toladi
AP002137,A002137,2025-02-12,10785057,iste'mol,6,0,toladi
AP002138,A002138,2024-09-14,32754840,avto,36,0,toladi
AP002139,A002139,2025-02-13,20551734,iste'mol,36,1769860,toladi
AP002140,A002140,2024-10-12,14752412,ta'lim,12,869434,toladi
AP002141,A002141,2024-11-20,70448016,kredit_karta,12,14168935,defolt
AP002142,A002142,2024-04-15,8889854,avto,12,0,toladi
AP002143,A002143,2024-08-24,14090584,iste'mol,60,0,toladi
AP002144,A002144,2024-08-31,9707236,avto,60,0,toladi
AP002145,A002145,2024-07-07,34039634,ipoteka,6,0,toladi
AP002146,A002146,2024-10-12,13401597,ta'lim,36,0,toladi
AP002147,A002147,2024-09-02,26583301,iste'mol,12,2307920,toladi
AP002148,A002148,2025-02-28,23211103,avto,36,0,toladi
AP002149,A002149,2025-01-29,8705673,ipoteka,6,0,toladi
AP002150,A002150,2024-05-12,17019747,ta'lim,36,476355,toladi
AP002151,A002151,2025-02-12,17248456,iste'mol,6,1631531,toladi
AP002152,A002152,2024-07-06,8399940,ta'lim,12,2932647,toladi
AP002153,A002153,2024-06-02,24327251,mikrobiznes,60,0,toladi
AP002154,A002154,2024-06-20,29524134,avto,60,0,toladi
AP002155,A002155,2024-05-22,7838109,ipoteka,36,0,toladi
AP002156,A002156,2024-09-20,21232939,ipoteka,12,541866,toladi
AP002157,A002157,2024-10-27,20684598,iste'mol,36,1414014,toladi
AP002158,A002158,2024-05-24,31267417,mikrobiznes,60,287002,toladi
AP002159,A002159,2024-06-13,8184263,kredit_karta,36,0,toladi
AP002160,A002160,2025-01-09,15835486,avto,12,0,toladi
AP002161,A002161,2024-07-01,34318315,kredit_karta,6,1619064,
AP002162,A002162,2024-12-22,12130227,ipoteka,24,918291,
AP002163,A002163,2025-02-08,34358189,iste'mol,24,0,
AP002164,A002164,2024-05-27,15994705,mikrobiznes,24,0,
AP002165,A002165,2024-07-30,8304723,mikrobiznes,6,1805059,
AP002166,A002166,2024-08-04,20844643,kredit_karta,24,0,
AP002167,A002167,2024-05-25,17011281,iste'mol,24,0,
AP002168,A002168,2024-06-29,8367520,ta'lim,12,0,
AP002169,A002169,2024-09-04,9255179,mikrobiznes,36,0,
AP002170,A002170,2025-02-22,12291082,iste'mol,24,0,
AP002171,A002171,2025-01-11,27906906,mikrobiznes,12,4020925,
AP002172,A002172,2025-02-07,18325581,avto,24,202629,
AP002173,A002173,2024-05-16,46060372,mikrobiznes,36,914370,
AP002174,A002174,2024-06-13,23270104,ta'lim,12,4125033,
AP002175,A002175,2024-10-01,8311593,ta'lim,24,0,
AP002176,A002176,2024-11-08,5440884,ta'lim,12,780291,
AP002177,A002177,2024-09-02,23393887,mikrobiznes,36,0,
AP002178,A002178,2024-09-05,8979163,mikrobiznes,12,0,
AP002179,A002179,2024-06-09,14709170,avto,12,8373631,
AP002180,A002180,2024-06-04,14551424,iste'mol,60,0,
AP002181,A002181,2024-08-29,24775231,ta'lim,24,0,
AP002182,A002182,2024-08-14,5161021,kredit_karta,12,0,
AP002183,A002183,2024-10-22,25242304,ta'lim,12,6939865,
AP002184,A002184,2024-09-01,13113043,ipoteka,60,0,
AP002185,A002185,2024-11-28,19800717,ta'lim,24,1270846,
AP002186,A002186,2024-06-25,22022405,mikrobiznes,24,284511,
AP002187,A002187,2024-11-17,17261226,iste'mol,24,0,
AP002188,A002188,2024-07-18,9991425,kredit_karta,6,0,
AP002189,A002189,2025-01-15,39361135,mikrobiznes,6,941008,
AP002190,A002190,2024-11-26,13069550,kredit_karta,6,387355,
AP002191,A002191,2024-08-24,4885673,iste'mol,6,0,
AP002192,A002192,2024-11-26,23876414,ta'lim,12,4967984,
AP002193,A002193,2024-11-23,14152515,kredit_karta,24,324881,
AP002194,A002194,2025-01-27,10733945,ta'lim,12,0,
AP002195,A002195,2024-06-19,4710120,ipoteka,6,935597,
AP002196,A002196,2024-08-26,29349125,ta'lim,24,0,
AP002197,A002197,2024-05-31,58798813,ipoteka,60,7104640,
AP002198,A002198,2024-10-15,8804965,iste'mol,60,156863,
AP002199,A002199,2024-08-08,33797679,ipoteka,36,0,
AP002200,A002200,2024-10-19,6605158,avto,24,172816,
AP002201,A002201,2024-09-16,14466608,ta'lim,60,1831868,
AP002202,A002202,2024-06-12,22590972,ipoteka,12,0,
AP002203,A002203,2024-12-21,20426488,avto,12,3129074,
AP002204,A002204,2024-12-08,12347264,avto,24,0,
AP002205,A002205,2024-12-21,25210091,iste'mol,24,0,
AP002206,A002206,2025-02-24,20679711,kredit_karta,24,6780144,
AP002207,A002207,2024-07-29,8174141,iste'mol,60,0,
AP002208,A002208,2025-01-05,9464503,iste'mol,36,1693262,
AP002209,A002209,2024-09-22,14053287,kredit_karta,6,0,
AP002210,A002210,2025-02-17,12491718,iste'mol,36,2453157,
AP002211,A002211,2024-10-14,4778864,ta'lim,60,1861172,
AP002212,A002212,2024-04-07,115115218,kredit_karta,12,0,
AP002213,A002213,2024-04-06,16163292,mikrobiznes,12,0,
AP002214,A002214,2024-11-16,18475231,kredit_karta,6,935762,
AP002215,A002215,2024-07-31,18882251,kredit_karta,36,0,
AP002216,A002216,2024-10-21,8352306,avto,36,0,
AP002217,A002217,2025-01-15,14658988,ipoteka,24,658889,
AP002218,A002218,2024-05-19,16362441,iste'mol,24,0,
AP002219,A002219,2024-12-16,24736560,mikrobiznes,12,535226,
AP002220,A002220,2024-06-11,14939713,iste'mol,24,1504466,
AP002221,A002221,2024-08-07,15803471,kredit_karta,12,622290,
AP002222,A002222,2025-01-01,15554655,ta'lim,6,720882,
AP002223,A002223,2024-08-04,24568428,mikrobiznes,6,2744881,
AP002224,A002224,2024-10-03,24194612,ipoteka,36,410729,
AP002225,A002225,2024-12-20,5719799,ta'lim,12,931468,
AP002226,A002226,2025-02-21,16439110,iste'mol,36,202765,
AP002227,A002227,2024-04-09,45138034,iste'mol,36,0,
AP002228,A002228,2024-10-24,35368255,kredit_karta,60,2848333,
AP002229,A002229,2025-02-06,11036779,avto,24,599301,
AP002230,A002230,2024-09-02,37292820,kredit_karta,60,818368,
AP002231,A002231,2025-02-05,5598005,ipoteka,12,0,
AP002232,A002232,2024-08-28,56215189,kredit_karta,60,782090,
AP002233,A002233,2024-09-10,11360150,avto,6,0,
AP002234,A002234,2024-09-09,11184349,kredit_karta,6,2880135,
AP002235,A002235,2024-12-06,12547644,ipoteka,6,0,
AP002236,A002236,2024-09-04,8667109,mikrobiznes,24,0,
AP002237,A002237,2024-06-01,23777313,ta'lim,60,0,
AP002238,A002238,2025-01-11,60504539,kredit_karta,60,1764291,
AP002239,A002239,2024-11-20,4273931,avto,60,483055,
AP002240,A002240,2025-01-04,12033551,ipoteka,24,0,
AP002241,A002241,2024-08-25,1301240,avto,60,0,
AP002242,A002242,2024-12-09,39207874,mikrobiznes,60,0,
AP002243,A002243,2024-09-17,50021498,mikrobiznes,12,251626,
AP002244,A002244,2024-11-06,25639714,mikrobiznes,12,2099257,
AP002245,A002245,2025-02-14,23762406,avto,24,1015341,
AP002246,A002246,2024-12-14,4006346,avto,12,8344678,
AP002247,A002247,2024-07-05,38054408,kredit_karta,24,1565183,
AP002248,A002248,2024-12-07,3392669,ipoteka,24,0,
AP002249,A002249,2024-04-28,54418470,kredit_karta,24,342032,
AP002250,A002250,2024-12-22,11344990,mikrobiznes,24,0,
AP002251,A002251,2025-02-21,23250962,ta'lim,36,1466199,
AP002252,A002252,2024-06-15,13719953,iste'mol,24,81411,
AP002253,A002253,2024-11-05,9027484,mikrobiznes,6,1061403,
AP002254,A002254,2024-07-26,1573313,ta'lim,36,758616,
AP002255,A002255,2024-12-29,8076376,iste'mol,24,0,
AP002256,A002256,2025-02-09,14739610,kredit_karta,60,0,
AP002257,A002257,2024-06-28,16064650,avto,24,3444180,
AP002258,A002258,2024-07-22,15460207,ta'lim,60,367946,
AP002259,A002259,2024-08-12,42814286,mikrobiznes,60,0,
AP002260,A002260,2024-09-17,51944210,avto,24,4401606,
AP002261,A002261,2024-12-31,9039442,ipoteka,24,551108,
AP002262,A002262,2024-06-07,11990708,avto,24,692380,
AP002263,A002263,2024-08-17,18400224,kredit_karta,24,0,
AP002264,A002264,2024-09-20,13280279,kredit_karta,12,0,
AP002265,A002265,2024-07-12,21247707,avto,60,1177250,
AP002266,A002266,2024-11-03,9565028,ipoteka,24,1375570,
AP002267,A002267,2024-10-13,11768323,ipoteka,60,1414462,
AP002268,A002268,2024-11-17,20735559,ta'lim,36,0,
AP002269,A002269,2024-08-23,47671365,iste'mol,6,719381,
AP002270,A002270,2024-11-16,44704932,iste'mol,24,4258078,
AP002271,A002271,2024-12-17,45984992,mikrobiznes,6,0,
AP002272,A002272,2024-12-10,12684553,kredit_karta,6,0,
AP002273,A002273,2024-06-08,9762538,ta'lim,6,860129,
AP002274,A002274,2024-12-20,6239626,ipoteka,60,952739,
AP002275,A002275,2024-06-19,16821195,iste'mol,60,1828510,
AP002276,A002276,2024-05-04,37772590,mikrobiznes,12,465531,
AP002277,A002277,2024-10-30,6797902,mikrobiznes,24,0,
AP002278,A002278,2024-06-14,18178816,mikrobiznes,24,1868988,
AP002279,A002279,2024-05-04,14719956,ta'lim,12,0,
AP002280,A002280,2024-07-04,16875687,ipoteka,12,0,
AP002281,A002281,2024-08-24,20746946,iste'mol,36,579595,
AP002282,A002282,2024-09-16,18611559,mikrobiznes,60,0,
AP002283,A002283,2024-07-05,14735948,ta'lim,6,2301189,
AP002284,A002284,2024-08-07,36985032,avto,36,0,
AP002285,A002285,2025-02-08,10686331,avto,12,799562,
AP002286,A002286,2025-01-07,4278172,iste'mol,12,1869149,
AP002287,A002287,2024-10-27,12785964,ta'lim,6,717216,
AP002288,A002288,2024-12-22,22797050,ta'lim,36,0,
AP002289,A002289,2025-02-25,1855178,kredit_karta,36,156102,
AP002290,A002290,2025-01-19,50909734,mikrobiznes,12,0,
AP002291,A002291,2024-10-23,17994878,iste'mol,6,258308,
AP002292,A002292,2025-01-26,8167870,kredit_karta,6,0,
AP002293,A002293,2024-04-30,45231244,iste'mol,12,393436,
AP002294,A002294,2024-12-10,8456056,ipoteka,36,0,
AP002295,A002295,2025-01-22,39748772,ipoteka,12,1360803,
AP002296,A002296,2024-09-20,10378727,ipoteka,24,0,
AP002297,A002297,2024-06-17,14590301,kredit_karta,36,0,
AP002298,A002298,2024-04-19,11107923,avto,12,0,
AP002299,A002299,2025-01-17,30858791,mikrobiznes,24,498253,
AP002300,A002300,2024-10-09,2230302,ipoteka,60,371112,
AP002301,A002301,2024-10-16,54285126,iste'mol,36,0,
AP002302,A002302,2024-05-07,12999609,kredit_karta,36,420755,
AP002303,A002303,2024-09-09,21037425,avto,60,3287300,
AP002304,A002304,2025-02-28,17301452,mikrobiznes,36,596187,
AP002305,A002305,2025-01-15,20971491,ta'lim,36,0,
AP002306,A002306,2024-11-27,10910811,kredit_karta,12,4512855,
AP002307,A002307,2024-04-14,12442971,ta'lim,6,6097884,
AP002308,A002308,2025-01-10,8504190,mikrobiznes,60,1314639,
AP002309,A002309,2024-12-29,11228182,mikrobiznes,36,0,
AP002310,A002310,2024-07-16,35826709,mikrobiznes,12,0,
AP002311,A002311,2025-01-10,27861515,kredit_karta,12,3063192,
AP002312,A002312,2024-06-30,8658752,ipoteka,60,1385601,
AP002313,A002313,2025-01-25,12602280,avto,12,4496629,
AP002314,A002314,2024-05-08,11116679,kredit_karta,6,0,
AP002315,A002315,2025-01-16,20303117,mikrobiznes,12,0,
AP002316,A002316,2024-06-01,27491962,ta'lim,12,0,
AP002317,A002317,2024-10-06,18144901,ipoteka,6,997453,
AP002318,A002318,2024-09-26,23658565,ta'lim,60,1131279,
AP002319,A002319,2024-10-03,16341094,ta'lim,60,0,
AP002320,A002320,2024-05-24,27403254,ipoteka,60,0,
AP002321,A002321,2024-11-24,3880025,ipoteka,24,435075,
AP002322,A002322,2024-12-04,49252726,iste'mol,60,2179590,
AP002323,A002323,2024-12-03,49329821,ipoteka,24,0,
AP002324,A002324,2024-04-19,11393725,ta'lim,24,0,
AP002325,A002325,2024-08-17,9139924,avto,60,201501,
AP002326,A002326,2024-05-02,25591807,mikrobiznes,12,175321,
AP002327,A002327,2024-10-23,6435500,mikrobiznes,36,0,
AP002328,A002328,2024-07-12,16819338,mikrobiznes,12,707767,
AP002329,A002329,2025-02-26,19605022,mikrobiznes,36,0,
AP002330,A002330,2024-08-24,30971040,ta'lim,12,0,
AP002331,A002331,2024-10-08,8041180,mikrobiznes,60,298484,
AP002332,A002332,2024-04-24,22029945,ipoteka,6,4965460,
AP002333,A002333,2025-02-03,15799923,kredit_karta,12,664747,
AP002334,A002334,2024-07-10,4795758,ipoteka,24,0,
AP002335,A002335,2024-09-07,23066418,ta'lim,36,2154618,
AP002336,A002336,2024-08-17,27625291,mikrobiznes,12,404334,
AP002337,A002337,2024-07-13,9302873,ta'lim,60,527913,
AP002338,A002338,2024-11-17,12577756,kredit_karta,12,273105,
AP002339,A002339,2025-02-16,13727971,ta'lim,36,0,
AP002340,A002340,2024-04-25,11027325,avto,12,2453260,
AP002341,A002341,2024-12-21,24629271,avto,6,0,
AP002342,A002342,2024-12-06,30633194,avto,36,0,
AP002343,A002343,2024-10-14,9979079,mikrobiznes,12,0,
AP002344,A002344,2024-11-15,14395232,ipoteka,24,0,
AP002345,A002345,2024-11-30,10913606,mikrobiznes,60,1099509,
AP002346,A002346,2024-05-24,14059282,ipoteka,36,1247688,
AP002347,A002347,2024-10-14,10913631,mikrobiznes,36,0,
AP002348,A002348,2024-10-14,16700203,kredit_karta,12,900925,
AP002349,A002349,2024-08-02,21059546,ipoteka,6,0,
AP002350,A002350,2024-09-05,20203565,avto,24,0,
AP002351,A002351,2025-01-09,9484049,kredit_karta,6,0,
AP002352,A002352,2024-10-25,26887088,mikrobiznes,6,0,
AP002353,A002353,2024-07-20,14135008,iste'mol,12,2602400,
AP002354,A002354,2024-12-16,8947935,mikrobiznes,12,250307,
AP002355,A002355,2025-01-24,4409366,iste'mol,12,235436,
AP002356,A002356,2024-12-23,18429950,iste'mol,60,1961883,
AP002357,A002357,2024-11-27,8589764,avto,36,0,
AP002358,A002358,2024-04-12,7328359,kredit_karta,60,0,
AP002359,A002359,2024-11-04,7487409,iste'mol,12,0,
AP002360,A002360,2025-01-18,10085387,iste'mol,6,2088223,
AP002361,A002361,2024-11-22,36874186,iste'mol,12,842224,
AP002362,A002362,2024-10-28,33154169,avto,24,0,
AP002363,A002363,2024-09-26,18263509,mikrobiznes,36,2547170,
AP002364,A002364,2024-07-20,7827322,avto,6,0,
AP002365,A002365,2024-12-20,2129182,kredit_karta,60,0,
AP002366,A002366,2024-09-20,5410844,avto,60,0,
AP002367,A002367,2024-07-13,11004547,avto,60,0,
AP002368,A002368,2024-09-06,6232924,ta'lim,6,0,
AP002369,A002369,2024-05-16,53668051,ta'lim,24,2022342,
AP002370,A002370,2024-05-28,8096574,mikrobiznes,36,151992,
AP002371,A002371,2024-07-11,16399579,kredit_karta,36,512840,
AP002372,A002372,2024-04-22,9537706,ipoteka,60,750924,
AP002373,A002373,2025-02-12,22973118,ta'lim,24,0,
AP002374,A002374,2024-10-25,39524095,ipoteka,36,7989888,
AP002375,A002375,2024-04-27,10000755,mikrobiznes,24,6863078,
AP002376,A002376,2025-01-17,29799677,ipoteka,36,1434162,
AP002377,A002377,2024-09-13,5059073,mikrobiznes,60,0,
AP002378,A002378,2024-04-28,12036112,ta'lim,60,0,
AP002379,A002379,2024-11-06,11255480,kredit_karta,12,0,
AP002380,A002380,2024-10-12,15319048,avto,6,0,
AP002381,A002381,2024-06-03,6986639,ta'lim,36,315737,
AP002382,A002382,2024-11-25,16058532,ta'lim,12,0,
AP002383,A002383,2024-07-13,45343292,avto,6,1836591,
AP002384,A002384,2025-01-14,26552069,ta'lim,36,2024063,
AP002385,A002385,2024-05-18,22532598,iste'mol,36,0,
AP002386,A002386,2024-08-27,23981794,ta'lim,24,0,
AP002387,A002387,2024-11-14,7850287,iste'mol,6,0,
AP002388,A002388,2024-12-16,4514949,avto,6,1198482,
AP002389,A002389,2025-01-28,13131922,mikrobiznes,6,0,
AP002390,A002390,2024-12-30,10467644,ta'lim,36,263475,
AP002391,A002391,2024-08-30,20192044,ipoteka,12,274387,
AP002392,A002392,2024-07-27,10254935,iste'mol,24,0,
AP002393,A002393,2025-01-17,27855410,avto,24,0,
AP002394,A002394,2024-08-12,11968751,ta'lim,24,0,
AP002395,A002395,2024-09-02,16585591,ipoteka,6,0,
AP002396,A002396,2024-11-25,11365569,avto,60,0,
AP002397,A002397,2024-08-06,11466957,kredit_karta,60,0,
AP002398,A002398,2024-10-13,21987449,iste'mol,24,2558154,
AP002399,A002399,2024-08-07,4571569,mikrobiznes,12,0,
AP002400,A002400,2024-09-04,16891962,avto,6,518102,
AP002401,A002401,2024-07-18,17553387,mikrobiznes,60,0,
AP002402,A002402,2024-12-16,11907382,iste'mol,12,1665742,
AP002403,A002403,2024-08-16,3626701,ta'lim,24,731754,
AP002404,A002404,2024-11-01,9387095,ipoteka,36,227366,
AP002405,A002405,2024-04-22,15640051,mikrobiznes,12,0,
AP002406,A002406,2024-08-20,18945325,mikrobiznes,24,0,
AP002407,A002407,2024-12-22,25812380,kredit_karta,6,1801825,
AP002408,A002408,2024-06-11,29245468,ta'lim,36,373151,
AP002409,A002409,2024-08-07,6146517,avto,24,0,
AP002410,A002410,2024-10-09,21916568,ipoteka,24,93134,
AP002411,A002411,2025-02-10,2471301,iste'mol,12,1397607,
AP002412,A002412,2024-09-09,13862498,mikrobiznes,12,0,
AP002413,A002413,2024-05-18,69808035,iste'mol,36,4232766,
AP002414,A002414,2024-12-21,36750911,kredit_karta,24,0,
AP002415,A002415,2024-09-20,10231942,mikrobiznes,12,2436501,
AP002416,A002416,2024-09-18,34333988,ta'lim,6,606790,
AP002417,A002417,2024-09-28,11548682,avto,12,392518,
AP002418,A002418,2024-12-28,18482786,kredit_karta,6,0,
AP002419,A002419,2024-12-31,11963863,iste'mol,24,414556,
AP002420,A002420,2024-12-05,15187373,kredit_karta,6,1789806,
AP002421,A002421,2024-04-08,9794240,ta'lim,24,0,
AP002422,A002422,2024-11-03,21540330,ta'lim,60,0,
AP002423,A002423,2024-09-19,5747058,ipoteka,60,0,
AP002424,A002424,2024-08-11,21400567,iste'mol,60,1825509,
AP002425,A002425,2024-12-07,3330783,ta'lim,36,824127,
AP002426,A002426,2024-08-02,19633235,avto,60,580193,
AP002427,A002427,2024-06-04,21807687,ta'lim,24,0,
AP002428,A002428,2024-10-29,58976918,avto,60,0,
AP002429,A002429,2024-10-10,62498521,iste'mol,6,3393292,
AP002430,A002430,2025-02-19,15298050,iste'mol,24,5882219,
AP002431,A002431,2024-05-11,7943717,iste'mol,36,0,
AP002432,A002432,2025-01-26,17500693,kredit_karta,60,0,
AP002433,A002433,2024-06-17,47833774,avto,24,2094025,
AP002434,A002434,2024-11-14,10080393,avto,12,175171,
AP002435,A002435,2025-01-24,13598293,avto,12,0,
AP002436,A002436,2024-05-05,17379994,avto,12,0,
AP002437,A002437,2024-07-15,10714095,ta'lim,12,0,
AP002438,A002438,2024-05-21,27268281,mikrobiznes,24,1498837,
AP002439,A002439,2024-04-17,11735212,avto,6,2990298,
AP002440,A002440,2024-10-17,51519305,ipoteka,24,5939662,
AP002441,A002441,2024-07-01,29110314,ipoteka,6,338505,
AP002442,A002442,2024-11-27,6867277,ta'lim,36,0,
AP002443,A002443,2024-08-22,16461847,mikrobiznes,36,0,
AP002444,A002444,2024-12-05,8126094,kredit_karta,36,361696,
AP002445,A002445,2024-04-20,21486131,iste'mol,60,1625868,
AP002446,A002446,2024-11-09,37468979,iste'mol,36,260943,
AP002447,A002447,2024-09-10,11679656,ta'lim,36,717739,
AP002448,A002448,2025-02-11,20243121,ta'lim,60,0,
AP002449,A002449,2024-11-27,69447962,avto,12,402141,
AP002450,A002450,2024-12-11,4143870,kredit_karta,6,1354123,
AP002451,A002451,2024-12-24,6161180,iste'mol,60,3336276,
AP002452,A002452,2024-06-26,23215077,kredit_karta,36,0,
AP002453,A002453,2024-08-16,12265141,avto,36,148569,
AP002454,A002454,2024-10-09,20160695,kredit_karta,36,0,
AP002455,A002455,2024-08-24,25830755,ipoteka,6,1841150,
AP002456,A002456,2024-08-15,10303448,kredit_karta,12,0,
AP002457,A002457,2024-11-29,15245050,mikrobiznes,36,1047262,
AP002458,A002458,2024-11-27,35822484,iste'mol,6,114771,
AP002459,A002459,2024-07-17,25605939,ipoteka,24,502212,
AP002460,A002460,2024-12-02,5440607,ipoteka,6,0,
AP002461,A002461,2024-12-18,72831110,iste'mol,12,0,
AP002462,A002462,2025-01-30,8270098,ipoteka,24,0,
AP002463,A002463,2024-08-04,37163903,iste'mol,24,6158921,
AP002464,A002464,2024-08-02,22760908,mikrobiznes,24,0,
AP002465,A002465,2025-01-23,22345355,ipoteka,60,0,
AP002466,A002466,2024-08-09,29936211,ipoteka,36,134361,
AP002467,A002467,2024-12-02,36486319,ipoteka,36,86846,
AP002468,A002468,2024-09-10,27824996,iste'mol,12,2622208,
AP002469,A002469,2024-07-20,19106265,kredit_karta,12,913828,
AP002470,A002470,2024-08-05,28180379,avto,24,679378,
AP002471,A002471,2025-02-25,54639986,mikrobiznes,60,9080915,
AP002472,A002472,2024-06-01,15264514,avto,24,0,
AP002473,A002473,2024-09-23,13694188,iste'mol,36,1022297,
AP002474,A002474,2024-09-03,32259897,ta'lim,12,0,
AP002475,A002475,2025-02-23,39473454,mikrobiznes,60,162810,
AP002476,A002476,2024-11-04,28728829,ipoteka,24,308023,
AP002477,A002477,2024-08-19,25026208,kredit_karta,36,0,
AP002478,A002478,2024-06-13,11091771,ipoteka,6,246521,
AP002479,A002479,2024-11-15,14958222,ipoteka,36,0,
AP002480,A002480,2024-06-13,8992562,avto,12,544072,
AP002481,A002481,2024-09-12,27200474,ipoteka,24,2799553,
AP002482,A002482,2024-08-24,46698512,kredit_karta,24,517260,
AP002483,A002483,2024-10-27,7818826,ta'lim,12,0,
AP002484,A002484,2024-10-26,18432874,mikrobiznes,24,503352,
AP002485,A002485,2024-11-03,45317776,avto,24,0,
AP002486,A002486,2024-06-15,50233071,ta'lim,60,453730,
AP002487,A002487,2025-01-20,17686268,avto,6,0,
AP002488,A002488,2024-06-22,26627031,ta'lim,60,0,
AP002489,A002489,2024-08-18,28880216,ta'lim,60,1363815,
AP002490,A002490,2024-10-22,18785059,iste'mol,12,0,
AP002491,A002491,2024-08-07,8356746,avto,24,1915745,
AP002492,A002492,2024-12-10,15818403,kredit_karta,24,0,
AP002493,A002493,2025-01-02,7621228,mikrobiznes,60,1233058,
AP002494,A002494,2025-02-15,36769741,avto,36,679530,
AP002495,A002495,2025-02-13,10333189,mikrobiznes,6,683718,
AP002496,A002496,2025-02-15,22030423,mikrobiznes,12,7400932,
AP002497,A002497,2024-07-19,14714706,kredit_karta,36,1763619,
AP002498,A002498,2024-09-23,29776230,mikrobiznes,12,0,
AP002499,A002499,2024-05-19,19630360,iste'mol,12,0,
AP002500,A002500,2024-07-21,18265377,avto,60,0,
AP002501,A002501,2024-09-24,7556388,mikrobiznes,60,575098,
AP002502,A002502,2024-07-20,4245218,avto,36,848521,
AP002503,A002503,2024-05-26,38772793,ta'lim,6,2354987,
AP002504,A002504,2025-02-05,16454595,ta'lim,6,0,
AP002505,A002505,2024-11-22,35817607,ipoteka,12,3100865,
AP002506,A002506,2024-05-27,20684003,kredit_karta,12,0,
AP002507,A002507,2024-10-17,76097392,kredit_karta,24,0,
AP002508,A002508,2024-10-13,18029538,kredit_karta,6,3313041,
AP002509,A002509,2024-06-12,20293302,mikrobiznes,12,1200695,
AP002510,A002510,2024-06-23,65748557,ta'lim,24,0,
AP002511,A002511,2025-01-17,32267973,kredit_karta,12,0,
AP002512,A002512,2024-05-07,6301608,ta'lim,24,0,
AP002513,A002513,2024-07-02,9389558,mikrobiznes,36,0,
AP002514,A002514,2024-04-11,6180824,kredit_karta,60,1168090,
AP002515,A002515,2024-06-11,43553527,avto,24,4296363,
AP002516,A002516,2024-07-27,7693257,iste'mol,12,3699933,
AP002517,A002517,2025-01-24,23930499,kredit_karta,36,318131,
AP002518,A002518,2024-07-11,11928725,avto,12,287364,
AP002519,A002519,2024-06-05,6763646,ta'lim,36,0,
AP002520,A002520,2024-11-24,6168511,iste'mol,12,448530,
AP002521,A002521,2024-11-27,8563249,kredit_karta,24,611555,
AP002522,A002522,2024-12-27,5158933,ta'lim,60,702903,
AP002523,A002523,2024-04-20,16487175,ta'lim,36,505964,
AP002524,A002524,2024-12-13,15136929,ipoteka,24,471709,
AP002525,A002525,2024-08-22,10612711,avto,12,0,
AP002526,A002526,2025-02-17,9975214,avto,12,0,
AP002527,A002527,2024-04-07,5571015,ipoteka,6,0,
AP002528,A002528,2024-06-30,2108115,avto,6,353977,
AP002529,A002529,2025-01-24,17729829,ipoteka,36,0,
AP002530,A002530,2024-10-20,10435876,mikrobiznes,60,0,
AP002531,A002531,2025-02-20,26645031,avto,36,0,
AP002532,A002532,2024-04-23,13014253,avto,36,1234407,
AP002533,A002533,2024-11-07,24393712,mikrobiznes,60,20866154,
AP002534,A002534,2024-08-26,55589984,ta'lim,36,0,
AP002535,A002535,2024-12-11,10164303,ipoteka,12,5661360,
AP002536,A002536,2024-08-31,12109915,avto,6,1657022,
AP002537,A002537,2025-02-20,32773008,iste'mol,12,1903250,
AP002538,A002538,2025-02-20,2614753,kredit_karta,12,1383249,
AP002539,A002539,2024-09-29,10831476,iste'mol,36,0,
AP002540,A002540,2024-07-31,27740155,ipoteka,24,878326,
AP002541,A002541,2025-02-11,12268372,ta'lim,24,0,
AP002542,A002542,2024-09-06,17727722,iste'mol,6,2666638,
AP002543,A002543,2024-09-11,6063856,ipoteka,60,1296299,
AP002544,A002544,2024-12-03,21892334,iste'mol,60,335512,
AP002545,A002545,2024-07-09,8281915,kredit_karta,36,348170,
AP002546,A002546,2024-04-11,7947701,ta'lim,24,945682,
AP002547,A002547,2025-01-23,26129463,ta'lim,60,1055197,
AP002548,A002548,2024-06-25,15965560,ta'lim,6,326921,
AP002549,A002549,2025-02-04,23883689,kredit_karta,36,1444464,
AP002550,A002550,2024-07-11,16926391,mikrobiznes,12,156088,
AP002551,A002551,2025-01-19,39950071,kredit_karta,6,4415528,
AP002552,A002552,2024-08-13,35999389,kredit_karta,12,0,
AP002553,A002553,2024-09-29,19684806,ta'lim,12,0,
AP002554,A002554,2024-11-11,11473762,kredit_karta,6,402877,
AP002555,A002555,2024-07-12,33359860,iste'mol,6,0,
AP002556,A002556,2025-02-12,23185763,kredit_karta,36,295395,
AP002557,A002557,2025-02-20,31134820,ta'lim,24,0,
AP002558,A002558,2024-12-23,21859669,ta'lim,60,1069761,
AP002559,A002559,2025-01-06,10175348,kredit_karta,24,0,
AP002560,A002560,2024-12-01,20595848,ta'lim,36,1493141,
AP002561,A002561,2025-01-02,6890116,mikrobiznes,24,4270890,
AP002562,A002562,2024-11-25,19923164,ipoteka,12,0,
AP002563,A002563,2025-02-26,29405825,kredit_karta,12,0,
AP002564,A002564,2024-12-01,12155404,ta'lim,36,0,
AP002565,A002565,2024-10-09,47206032,ipoteka,6,0,
AP002566,A002566,2025-02-09,22568561,iste'mol,12,0,
AP002567,A002567,2024-10-31,39949243,ipoteka,36,1482094,
AP002568,A002568,2024-05-31,16022659,avto,36,0,
AP002569,A002569,2024-09-26,35915242,ipoteka,6,0,
AP002570,A002570,2024-07-12,68303272,iste'mol,60,1506031,
AP002571,A002571,2024-07-20,14152296,ipoteka,6,0,
AP002572,A002572,2024-05-23,14580722,kredit_karta,6,0,
AP002573,A002573,2025-01-20,28408309,ipoteka,6,0,
AP002574,A002574,2025-02-10,8558227,kredit_karta,60,1092800,
AP002575,A002575,2025-02-27,33162987,avto,24,0,
AP002576,A002576,2024-07-19,15611444,kredit_karta,24,0,
AP002577,A002577,2024-07-28,8915374,ta'lim,60,2669089,
AP002578,A002578,2024-06-08,36327430,mikrobiznes,60,0,
AP002579,A002579,2024-12-22,16823843,avto,24,0,
AP002580,A002580,2024-12-25,13410661,kredit_karta,12,800051,
AP002581,A002581,2024-05-25,21972350,ipoteka,36,0,
AP002582,A002582,2025-02-10,8316661,avto,60,1073939,
AP002583,A002583,2024-12-13,47618417,avto,12,325574,
AP002584,A002584,2024-06-27,10348472,kredit_karta,24,452121,
AP002585,A002585,2024-08-22,20812523,ipoteka,6,1068798,
AP002586,A002586,2024-05-13,13456573,avto,6,1097302,
AP002587,A002587,2024-10-17,5718058,ipoteka,36,0,
AP002588,A002588,2024-06-17,13476345,mikrobiznes,24,0,
AP002589,A002589,2024-12-28,14722466,ipoteka,24,3054029,
AP002590,A002590,2024-07-30,24902714,ta'lim,6,0,
AP002591,A002591,2024-04-30,7225007,iste'mol,36,0,
AP002592,A002592,2024-11-27,9827705,avto,24,576654,
AP002593,A002593,2025-01-03,22191484,ta'lim,24,4645557,
AP002594,A002594,2024-05-18,16970261,ipoteka,12,0,
AP002595,A002595,2025-01-07,6123226,iste'mol,24,131371,
AP002596,A002596,2024-07-21,38752000,kredit_karta,24,0,
AP002597,A002597,2024-04-06,22389710,kredit_karta,60,635546,
AP002598,A002598,2024-05-24,18401335,avto,24,0,
AP002599,A002599,2024-11-09,19183987,iste'mol,36,0,
AP002600,A002600,2024-10-03,35592789,ta'lim,12,1052404,
AP002601,A002601,2024-04-22,20088241,kredit_karta,12,3804232,
AP002602,A002602,2025-01-12,10866293,kredit_karta,60,831621,
AP002603,A002603,2025-02-28,10800278,mikrobiznes,60,2982477,
AP002604,A002604,2025-02-28,3851850,iste'mol,60,453362,
AP002605,A002605,2025-01-24,18434573,kredit_karta,36,0,
AP002606,A002606,2024-08-27,28636497,ta'lim,24,904360,
AP002607,A002607,2024-12-01,16721505,mikrobiznes,24,0,
AP002608,A002608,2024-12-31,9354396,ta'lim,36,0,
AP002609,A002609,2024-05-08,46093681,iste'mol,6,0,
AP002610,A002610,2025-01-31,26907021,ipoteka,24,5121175,
AP002611,A002611,2024-08-11,29644190,ta'lim,36,328204,
AP002612,A002612,2024-09-28,42627527,iste'mol,36,734905,
AP002613,A002613,2024-04-19,11292813,iste'mol,6,1517332,
AP002614,A002614,2024-05-22,4535892,avto,36,837543,
AP002615,A002615,2024-08-21,26008841,ta'lim,6,0,
AP002616,A002616,2024-09-20,15495754,avto,60,0,
AP002617,A002617,2024-09-18,109406986,avto,60,0,
AP002618,A002618,2024-11-01,18072686,kredit_karta,36,137347,
AP002619,A002619,2025-01-25,25855935,ta'lim,24,0,
AP002620,A002620,2024-08-24,7018699,iste'mol,24,73146,
AP002621,A002621,2024-09-16,9140783,ipoteka,36,0,
AP002622,A002622,2024-12-06,32408388,ipoteka,24,76878,
AP002623,A002623,2024-10-05,18242479,iste'mol,24,0,
AP002624,A002624,2024-10-05,16413328,mikrobiznes,24,1862277,
AP002625,A002625,2024-08-07,10103062,mikrobiznes,24,0,
AP002626,A002626,2025-01-23,6650534,mikrobiznes,12,0,
AP002627,A002627,2024-04-13,10717579,ta'lim,36,0,
AP002628,A002628,2024-09-13,17135993,kredit_karta,36,0,
AP002629,A002629,2024-11-22,49666936,iste'mol,24,1056962,
AP002630,A002630,2024-04-13,7724767,ta'lim,6,0,
AP002631,A002631,2025-02-08,11014202,iste'mol,60,98070,
AP002632,A002632,2024-12-27,4136965,iste'mol,36,825427,
AP002633,A002633,2024-08-23,33958205,kredit_karta,60,5610738,
AP002634,A002634,2024-08-18,8868004,mikrobiznes,60,6605027,
AP002635,A002635,2025-01-13,22621435,kredit_karta,6,1407185,
AP002636,A002636,2024-05-26,9010329,ta'lim,36,2686095,
AP002637,A002637,2024-12-13,17762209,avto,24,0,
AP002638,A002638,2024-12-20,22110497,iste'mol,24,524590,
AP002639,A002639,2024-04-28,27521113,ipoteka,60,572799,
AP002640,A002640,2024-05-31,6161505,iste'mol,12,313464,
AP002641,A002641,2024-09-19,20876461,mikrobiznes,24,301978,
AP002642,A002642,2025-01-28,7971881,avto,36,2209227,
AP002643,A002643,2024-12-25,48625568,avto,36,0,
AP002644,A002644,2024-05-04,14973657,ta'lim,60,0,
AP002645,A002645,2024-11-16,15806510,iste'mol,36,1270154,
AP002646,A002646,2025-01-06,65285934,iste'mol,60,0,
AP002647,A002647,2024-07-04,39735223,kredit_karta,6,3088856,
AP002648,A002648,2024-09-09,17258690,kredit_karta,12,0,
AP002649,A002649,2024-12-16,99540300,kredit_karta,24,0,
AP002650,A002650,2024-07-02,32140929,ipoteka,6,1228059,
AP002651,A002651,2024-05-05,17903105,kredit_karta,24,1238244,
AP002652,A002652,2024-10-20,9744448,ta'lim,6,0,
AP002653,A002653,2024-09-02,13373341,kredit_karta,36,500366,
AP002654,A002654,2024-09-05,26277213,avto,12,0,
AP002655,A002655,2024-09-19,19606830,mikrobiznes,36,0,
AP002656,A002656,2024-08-11,21949419,avto,60,7357398,
AP002657,A002657,2025-01-03,20724714,ta'lim,36,680860,
AP002658,A002658,2024-09-15,40957180,iste'mol,24,2197301,
AP002659,A002659,2024-05-11,20892768,ipoteka,24,1292842,
AP002660,A002660,2025-02-18,11916446,iste'mol,6,0,
AP002661,A002661,2024-07-17,20274155,avto,60,0,
AP002662,A002662,2024-05-05,32345709,ta'lim,12,0,
AP002663,A002663,2024-09-08,9585983,kredit_karta,6,0,
AP002664,A002664,2025-02-07,13688199,kredit_karta,24,2413428,
AP002665,A002665,2025-02-13,5959133,mikrobiznes,36,1590340,
AP002666,A002666,2024-09-13,10367542,iste'mol,36,359547,
AP002667,A002667,2025-01-24,20507146,iste'mol,36,1182772,
AP002668,A002668,2024-11-16,17545856,ta'lim,60,304487,
AP002669,A002669,2024-11-12,8202418,kredit_karta,24,0,
AP002670,A002670,2024-05-05,7073373,avto,12,877643,
AP002671,A002671,2024-05-01,26079569,ta'lim,12,164185,
AP002672,A002672,2024-05-27,11569665,mikrobiznes,36,1891912,
AP002673,A002673,2024-11-13,2090858,kredit_karta,60,0,
AP002674,A002674,2024-05-24,7697735,ipoteka,60,680403,
AP002675,A002675,2025-02-01,7460423,iste'mol,60,0,
AP002676,A002676,2024-04-23,21060608,kredit_karta,60,1478276,
AP002677,A002677,2024-12-28,38437663,ipoteka,6,0,
AP002678,A002678,2024-05-14,11639338,avto,24,8738208,
AP002679,A002679,2025-01-10,13888394,ipoteka,24,1269190,
AP002680,A002680,2025-01-02,17020089,kredit_karta,12,265796,
AP002681,A002681,2025-01-04,17880231,ta'lim,6,69297,
AP002682,A002682,2024-10-04,8244912,mikrobiznes,36,2048736,
AP002683,A002683,2024-05-08,21056419,mikrobiznes,24,0,
AP002684,A002684,2024-07-26,20503100,ta'lim,60,2696445,
AP002685,A002685,2025-02-27,12630963,avto,12,0,
AP002686,A002686,2024-05-15,39471738,kredit_karta,6,3575948,
AP002687,A002687,2025-02-13,13733367,avto,24,4390334,
AP002688,A002688,2024-09-08,29128090,ta'lim,60,1694512,
AP002689,A002689,2024-08-10,19441602,iste'mol,6,0,
AP002690,A002690,2024-10-04,20323910,ta'lim,60,272552,
AP002691,A002691,2025-02-03,8969216,kredit_karta,12,0,
AP002692,A002692,2024-12-04,13314504,mikrobiznes,36,0,
AP002693,A002693,2024-12-26,26037430,kredit_karta,36,0,
AP002694,A002694,2024-10-14,6292678,avto,60,940024,
AP002695,A002695,2024-04-23,25152051,mikrobiznes,60,75313,
AP002696,A002696,2025-01-17,3838919,iste'mol,6,0,
AP002697,A002697,2025-02-03,36904066,iste'mol,36,0,
AP002698,A002698,2024-06-21,11818413,ta'lim,6,3454851,
AP002699,A002699,2025-02-02,7626315,ipoteka,12,192219,
AP002700,A002700,2024-04-29,39720782,kredit_karta,36,1691461,
