applicant_id,loan_id,bank,summa,muddat_oy,oylik_tolov,qoldiq,max_kechikish_kun,status
A000003,L0000001,BANK-05,23647262,18,1761400,16944396,0,faol
A000006,L0000002,BANK-10,14218246,6,3036672,8121823,0,faol
A000009,L0000003,BANK-05,20995202,24,1041664,6854016,95,faol
A000010,L0000004,BANK-10,1206055,6,220090,998896,0,faol
A000010,L0000005,BANK-11,18259734,36,557256,13301647,0,faol
A000011,L0000006,BANK-08,14113992,18,925544,6624014,0,faol
A000011,L0000007,BANK-04,7922584,60,149566,4711072,15,faol
A000011,L0000008,BANK-06,9613571,36,334021,4299931,0,faol
A000012,L0000009,BANK-06,28118301,36,904165,10926607,0,faol
A000014,L0000010,BANK-02,4817545,18,314880,1430036,15,faol
A000016,L0000011,BANK-01,14727005,36,512877,10634875,0,faol
A000018,L0000012,BANK-03,12644371,18,873160,7589880,0,faol
A000018,L0000013,BANK-07,18749833,36,549841,13224625,0,yopilgan
A000018,L0000014,BANK-09,6439430,36,192529,2062763,0,faol
A000020,L0000015,BANK-08,2808794,12,276067,2147908,45,faol
A000020,L0000016,BANK-05,67455237,60,1473122,57598366,0,faol
A000020,L0000017,BANK-03,6405022,60,129731,5000714,0,faol
A000022,L0000018,BANK-04,11624146,36,417499,8036958,0,yopilgan
A000023,L0000019,BANK-06,6481564,24,308688,755281,0,yopilgan
A000023,L0000020,BANK-02,58060433,36,2041862,7016951,0,faol
A000026,L0000021,BANK-12,5823004,6,1053058,4391225,0,faol
A000029,L0000022,BANK-09,14917096,12,1597374,5693222,45,faol
A000030,L0000023,BANK-08,7443385,36,265607,6643297,0,yopilgan
A000030,L0000024,BANK-03,11064525,24,511353,5304242,0,faol
A000031,L0000025,BANK-02,22317020,12,2207074,9519124,0,faol
A000032,L0000026,BANK-09,4701057,60,89035,529654,45,faol
A000033,L0000027,BANK-09,23815929,36,883659,10182772,0,faol
A000033,L0000028,BANK-04,14764633,6,3029536,11584265,0,faol
A000033,L0000029,BANK-08,16043614,18,1020691,4949076,15,yopilgan
A000034,L0000030,BANK-09,15332508,12,1463266,8231673,0,yopilgan
A000035,L0000031,BANK-08,7186177,36,213656,5211868,0,faol
A000035,L0000032,BANK-05,2612006,24,116156,1260114,0,faol
A000036,L0000033,BANK-05,3905764,12,351327,769358,0,yopilgan
A000039,L0000034,BANK-07,6414225,36,203304,4169771,0,faol
A000041,L0000035,BANK-05,9097133,60,184317,1736785,0,faol
A000042,L0000036,BANK-05,3701970,12,328093,1948871,0,yopilgan
A000042,L0000037,BANK-03,20996744,6,4186617,3550013,0,yopilgan
A000044,L0000038,BANK-02,14054973,36,517223,4885585,0,faol
A000044,L0000039,BANK-03,4554266,6,875489,2188411,0,faol
A000047,L0000040,BANK-07,19937079,12,2224722,15949210,0,faol
A000047,L0000041,BANK-06,22113257,6,4881645,7265518,15,faol
A000048,L0000042,BANK-09,25820244,60,531245,14451911,45,yopilgan
A000048,L0000043,BANK-05,14827470,36,501256,6734344,0,yopilgan
A000051,L0000044,BANK-10,19830836,24,873358,7949514,0,faol
A000051,L0000045,BANK-08,16469194,6,3371481,3231711,45,faol
A000053,L0000046,BANK-01,9030053,60,176381,2288997,15,faol
A000054,L0000047,BANK-10,18183908,60,400205,4485589,0,yopilgan
A000054,L0000048,BANK-09,15521400,6,3284234,3635665,0,faol
A000054,L0000049,BANK-11,18164043,18,1168956,15070711,0,faol
A000055,L0000050,BANK-07,33211630,12,3666812,27530532,0,faol
A000055,L0000051,BANK-09,5824748,36,170192,2796011,15,faol
A000057,L0000052,BANK-08,20871410,6,3961837,17945456,0,faol
A000057,L0000053,BANK-03,4156913,60,90449,677045,45,faol
A000057,L0000054,BANK-06,10842512,12,1009971,6095817,15,faol
A000058,L0000055,BANK-12,3268609,36,118160,625801,0,faol
A000058,L0000056,BANK-07,66988947,36,2135420,16728861,0,faol
A000060,L0000057,BANK-04,9486210,12,1065639,6367753,0,yopilgan
A000061,L0000058,BANK-02,160782781,60,3537000,140872029,0,faol
A000062,L0000059,BANK-03,25522505,24,1136661,6404776,0,faol
A000062,L0000060,BANK-01,10516371,60,219092,7561321,0,faol
A000064,L0000061,BANK-03,9996702,36,308738,7149689,0,faol
A000065,L0000062,BANK-02,31463638,18,2178162,21536362,0,faol
A000065,L0000063,BANK-12,10654560,6,2217134,4568452,0,faol
A000066,L0000064,BANK-02,9156929,60,195562,7828906,0,faol
A000067,L0000065,BANK-02,12723082,60,260578,3912705,0,faol
A000067,L0000066,BANK-08,17110557,12,1587257,1921451,0,faol
A000067,L0000067,BANK-05,21544159,24,1005459,15022315,0,faol
A000068,L0000068,BANK-05,34995298,6,7238695,16981539,95,yopilgan
A000068,L0000069,BANK-02,3439526,12,317297,1615672,45,faol
A000069,L0000070,BANK-05,3330997,36,99122,1704631,45,faol
A000069,L0000071,BANK-05,24682321,24,1276080,10221329,0,faol
A000069,L0000072,BANK-06,12140819,36,415270,6521454,15,yopilgan
A000071,L0000073,BANK-01,27446237,24,1216265,10212896,0,yopilgan
A000071,L0000074,BANK-06,21717286,6,4350403,2412893,0,faol
A000071,L0000075,BANK-07,4871963,12,543832,2875315,0,faol
A000072,L0000076,BANK-12,13774209,24,604680,2357781,0,yopilgan
A000074,L0000077,BANK-06,6730475,24,295759,1933501,0,faol
A000076,L0000078,BANK-04,4775841,60,84115,906254,0,faol
A000076,L0000079,BANK-06,7885406,6,1663192,4246244,0,faol
A000080,L0000080,BANK-11,56845365,18,4174790,32225447,0,faol
A000080,L0000081,BANK-06,2727456,60,50764,323847,0,faol
A000082,L0000082,BANK-07,14877170,6,2744087,6396058,0,yopilgan
A000086,L0000083,BANK-02,10643644,36,393240,4960881,0,faol
A000088,L0000084,BANK-12,2117996,12,193641,1452965,0,faol
A000089,L0000085,BANK-11,5073831,12,560005,700777,15,faol
A000089,L0000086,BANK-06,26568486,6,4961358,4850385,45,faol
A000089,L0000087,BANK-09,1970131,24,95501,764210,45,yopilgan
A000092,L0000088,BANK-05,6535044,12,696338,3048115,0,yopilgan
A000093,L0000089,BANK-01,9553842,12,853189,6932722,15,faol
A000094,L0000090,BANK-11,7513954,36,237756,4244570,15,faol
A000095,L0000091,BANK-01,5358289,18,400110,2042743,0,faol
A000095,L0000092,BANK-01,1938452,60,40811,1550786,15,faol
A000098,L0000093,BANK-04,52992028,6,9471473,18628995,0,faol
A000099,L0000094,BANK-04,2402002,24,124626,1627165,0,faol
A000099,L0000095,BANK-05,5237352,24,254639,3215574,0,faol
A000100,L0000096,BANK-12,5890247,18,412142,4330259,45,faol
A000104,L0000097,BANK-08,9257881,60,191911,8221539,0,faol
A000107,L0000098,BANK-02,17511262,36,554310,6578858,0,faol
A000107,L0000099,BANK-10,34606346,24,1601536,6780213,0,faol
A000111,L0000100,BANK-05,4401599,6,778973,1945016,0,faol
A000111,L0000101,BANK-12,15737482,60,281934,8916752,45,faol
A000112,L0000102,BANK-03,6479519,36,194788,4531373,0,faol
A000113,L0000103,BANK-04,8152353,12,859090,4837533,0,faol
A000114,L0000104,BANK-02,4671790,60,86296,1799292,15,faol
A000115,L0000105,BANK-10,19635909,36,638199,17380505,0,faol
A000119,L0000106,BANK-07,6082216,12,681725,2108365,0,faol
A000120,L0000107,BANK-07,4630800,36,136441,2309742,0,faol
A000120,L0000108,BANK-09,5342659,60,118614,2329240,0,faol
A000121,L0000109,BANK-10,28412126,24,1566011,12060968,0,yopilgan
A000124,L0000110,BANK-04,28551291,36,853753,5007039,45,faol
A000126,L0000111,BANK-09,18958098,18,1148658,13650277,0,faol
A000128,L0000112,BANK-11,10394699,6,1946581,1721478,15,faol
A000128,L0000113,BANK-12,20827601,12,2128772,5289222,45,faol
A000128,L0000114,BANK-07,30995027,60,672361,6171272,95,faol
A000129,L0000115,BANK-10,10628493,6,2390883,1554342,0,faol
A000130,L0000116,BANK-02,17687030,18,1154252,14085794,0,faol
A000130,L0000117,BANK-10,6164678,12,632538,1437546,45,faol
A000132,L0000118,BANK-11,5074262,36,184825,2376247,0,yopilgan
A000132,L0000119,BANK-04,24876443,36,792177,6657471,45,faol
A000132,L0000120,BANK-12,4942909,6,1074461,1606556,0,faol
A000133,L0000121,BANK-07,20862951,12,2305381,5737003,0,yopilgan
A000133,L0000122,BANK-06,3662434,60,74578,2434451,45,faol
A000133,L0000123,BANK-11,6541236,24,298212,5236181,0,yopilgan
A000136,L0000124,BANK-12,8098808,6,1431282,5090316,0,faol
A000137,L0000125,BANK-12,10160924,18,655346,3718642,0,faol
A000138,L0000126,BANK-04,10174908,60,192382,2010342,15,faol
A000139,L0000127,BANK-02,20799416,36,774253,14869422,0,faol
A000140,L0000128,BANK-12,11212693,24,626666,4840960,45,faol
A000140,L0000129,BANK-10,37334262,18,2650572,27811995,0,faol
A000143,L0000130,BANK-01,6298982,36,205562,2954975,15,faol
A000143,L0000131,BANK-04,11039914,60,239974,5343231,0,faol
A000146,L0000132,BANK-02,13814576,36,454934,10090823,0,faol
A000148,L0000133,BANK-12,3615843,60,80463,1749781,0,faol
A000148,L0000134,BANK-02,20617321,60,386816,13462090,0,faol
A000152,L0000135,BANK-02,14123080,24,713742,12565952,0,faol
A000155,L0000136,BANK-09,10518496,6,2068074,1107133,15,faol
A000155,L0000137,BANK-04,12224179,36,383310,4773592,15,yopilgan
A000155,L0000138,BANK-04,13014797,36,391824,9832341,0,faol
A000156,L0000139,BANK-10,4775117,18,318936,1672280,0,faol
A000157,L0000140,BANK-03,10921285,6,2262938,3960490,0,faol
A000163,L0000141,BANK-04,14879368,60,307053,7697630,0,faol
A000165,L0000142,BANK-11,19236101,36,631243,7912471,0,yopilgan
A000166,L0000143,BANK-08,23070979,18,1450550,18004258,0,faol
A000167,L0000144,BANK-07,15840323,12,1686952,11876574,0,faol
A000169,L0000145,BANK-11,22761026,18,1532635,13725042,45,faol
A000169,L0000146,BANK-04,1947624,36,64191,1356301,0,faol
A000169,L0000147,BANK-01,22156006,36,723432,11471025,0,yopilgan
A000172,L0000148,BANK-01,9047465,18,598827,5425209,45,yopilgan
A000172,L0000149,BANK-12,8178702,36,238953,4608754,15,faol
A000174,L0000150,BANK-01,3364431,18,196757,2044695,45,faol
A000174,L0000151,BANK-10,13159991,24,652466,4648490,0,faol
A000175,L0000152,BANK-09,10032207,6,2119370,6891122,15,faol
A000175,L0000153,BANK-06,4042443,6,881179,591409,0,faol
A000175,L0000154,BANK-12,19194126,60,367488,7914647,0,faol
A000177,L0000155,BANK-03,17135207,24,923308,7714610,0,faol
A000179,L0000156,BANK-03,21362602,6,4571507,10165835,0,faol
A000180,L0000157,BANK-06,9972390,6,2146546,2347212,0,faol
A000180,L0000158,BANK-02,26259058,6,5139777,13602598,0,yopilgan
A000180,L0000159,BANK-01,18667795,18,1321300,9359270,45,faol
A000181,L0000160,BANK-03,5592036,12,574624,688467,0,faol
A000183,L0000161,BANK-09,6820760,18,426500,824791,0,faol
A000184,L0000162,BANK-07,3055887,24,141802,2083293,0,yopilgan
A000184,L0000163,BANK-07,5760063,6,1284815,4849514,0,faol
A000186,L0000164,BANK-04,6248909,24,340140,2049095,0,faol
A000186,L0000165,BANK-01,4774516,36,178822,3737142,0,faol
A000188,L0000166,BANK-02,7066922,60,154213,6221155,45,faol
A000189,L0000167,BANK-03,36740392,18,2521010,23489561,0,faol
A000189,L0000168,BANK-04,26925214,6,5775743,14734115,0,faol
A000192,L0000169,BANK-09,11124901,24,494637,7252040,0,faol
A000193,L0000170,BANK-07,3043900,6,660308,1382085,0,faol
A000194,L0000171,BANK-02,11179070,36,358498,4284391,0,faol
A000195,L0000172,BANK-10,3703881,60,79497,887814,15,faol
A000197,L0000173,BANK-10,8275705,36,286780,3894143,0,faol
A000197,L0000174,BANK-07,2046182,12,224521,1767644,0,yopilgan
A000197,L0000175,BANK-06,7327104,6,1610974,2528687,15,faol
A000198,L0000176,BANK-10,9469085,12,1020417,3075271,0,faol
A000198,L0000177,BANK-07,6264070,18,396185,3898383,0,faol
A000198,L0000178,BANK-02,47210532,6,10293208,11845843,0,faol
A000199,L0000179,BANK-10,8911987,36,271400,6072487,0,faol
A000200,L0000180,BANK-02,20700935,36,728774,4177405,45,faol
A000202,L0000181,BANK-01,10552722,12,929331,8351138,0,faol
A000204,L0000182,BANK-11,11396633,36,367129,6238193,0,faol
A000205,L0000183,BANK-11,5519761,24,269742,1104082,0,faol
A000205,L0000184,BANK-09,28083586,60,572477,16397119,0,faol
A000205,L0000185,BANK-09,7705237,18,504966,5174048,0,faol
A000208,L0000186,BANK-06,17003273,24,808619,5125764,0,faol
A000208,L0000187,BANK-09,17813450,60,397676,15679461,0,faol
A000209,L0000188,BANK-10,10659814,6,2148074,4281892,15,faol
A000209,L0000189,BANK-01,5535358,12,590741,2093253,0,faol
A000214,L0000190,BANK-01,11959691,60,243817,4787870,0,faol
A000216,L0000191,BANK-05,10513733,12,1083217,2962586,15,faol
A000218,L0000192,BANK-02,2842918,18,199675,879359,15,faol
A000220,L0000193,BANK-08,12444886,18,887354,9743112,0,faol
A000226,L0000194,BANK-01,7140682,60,152389,4307093,95,faol
A000226,L0000195,BANK-10,6602265,24,340904,3891408,15,faol
A000226,L0000196,BANK-04,10869133,12,1105371,6800930,45,faol
A000233,L0000197,BANK-04,9904204,36,304388,1249265,95,faol
A000237,L0000198,BANK-07,15736242,18,979655,4614455,0,faol
A000238,L0000199,BANK-09,8976883,6,1841380,2774237,95,yopilgan
A000239,L0000200,BANK-03,13388657,12,1297389,4851496,0,faol
A000240,L0000201,BANK-07,22130564,60,437570,17893267,0,faol
A000241,L0000202,BANK-05,7007259,36,252296,2141755,0,faol
A000242,L0000203,BANK-11,5567675,6,1229609,4581737,0,faol
A000243,L0000204,BANK-05,19056902,36,639206,10108984,0,faol
A000245,L0000205,BANK-07,12172825,18,866013,9336944,0,yopilgan
A000247,L0000206,BANK-12,20257788,18,1293543,6386110,15,faol
A000249,L0000207,BANK-09,3986724,12,428988,1862636,0,faol
A000250,L0000208,BANK-08,15551123,6,2947773,5965013,0,faol
A000250,L0000209,BANK-09,19142903,36,587029,14081110,0,faol
A000250,L0000210,BANK-08,13696925,36,400509,1905101,0,faol
A000252,L0000211,BANK-09,9498199,60,174333,2511134,0,faol
A000253,L0000212,BANK-09,17407478,36,569598,11993180,0,yopilgan
A000254,L0000213,BANK-03,12136875,60,256818,1801782,15,yopilgan
A000255,L0000214,BANK-06,49229031,18,2964577,40260438,15,faol
A000257,L0000215,BANK-09,30432684,18,1968539,18233815,0,yopilgan
A000259,L0000216,BANK-11,4981723,24,253173,3035054,0,faol
A000259,L0000217,BANK-12,10060237,12,1072962,2210381,15,faol
A000259,L0000218,BANK-01,3603108,18,225537,755245,45,faol
A000260,L0000219,BANK-09,29057713,36,948386,3421163,0,faol
A000260,L0000220,BANK-02,27043507,18,1696341,14428231,0,faol
A000260,L0000221,BANK-05,30262684,24,1486265,10924413,0,faol
A000262,L0000222,BANK-04,3733108,36,113615,2610627,0,faol
A000262,L0000223,BANK-09,41117414,18,2756337,13944099,45,faol
A000262,L0000224,BANK-01,2966342,36,104009,700644,0,faol
A000263,L0000225,BANK-12,41986260,18,3091228,22709855,0,faol
A000263,L0000226,BANK-03,15968963,12,1464519,3947619,0,faol
A000264,L0000227,BANK-03,9390896,18,656814,3247305,0,faol
A000264,L0000228,BANK-08,23593959,60,443034,17295139,0,faol
A000265,L0000229,BANK-11,6098374,60,115139,3453897,0,faol
A000265,L0000230,BANK-12,6600910,24,316913,3657619,0,faol
A000265,L0000231,BANK-06,1979154,6,398790,1025247,15,faol
A000268,L0000232,BANK-11,11941136,24,527353,8039901,0,faol
A000269,L0000233,BANK-05,6135074,12,680656,4805528,0,faol
A000270,L0000234,BANK-08,6459843,12,568994,5196402,0,faol
A000270,L0000235,BANK-10,2800408,60,60923,562545,0,faol
A000272,L0000236,BANK-03,6154481,36,192257,3360621,0,faol
A000273,L0000237,BANK-11,17144310,6,3642302,5658908,0,yopilgan
A000275,L0000238,BANK-08,6313508,12,562029,2800719,0,faol
A000275,L0000239,BANK-11,7338517,36,231824,1038052,45,yopilgan
A000276,L0000240,BANK-04,15833893,6,3118180,8354278,95,yopilgan
A000277,L0000241,BANK-11,2816371,60,54231,2044372,15,faol
A000278,L0000242,BANK-12,23540005,18,1441042,7983276,95,faol
A000278,L0000243,BANK-12,22645259,24,1227331,20363739,0,faol
A000280,L0000244,BANK-07,14094463,6,3014461,7934735,0,faol
A000283,L0000245,BANK-12,10897445,24,560377,3316507,0,faol
A000289,L0000246,BANK-12,4827733,12,428403,3763292,95,faol
A000289,L0000247,BANK-06,8811700,24,402412,3809928,0,yopilgan
A000291,L0000248,BANK-10,59923078,24,2954133,6103551,45,faol
A000291,L0000249,BANK-03,18771440,6,4090403,11553371,0,yopilgan
A000294,L0000250,BANK-04,14375579,36,491956,3644294,0,faol
A000294,L0000251,BANK-05,15893825,6,3364377,10590851,15,faol
A000296,L0000252,BANK-03,11337193,6,2519723,8933744,0,faol
A000297,L0000253,BANK-03,13732815,12,1257309,3266291,0,yopilgan
A000298,L0000254,BANK-02,14965822,60,279732,6182203,0,faol
A000298,L0000255,BANK-09,6229361,18,403903,1653694,0,faol
A000300,L0000256,BANK-04,11143342,24,544037,6227108,95,faol
A000302,L0000257,BANK-05,6015389,24,308044,679429,0,faol
A000305,L0000258,BANK-04,9649282,36,342208,6729895,0,yopilgan
A000307,L0000259,BANK-01,25735385,24,1429415,6819530,0,faol
A000309,L0000260,BANK-02,8770756,12,902278,4957782,15,faol
A000310,L0000261,BANK-02,19058087,24,1062918,12526799,15,faol
A000310,L0000262,BANK-09,68695660,12,6323311,26406523,0,faol
A000312,L0000263,BANK-08,56354986,18,3866759,35411280,0,faol
A000312,L0000264,BANK-09,45804872,18,2916167,25091594,0,faol
A000313,L0000265,BANK-12,93835566,36,3036975,61057346,0,faol
A000313,L0000266,BANK-06,14556332,12,1484517,8368219,0,faol
A000316,L0000267,BANK-10,6216125,18,425474,2901726,0,faol
A000318,L0000268,BANK-10,9791433,18,700819,5713431,45,yopilgan
A000318,L0000269,BANK-09,6322286,24,337164,2417618,0,faol
A000320,L0000270,BANK-02,23258162,36,756892,3460175,15,faol
A000320,L0000271,BANK-06,4855002,60,89555,3848733,0,yopilgan
A000321,L0000272,BANK-10,14930458,18,991885,3414726,95,faol
A000323,L0000273,BANK-09,11511366,6,2535319,2872056,0,faol
A000324,L0000274,BANK-07,10037089,24,491765,6205418,0,faol
A000324,L0000275,BANK-08,38532353,24,1797794,23773771,45,yopilgan
A000324,L0000276,BANK-04,13320509,12,1179078,8427271,0,faol
A000328,L0000277,BANK-10,38374779,24,2063575,10315708,95,faol
A000331,L0000278,BANK-10,16580349,6,3402224,13116203,0,faol
A000335,L0000279,BANK-07,16428338,6,3261781,13975210,0,faol
A000337,L0000280,BANK-12,8406020,12,872953,1538732,95,yopilgan
A000338,L0000281,BANK-05,32574332,18,2135159,18100156,15,yopilgan
A000339,L0000282,BANK-04,7690932,18,492816,5126732,0,faol
A000341,L0000283,BANK-10,33396787,6,6061708,21192351,45,faol
A000341,L0000284,BANK-11,6007684,36,179479,1344279,0,faol
A000343,L0000285,BANK-10,17050925,12,1555832,9174741,0,faol
A000343,L0000286,BANK-06,1814459,6,386093,733017,0,faol
A000344,L0000287,BANK-01,7959973,12,847459,4423545,45,faol
A000346,L0000288,BANK-09,15406120,24,823681,10164531,15,faol
A000346,L0000289,BANK-04,5815905,60,111853,3383708,0,faol
A000346,L0000290,BANK-09,17826804,6,3808582,2539052,0,yopilgan
A000347,L0000291,BANK-02,11289264,12,1058007,8256906,0,faol
A000348,L0000292,BANK-07,11663486,24,593309,4052924,0,faol
A000349,L0000293,BANK-08,18677920,12,2048431,7006446,0,faol
A000353,L0000294,BANK-07,22282146,18,1412126,7419126,15,faol
A000357,L0000295,BANK-03,28097115,6,5079999,7920073,95,yopilgan
A000359,L0000296,BANK-07,39762854,36,1479367,16856847,0,yopilgan
A000359,L0000297,BANK-12,16694488,12,1579307,10886074,0,faol
A000360,L0000298,BANK-03,11287369,18,817302,2973222,0,faol
A000360,L0000299,BANK-05,23180875,60,470202,16166540,45,faol
A000361,L0000300,BANK-12,5067233,36,160992,3975539,45,yopilgan
A000364,L0000301,BANK-09,35256861,60,758322,19582562,0,faol
A000365,L0000302,BANK-02,23040767,12,2273835,3997717,95,faol
A000365,L0000303,BANK-07,3013134,12,270193,2678519,0,faol
A000366,L0000304,BANK-05,5784054,6,1048596,2615499,15,faol
A000367,L0000305,BANK-05,302552820,60,5713747,246979084,0,faol
A000367,L0000306,BANK-08,14615885,6,2741968,5619006,0,faol
A000370,L0000307,BANK-06,36561207,60,701389,17229057,0,faol
A000373,L0000308,BANK-05,19879842,60,441036,8330963,0,faol
A000374,L0000309,BANK-04,15761568,36,480609,5481497,0,faol
A000374,L0000310,BANK-03,3971518,6,812283,2458373,95,faol
A000377,L0000311,BANK-05,6627027,24,345849,3704198,0,faol
A000377,L0000312,BANK-07,17845227,24,934833,15099169,45,yopilgan
A000379,L0000313,BANK-03,6533760,18,403958,4696710,0,faol
A000382,L0000314,BANK-08,9603371,18,596204,3883656,0,faol
A000383,L0000315,BANK-03,72526995,18,4784050,38293068,0,faol
A000385,L0000316,BANK-11,10733856,12,944087,1365747,0,faol
A000386,L0000317,BANK-05,13656386,18,877949,2403006,45,faol
A000389,L0000318,BANK-06,10801184,36,404995,2322488,0,faol
A000389,L0000319,BANK-01,10940866,6,2383999,9820492,0,faol
A000389,L0000320,BANK-01,4573904,24,206032,3614505,15,faol
A000391,L0000321,BANK-12,4993175,60,99195,3453391,0,yopilgan
A000395,L0000322,BANK-07,5784390,36,191120,1117520,0,faol
A000395,L0000323,BANK-12,36050718,60,741130,13663274,0,faol
A000396,L0000324,BANK-05,48079319,60,967779,11481105,0,faol
A000396,L0000325,BANK-11,10340000,60,191336,5206834,0,faol
A000397,L0000326,BANK-04,36569323,24,1928934,17127613,0,faol
A000397,L0000327,BANK-05,8621434,36,309465,6586627,0,faol
A000398,L0000328,BANK-08,20087781,12,1761040,4813600,0,faol
A000398,L0000329,BANK-11,11769878,36,425969,8921841,0,faol
A000399,L0000330,BANK-09,10655999,12,1033759,2887132,0,faol
A000399,L0000331,BANK-09,2996878,18,221798,339632,0,faol
A000400,L0000332,BANK-09,12895430,24,662909,7909821,15,yopilgan
A000400,L0000333,BANK-05,4068874,24,228579,848877,0,faol
A000401,L0000334,BANK-03,7083034,24,331129,3333557,15,faol
A000403,L0000335,BANK-06,6200489,6,1361327,2150809,0,yopilgan
A000404,L0000336,BANK-08,24091416,18,1502562,11307151,15,faol
A000405,L0000337,BANK-01,6315382,12,583817,2508656,0,faol
A000406,L0000338,BANK-04,4233121,12,420004,2066149,0,faol
A000406,L0000339,BANK-08,9867182,18,712686,8317851,0,faol
A000407,L0000340,BANK-12,34300592,24,1854249,11162779,45,yopilgan
A000410,L0000341,BANK-08,12051212,18,886214,5184725,45,faol
A000411,L0000342,BANK-09,52536385,18,3295167,21934948,0,faol
A000412,L0000343,BANK-06,43330761,12,3986425,9033601,0,yopilgan
A000413,L0000344,BANK-05,19851119,6,3769406,10556718,0,faol
A000415,L0000345,BANK-05,23898107,18,1616937,9155772,0,yopilgan
A000416,L0000346,BANK-09,6409211,24,319710,2476649,0,faol
A000416,L0000347,BANK-09,12471448,12,1341679,7499121,0,faol
A000417,L0000348,BANK-11,10496592,24,469406,1081257,0,yopilgan
A000418,L0000349,BANK-08,16936962,12,1859133,6438131,15,faol
A000424,L0000350,BANK-01,9728337,36,344312,3836456,0,faol
A000426,L0000351,BANK-10,25248869,36,794181,19856602,0,faol
A000426,L0000352,BANK-10,33629089,24,1662440,13144453,0,faol
A000427,L0000353,BANK-08,13221604,60,271295,11398223,95,faol
A000430,L0000354,BANK-12,6834126,36,248856,1808957,0,faol
A000431,L0000355,BANK-11,11408777,6,2424523,2239166,0,faol
A000438,L0000356,BANK-08,10184897,24,456257,2143149,15,faol
A000439,L0000357,BANK-04,5743903,60,125327,4141135,0,faol
A000440,L0000358,BANK-01,12054155,24,665252,9171481,0,yopilgan
A000442,L0000359,BANK-12,6880871,18,460614,4395046,0,yopilgan
A000442,L0000360,BANK-03,28854079,18,1993861,22349970,0,yopilgan
A000442,L0000361,BANK-09,21087348,18,1469010,15322346,15,yopilgan
A000444,L0000362,BANK-10,28758048,24,1435103,15662868,15,faol
A000444,L0000363,BANK-02,40809464,36,1379038,9341343,15,faol
A000445,L0000364,BANK-07,5531474,6,1233675,4799000,0,faol
A000446,L0000365,BANK-05,28238493,12,2738097,12702014,0,faol
A000446,L0000366,BANK-03,9318414,12,914819,6888485,15,yopilgan
A000447,L0000367,BANK-01,12651201,36,397878,4529211,0,faol
A000451,L0000368,BANK-12,25694829,24,1284991,16429665,0,faol
A000452,L0000369,BANK-12,5986787,6,1102470,3374447,0,faol
A000453,L0000370,BANK-09,11272106,12,987252,7953744,0,faol
A000453,L0000371,BANK-02,16067979,6,3229614,7670665,0,faol
A000454,L0000372,BANK-09,17971753,6,3175635,13727127,0,yopilgan
A000455,L0000373,BANK-04,8024176,12,861417,5265979,0,yopilgan
A000455,L0000374,BANK-04,14619674,60,302718,8261691,0,faol
A000455,L0000375,BANK-09,11531662,60,248483,2219334,0,faol
A000456,L0000376,BANK-06,10331687,36,347950,2732213,0,faol
A000456,L0000377,BANK-03,10677409,60,219728,2629267,0,faol
A000456,L0000378,BANK-06,1820311,60,38824,1494667,0,faol
A000457,L0000379,BANK-03,13518723,6,2416695,3686411,45,faol
A000460,L0000380,BANK-01,11375919,24,590238,7633979,15,faol
A000462,L0000381,BANK-10,10703990,6,1981946,5248829,0,faol
A000462,L0000382,BANK-04,5165520,12,513032,1258570,0,faol
A000466,L0000383,BANK-06,13777699,36,425587,7398572,45,faol
A000471,L0000384,BANK-01,7310232,12,708872,2390702,0,faol
A000472,L0000385,BANK-06,5910272,12,621049,3236303,0,faol
A000474,L0000386,BANK-08,8431635,18,623634,6669563,0,faol
A000475,L0000387,BANK-10,10056187,60,185725,3238767,0,yopilgan
A000475,L0000388,BANK-01,9822664,12,939870,2957764,0,faol
A000477,L0000389,BANK-07,33086805,12,2937273,9313111,95,faol
A000477,L0000390,BANK-03,20976556,24,1005232,17337018,0,faol
A000478,L0000391,BANK-12,11924086,18,699225,2327642,0,yopilgan
A000479,L0000392,BANK-02,9898610,6,1753776,4836768,0,faol
A000479,L0000393,BANK-09,41136174,36,1280571,18709470,95,faol
A000482,L0000394,BANK-04,17898938,36,645017,3589624,0,faol
A000484,L0000395,BANK-05,19449410,24,999704,13038975,0,faol
A000485,L0000396,BANK-06,69503141,6,13616526,44270581,95,yopilgan
A000486,L0000397,BANK-01,14844051,18,994051,6242267,0,faol
A000487,L0000398,BANK-09,58200685,12,5448558,7622691,0,faol
A000487,L0000399,BANK-06,7950975,18,580393,6610765,45,yopilgan
A000488,L0000400,BANK-03,37926342,6,7692579,10317903,0,yopilgan
A000488,L0000401,BANK-05,4453025,24,225698,1710308,0,yopilgan
A000488,L0000402,BANK-01,19746148,36,613908,15055503,0,faol
A000490,L0000403,BANK-05,7421097,12,760905,1862045,0,faol
A000492,L0000404,BANK-03,5003791,18,373304,2527147,0,faol
A000492,L0000405,BANK-11,11746134,60,222799,9734419,15,faol
A000493,L0000406,BANK-02,14631878,24,643648,11926526,0,faol
A000495,L0000407,BANK-02,13290723,18,780810,11753200,0,faol
A000497,L0000408,BANK-10,25797002,6,5107787,15176565,45,faol
A000497,L0000409,BANK-05,7418762,12,791064,3300422,45,faol
A000499,L0000410,BANK-04,21082062,6,3728984,14930709,0,faol
A000503,L0000411,BANK-03,5803623,36,198620,3700009,0,faol
A000504,L0000412,BANK-05,20700472,36,711103,10950419,45,faol
A000504,L0000413,BANK-08,2694289,36,84497,1270750,0,faol
A000505,L0000414,BANK-06,6651294,6,1246386,4533432,0,faol
A000505,L0000415,BANK-02,27950325,24,1528562,22862620,0,yopilgan
A000507,L0000416,BANK-07,23706781,24,1279252,21053526,95,faol
A000509,L0000417,BANK-02,5717395,12,624213,1629950,15,faol
A000511,L0000418,BANK-11,7510291,6,1478731,4162852,0,faol
A000511,L0000419,BANK-11,2555780,60,50675,1153222,0,faol
A000513,L0000420,BANK-07,2608297,24,126814,785042,15,faol
A000513,L0000421,BANK-08,10632882,12,987678,4959637,0,faol
A000516,L0000422,BANK-05,24862931,18,1749342,6454073,15,faol
A000516,L0000423,BANK-11,3978134,12,435957,1170707,15,faol
A000517,L0000424,BANK-01,19868079,12,2205711,13433194,0,faol
A000519,L0000425,BANK-01,42530192,12,4519380,14016137,0,faol
A000519,L0000426,BANK-09,19116275,60,381817,3119113,95,faol
A000520,L0000427,BANK-02,3182452,60,69608,1721650,0,yopilgan
A000521,L0000428,BANK-04,7499720,36,280842,5072174,0,faol
A000522,L0000429,BANK-11,6750670,12,627282,5207462,0,yopilgan
A000522,L0000430,BANK-05,4194351,6,814292,1759601,0,faol
A000524,L0000431,BANK-02,33092532,12,3046358,11187530,0,faol
A000525,L0000432,BANK-01,13610000,18,918678,10554563,0,faol
A000526,L0000433,BANK-02,24101254,60,471398,15420422,0,yopilgan
A000527,L0000434,BANK-11,8238233,60,177895,4360358,0,faol
A000529,L0000435,BANK-12,12533736,12,1408515,3726398,95,faol
A000530,L0000436,BANK-03,15862810,24,740611,5626360,0,faol
A000530,L0000437,BANK-07,15208077,12,1463871,11094164,0,faol
A000531,L0000438,BANK-12,38087085,12,3479077,26628326,0,faol
A000531,L0000439,BANK-06,10335718,60,197147,1547594,0,faol
A000532,L0000440,BANK-03,13879069,6,2926315,3441757,0,faol
A000532,L0000441,BANK-12,16090256,18,1150512,1705936,0,faol
A000534,L0000442,BANK-05,14915046,6,3246586,11097155,0,yopilgan
A000535,L0000443,BANK-06,4414446,12,447014,560697,0,faol
A000538,L0000444,BANK-01,76012878,6,15453371,25774210,0,faol
A000539,L0000445,BANK-05,3640796,18,220800,1489781,0,faol
A000541,L0000446,BANK-10,13222090,36,395627,9664147,0,faol
A000542,L0000447,BANK-10,18013842,6,3629675,10789673,0,yopilgan
A000543,L0000448,BANK-11,14528392,12,1494257,4945928,0,faol
A000543,L0000449,BANK-10,22143293,12,2288314,17975575,0,faol
A000545,L0000450,BANK-09,5377111,60,98793,4642650,0,faol
A000551,L0000451,BANK-11,8521292,24,391511,2803078,0,faol
A000551,L0000452,BANK-01,16288283,24,813068,7068258,0,faol
A000552,L0000453,BANK-07,15094855,12,1361105,10126068,0,faol
A000552,L0000454,BANK-11,5612943,36,209726,3260145,45,faol
A000553,L0000455,BANK-12,6488076,12,602226,1037281,15,yopilgan
A000553,L0000456,BANK-05,8192769,24,402603,4010658,0,faol
A000554,L0000457,BANK-12,6905762,36,213306,3532129,0,faol
A000556,L0000458,BANK-09,4468842,24,247318,3603178,0,yopilgan
A000556,L0000459,BANK-01,16829643,12,1872097,3812586,0,faol
A000556,L0000460,BANK-03,27239437,36,853531,15257281,0,yopilgan
A000557,L0000461,BANK-02,8630272,36,273687,5053526,15,yopilgan
A000558,L0000462,BANK-05,9988023,6,1922888,3448620,0,yopilgan
A000558,L0000463,BANK-11,13032071,24,588098,4726213,0,faol
A000564,L0000464,BANK-08,11967058,18,776777,5697561,0,yopilgan
A000564,L0000465,BANK-08,9121759,6,1722138,7966598,0,faol
A000566,L0000466,BANK-02,7905949,6,1420432,2092840,15,faol
A000566,L0000467,BANK-12,11352642,24,536415,3010591,45,faol
A000567,L0000468,BANK-04,19709170,36,623598,10901697,15,faol
A000567,L0000469,BANK-02,6473425,6,1437245,2927792,15,faol
A000567,L0000470,BANK-02,11541817,6,2209101,10294174,0,faol
A000570,L0000471,BANK-09,956530,12,96326,801777,0,faol
A000573,L0000472,BANK-06,19942350,6,4078947,3336169,45,faol
A000573,L0000473,BANK-09,47120586,6,9521951,26145966,0,faol
A000575,L0000474,BANK-01,13295687,18,820082,10555076,0,faol
A000576,L0000475,BANK-02,17046454,60,382418,3171411,45,faol
A000577,L0000476,BANK-03,26117762,18,1670582,16470028,0,faol
A000577,L0000477,BANK-01,20418221,24,950789,8633124,0,faol
A000579,L0000478,BANK-12,9333056,18,568396,1840800,0,faol
A000579,L0000479,BANK-03,4795775,6,841891,1025621,0,faol
A000584,L0000480,BANK-03,41770088,12,3757539,30917164,0,faol
A000584,L0000481,BANK-12,7300768,36,234833,5356109,0,faol
A000585,L0000482,BANK-09,21282845,60,446858,16109429,0,faol
A000587,L0000483,BANK-11,12961713,60,278136,5704235,0,faol
A000587,L0000484,BANK-02,44330722,18,2737556,6781562,0,faol
A000589,L0000485,BANK-03,8196859,36,246681,3209780,0,faol
A000594,L0000486,BANK-12,93151885,24,5054346,57270498,0,faol
A000595,L0000487,BANK-09,6045784,36,213861,1705752,0,faol
A000597,L0000488,BANK-06,2656691,60,55706,1477768,0,faol
A000598,L0000489,BANK-02,23875634,24,1329286,17631812,0,faol
A000599,L0000490,BANK-11,45561766,24,2147377,27453824,0,faol
A000599,L0000491,BANK-04,6074391,60,126269,2648305,0,faol
A000606,L0000492,BANK-07,27286650,36,805101,15462436,15,faol
A000607,L0000493,BANK-12,4602665,18,294376,2661028,15,faol
A000608,L0000494,BANK-06,15604084,24,834819,5640316,95,yopilgan
A000608,L0000495,BANK-03,1660978,60,29667,1011965,15,faol
A000609,L0000496,BANK-09,25362162,6,4467835,16798101,15,yopilgan
A000609,L0000497,BANK-08,9291809,36,328642,3782600,0,faol
A000609,L0000498,BANK-03,8827380,6,1885460,3072759,0,faol
A000610,L0000499,BANK-01,4730501,12,521522,4153761,15,faol
A000610,L0000500,BANK-08,5527851,6,991821,4268702,45,faol
A000612,L0000501,BANK-02,9537182,12,1035113,3151838,15,faol
A000612,L0000502,BANK-10,143854603,60,2674599,111075066,15,faol
A000613,L0000503,BANK-08,15382336,36,534326,3437706,0,yopilgan
A000616,L0000504,BANK-05,16458778,6,3336012,3552813,0,faol
A000617,L0000505,BANK-01,7288527,60,134067,1928307,0,faol
A000618,L0000506,BANK-12,16855055,18,1164001,6109783,15,yopilgan
A000618,L0000507,BANK-07,11232871,36,329146,7766250,15,faol
A000618,L0000508,BANK-11,71769389,18,5094593,36317494,0,yopilgan
A000619,L0000509,BANK-01,15543228,12,1389063,4405820,0,faol
A000620,L0000510,BANK-01,7001377,24,361932,4296489,0,faol
A000623,L0000511,BANK-10,46151522,18,3131149,15167629,0,yopilgan
A000624,L0000512,BANK-05,14847481,36,442809,6011645,0,faol
A000625,L0000513,BANK-07,10599218,24,483980,6574993,15,faol
A000625,L0000514,BANK-02,10363601,60,203737,3638780,0,faol
A000627,L0000515,BANK-12,17278443,12,1626705,4239256,15,faol
A000628,L0000516,BANK-09,11329705,24,605021,9127252,15,yopilgan
A000629,L0000517,BANK-10,11081849,36,338592,3476650,0,faol
A000631,L0000518,BANK-10,117587339,18,8148156,34110786,0,faol
A000632,L0000519,BANK-03,27130919,60,590856,9999195,0,yopilgan
A000632,L0000520,BANK-10,5715213,12,518950,2493008,15,faol
A000634,L0000521,BANK-01,11339280,12,1113759,1926375,0,faol
A000636,L0000522,BANK-02,6989001,18,476765,1089366,0,faol
A000636,L0000523,BANK-12,7369538,36,222571,2865597,15,faol
A000637,L0000524,BANK-11,9096263,24,442205,1426042,0,faol
A000638,L0000525,BANK-12,13382586,36,455163,10027769,0,faol
A000640,L0000526,BANK-11,6641833,12,624469,2178020,0,yopilgan
A000640,L0000527,BANK-07,8190070,36,264787,3254520,0,faol
A000644,L0000528,BANK-01,2698748,12,256150,2218315,95,faol
A000646,L0000529,BANK-10,20635005,36,637211,2069673,0,faol
A000646,L0000530,BANK-11,35087481,60,743287,17687957,0,faol
A000648,L0000531,BANK-06,28993916,12,2892049,9676773,0,faol
A000648,L0000532,BANK-03,21277698,6,4718311,3551559,0,faol
A000648,L0000533,BANK-11,15324140,12,1533023,5273762,0,faol
A000650,L0000534,BANK-01,10377764,60,197556,4740386,0,faol
A000650,L0000535,BANK-02,6971822,6,1221330,3520309,0,faol
A000652,L0000536,BANK-11,25822625,18,1665317,10120848,15,faol
A000652,L0000537,BANK-08,7383409,36,249127,1142404,0,faol
A000652,L0000538,BANK-09,18591844,24,870483,3223420,0,faol
A000657,L0000539,BANK-04,2309167,18,142895,597996,45,faol
A000659,L0000540,BANK-12,15809764,36,566826,5333996,0,faol
A000661,L0000541,BANK-03,17571205,18,1082964,5079903,0,faol
A000664,L0000542,BANK-03,73890329,6,13611117,15211530,0,faol
A000665,L0000543,BANK-12,26601418,12,2942967,16337595,95,yopilgan
A000666,L0000544,BANK-12,5006467,6,1041175,1988604,0,faol
A000668,L0000545,BANK-05,5703111,24,284132,838264,0,faol
A000669,L0000546,BANK-02,19254972,60,401812,6296080,15,faol
A000669,L0000547,BANK-05,15238186,12,1504349,6071725,0,faol
A000670,L0000548,BANK-07,20865183,60,412663,15808100,0,faol
A000672,L0000549,BANK-12,8819436,18,571457,2726489,0,faol
A000673,L0000550,BANK-12,13856254,24,609735,4485710,0,yopilgan
A000674,L0000551,BANK-05,8762253,24,442535,3110693,45,faol
A000674,L0000552,BANK-01,15441613,18,1050486,12162946,0,yopilgan
A000677,L0000553,BANK-10,35939431,60,763264,16387860,0,yopilgan
A000677,L0000554,BANK-07,11376181,18,793243,1235117,0,yopilgan
A000679,L0000555,BANK-12,7059865,60,147249,2703788,0,faol
A000680,L0000556,BANK-07,22969485,6,4951662,7328125,0,faol
A000680,L0000557,BANK-02,22418296,24,1253824,10783009,15,faol
A000681,L0000558,BANK-10,14999798,36,498429,11718658,0,faol
A000682,L0000559,BANK-08,137374308,36,4225490,50736842,0,faol
A000682,L0000560,BANK-09,31535414,60,579766,23358368,0,faol
A000683,L0000561,BANK-04,41814430,6,9255108,13125951,0,yopilgan
A000684,L0000562,BANK-02,2481377,12,236955,1465226,0,faol
A000685,L0000563,BANK-09,46060659,60,963576,17723416,15,faol
A000686,L0000564,BANK-10,10855054,24,599811,4398173,0,faol
A000687,L0000565,BANK-06,13997070,18,918914,10054006,0,faol
A000687,L0000566,BANK-04,4307606,24,191983,1852198,0,faol
A000688,L0000567,BANK-10,7963879,18,596051,6849591,95,yopilgan
A000689,L0000568,BANK-06,35528794,36,1066429,7779346,0,faol
A000690,L0000569,BANK-02,10746285,12,1106036,8841519,0,faol
A000691,L0000570,BANK-07,15619501,6,2950421,12292929,0,faol
A000691,L0000571,BANK-03,13502345,12,1236463,5535516,0,faol
A000691,L0000572,BANK-11,14425547,12,1307811,3468763,0,faol
A000692,L0000573,BANK-08,39346226,12,3915405,19866057,45,faol
A000693,L0000574,BANK-11,13468377,60,272227,9830482,45,faol
A000693,L0000575,BANK-01,6395787,18,474633,3098791,15,faol
A000695,L0000576,BANK-04,25439645,18,1729941,18744199,0,yopilgan
A000695,L0000577,BANK-10,5073188,6,921423,3719647,0,faol
A000699,L0000578,BANK-09,10491518,24,564527,9192426,15,faol
A000700,L0000579,BANK-04,37496469,18,2444054,28026551,0,faol
A000703,L0000580,BANK-07,48289414,6,8645781,17465007,0,faol
A000703,L0000581,BANK-04,9561184,6,1940690,3210397,0,yopilgan
A000705,L0000582,BANK-01,1446765,24,71576,1162483,0,faol
A000708,L0000583,BANK-02,5251544,60,105990,748998,45,faol
A000710,L0000584,BANK-11,19406209,60,372970,6710536,0,faol
A000712,L0000585,BANK-07,1939846,36,70239,458311,0,faol
A000712,L0000586,BANK-10,20163807,24,995908,3105200,0,faol
A000714,L0000587,BANK-08,68017430,12,7361852,7919033,0,yopilgan
A000714,L0000588,BANK-10,31205946,36,934671,11178303,15,faol
A000715,L0000589,BANK-08,6729330,12,660085,3814756,0,faol
A000715,L0000590,BANK-08,27607021,18,1895601,22533995,0,faol
A000717,L0000591,BANK-07,2866178,12,312288,1509331,0,yopilgan
A000718,L0000592,BANK-08,36791200,18,2650240,12381712,45,faol
A000718,L0000593,BANK-10,5564115,24,244779,1650926,0,faol
A000718,L0000594,BANK-02,34976478,18,2459632,23004206,0,faol
A000720,L0000595,BANK-08,2955939,24,139919,789648,0,faol
A000721,L0000596,BANK-07,17527330,36,517767,8100064,0,faol
A000722,L0000597,BANK-05,50826342,6,10389287,27586931,0,faol
A000726,L0000598,BANK-05,25406498,36,819409,19160876,0,yopilgan
A000727,L0000599,BANK-03,138239204,24,6872174,105580338,15,faol
A000728,L0000600,BANK-07,19647236,36,660664,15444955,45,faol
A000734,L0000601,BANK-05,7903902,60,154164,4833935,0,yopilgan
A000734,L0000602,BANK-09,22635294,24,1190317,9712018,0,faol
A000734,L0000603,BANK-08,15824702,60,349123,5361484,0,faol
A000735,L0000604,BANK-07,8620242,18,561555,2303177,0,faol
A000737,L0000605,BANK-04,59949350,36,1806337,46142801,0,faol
A000737,L0000606,BANK-11,16198034,60,327494,12000930,15,faol
A000738,L0000607,BANK-09,11030167,60,234338,2030274,0,faol
A000741,L0000608,BANK-05,24211288,24,1294770,11450125,0,faol
A000741,L0000609,BANK-04,27751409,12,2679870,20839584,0,faol
A000744,L0000610,BANK-06,25363131,18,1560250,6232907,0,faol
A000744,L0000611,BANK-10,16595122,36,535731,2453363,0,faol
A000746,L0000612,BANK-08,9632174,12,877018,6224634,0,yopilgan
A000747,L0000613,BANK-03,31003244,36,1033610,9498498,0,faol
A000748,L0000614,BANK-07,9088713,60,174779,5525966,0,yopilgan
A000750,L0000615,BANK-12,34680400,60,641260,8325004,0,faol
A000752,L0000616,BANK-04,5482913,6,1030687,707051,15,faol
A000753,L0000617,BANK-03,12334554,6,2714406,10323874,0,yopilgan
A000753,L0000618,BANK-09,426834,18,29912,214397,15,faol
A000755,L0000619,BANK-12,5749248,6,1236076,914762,0,faol
A000755,L0000620,BANK-05,11394591,60,210061,6352485,0,faol
A000756,L0000621,BANK-12,11576292,60,206368,9291539,0,faol
A000760,L0000622,BANK-08,30652552,6,6796714,19422686,0,faol
A000761,L0000623,BANK-06,19351244,60,397293,8091530,15,faol
A000764,L0000624,BANK-12,6388169,12,694566,5661574,0,faol
A000766,L0000625,BANK-11,17902370,24,909669,4727381,15,yopilgan
A000767,L0000626,BANK-04,16556524,6,3151918,7241846,15,faol
A000770,L0000627,BANK-07,10579235,6,2025344,8063275,0,faol
A000770,L0000628,BANK-03,21558086,18,1336091,16919496,0,faol
A000774,L0000629,BANK-01,17813767,24,961624,4431139,45,faol
A000775,L0000630,BANK-11,6417701,36,209715,4785860,0,yopilgan
A000775,L0000631,BANK-06,11318368,24,619758,9691168,0,faol
A000775,L0000632,BANK-04,5574038,18,387305,2330088,15,yopilgan
A000776,L0000633,BANK-07,5632467,36,172491,1804377,0,faol
A000777,L0000634,BANK-05,13656290,18,815472,7823578,0,faol
A000779,L0000635,BANK-12,33834527,6,6791332,19344137,0,faol
A000779,L0000636,BANK-01,26261664,24,1209251,21866666,15,yopilgan
A000779,L0000637,BANK-12,45470787,12,4808125,11974537,15,faol
A000781,L0000638,BANK-03,6902193,12,618055,4125048,0,yopilgan
A000781,L0000639,BANK-05,19334585,24,908172,2297343,0,faol
A000782,L0000640,BANK-11,14856482,36,554780,3300767,0,faol
A000783,L0000641,BANK-12,16156330,18,978604,2001467,0,yopilgan
A000783,L0000642,BANK-02,27809738,12,2615327,21131398,0,faol
A000783,L0000643,BANK-12,12793116,24,682048,8984094,15,faol
A000785,L0000644,BANK-04,21878580,12,1974063,12163037,0,faol
A000789,L0000645,BANK-03,4109945,12,447517,2005891,0,faol
A000790,L0000646,BANK-05,11148491,6,2154507,6019485,0,faol
A000790,L0000647,BANK-01,26560803,6,5195661,4835814,0,faol
A000793,L0000648,BANK-10,18323849,36,577744,8150637,0,faol
A000797,L0000649,BANK-06,6311443,6,1265536,4336393,0,faol
A000798,L0000650,BANK-10,19527818,36,637321,16928002,15,faol
A000805,L0000651,BANK-04,14119707,36,419095,12180699,95,faol
A000805,L0000652,BANK-11,4987787,36,157675,3519878,15,faol
A000805,L0000653,BANK-10,18503866,36,634324,5959441,15,faol
A000807,L0000654,BANK-01,3544666,60,74307,368084,0,faol
A000808,L0000655,BANK-11,13995609,12,1506173,9223004,0,faol
A000810,L0000656,BANK-11,6942739,6,1322299,4434753,0,faol
A000813,L0000657,BANK-11,10220672,6,1995701,2790100,15,faol
A000814,L0000658,BANK-04,5924454,6,1259779,5118228,15,faol
A000814,L0000659,BANK-11,10602857,60,224835,3802439,0,faol
A000816,L0000660,BANK-05,41418871,18,2584985,22199894,0,faol
A000817,L0000661,BANK-03,1597445,12,145072,578277,15,faol
A000817,L0000662,BANK-12,3354495,12,330356,1770772,0,faol
A000821,L0000663,BANK-11,7833982,60,162805,6169837,0,yopilgan
A000822,L0000664,BANK-10,4849660,36,145918,2831741,0,faol
A000824,L0000665,BANK-04,4644097,60,90326,1284008,45,faol
A000824,L0000666,BANK-03,33742865,6,6646773,13096784,45,faol
A000826,L0000667,BANK-01,39215635,18,2902466,27867798,0,faol
A000828,L0000668,BANK-04,9536741,12,997419,7724239,0,faol
A000828,L0000669,BANK-04,7941004,36,269649,1391152,0,yopilgan
A000828,L0000670,BANK-03,9783800,12,967248,1708003,45,faol
A000830,L0000671,BANK-07,16876499,60,332815,3088760,0,yopilgan
A000832,L0000672,BANK-07,14459428,24,805753,7298805,0,faol
A000833,L0000673,BANK-10,4404242,36,139161,2521251,0,faol
A000833,L0000674,BANK-05,5910149,36,174325,2128773,0,yopilgan
A000834,L0000675,BANK-08,49645302,6,10692944,13337553,15,faol
A000834,L0000676,BANK-02,5953212,36,191206,3423035,0,faol
A000835,L0000677,BANK-11,5927178,60,131835,1632441,0,faol
A000837,L0000678,BANK-06,22249676,60,411323,9502720,45,yopilgan
A000837,L0000679,BANK-12,24592406,60,551496,17460621,0,faol
A000838,L0000680,BANK-01,23967422,36,802651,4763761,0,faol
A000839,L0000681,BANK-01,31793323,60,629132,10490888,0,yopilgan
A000840,L0000682,BANK-09,29898233,12,2627102,4826845,0,faol
A000841,L0000683,BANK-04,11057568,18,796794,1357441,0,faol
A000841,L0000684,BANK-01,7671550,24,405247,3435908,0,faol
A000842,L0000685,BANK-11,18928911,60,384145,15486440,0,faol
A000843,L0000686,BANK-09,10293440,36,316057,2752051,0,faol
A000844,L0000687,BANK-03,7125405,18,437038,1470650,15,faol
A000845,L0000688,BANK-11,10801581,24,486851,8714551,95,faol
A000845,L0000689,BANK-02,6526103,24,322816,5613300,15,faol
A000846,L0000690,BANK-12,17695218,18,1066202,10018955,0,faol
A000849,L0000691,BANK-05,7713781,12,806694,977309,0,yopilgan
A000850,L0000692,BANK-06,6752871,6,1477917,2328348,15,yopilgan
A000850,L0000693,BANK-11,8424492,60,169128,5184295,0,faol
A000851,L0000694,BANK-03,10488157,24,555659,3144628,0,faol
A000855,L0000695,BANK-03,23041751,12,2528426,6244375,15,faol
A000856,L0000696,BANK-08,17305535,36,574127,7351904,0,yopilgan
A000856,L0000697,BANK-04,8576535,12,791927,1897506,0,faol
A000858,L0000698,BANK-11,7107456,12,683923,2428763,0,faol
A000860,L0000699,BANK-09,13107939,6,2683235,8426315,0,faol
A000863,L0000700,BANK-05,3114456,12,333422,1740902,0,faol
A000864,L0000701,BANK-10,11814307,24,659636,7547577,15,yopilgan
A000865,L0000702,BANK-09,9854536,6,1987042,2348065,0,faol
A000867,L0000703,BANK-07,45492601,6,9226477,27658628,0,faol
A000872,L0000704,BANK-01,15748240,60,337877,3185458,0,faol
A000874,L0000705,BANK-07,12805860,12,1148822,1708655,0,faol
A000875,L0000706,BANK-06,8819625,60,157158,6430269,0,faol
A000876,L0000707,BANK-02,26188068,12,2343895,23009362,0,faol
A000878,L0000708,BANK-02,40659880,60,903808,27592361,0,faol
A000878,L0000709,BANK-12,5654403,36,209169,826044,0,faol
A000879,L0000710,BANK-12,34946667,6,6371764,13231634,0,faol
A000879,L0000711,BANK-05,20085464,6,4144411,11324455,0,faol
A000880,L0000712,BANK-02,7093590,60,139808,4684841,0,faol
A000881,L0000713,BANK-03,27687940,6,5791515,24700751,0,yopilgan
A000881,L0000714,BANK-03,3075181,36,98716,2203604,0,faol
A000882,L0000715,BANK-03,8598731,12,844424,2090625,0,faol
A000885,L0000716,BANK-03,59171321,24,3307977,37266385,0,faol
A000885,L0000717,BANK-08,12658396,60,260402,8012007,0,yopilgan
A000886,L0000718,BANK-04,24527482,36,796798,5562917,0,faol
A000887,L0000719,BANK-06,7057099,60,141328,6254023,0,faol
A000889,L0000720,BANK-10,41532874,6,8425646,24805270,45,faol
A000890,L0000721,BANK-11,14673171,36,505739,10804380,15,faol
A000890,L0000722,BANK-10,4687004,24,225117,1052277,0,faol
A000891,L0000723,BANK-05,8669876,18,508519,6611544,0,faol
A000891,L0000724,BANK-04,16384810,12,1531650,3183809,0,faol
A000893,L0000725,BANK-06,24604204,36,793267,14386041,15,faol
A000893,L0000726,BANK-02,6683531,18,412739,4468775,45,yopilgan
A000894,L0000727,BANK-08,28245196,18,1995976,7624039,0,yopilgan
A000894,L0000728,BANK-06,13416434,6,2936733,9339705,15,yopilgan
A000896,L0000729,BANK-01,10340582,60,208513,1078792,0,faol
A000898,L0000730,BANK-08,16761456,12,1474727,6486398,0,faol
A000898,L0000731,BANK-09,22303419,18,1470551,17987916,0,yopilgan
A000901,L0000732,BANK-01,17081000,12,1750071,5125529,0,faol
A000903,L0000733,BANK-06,4775865,60,92323,4206924,0,faol
A000904,L0000734,BANK-11,23862089,36,873489,15199276,0,faol
A000904,L0000735,BANK-04,15211784,6,3057891,2721280,0,faol
A000904,L0000736,BANK-11,7180236,6,1611072,1034439,0,faol
A000905,L0000737,BANK-05,6744948,12,723855,3450495,0,faol
A000906,L0000738,BANK-10,3476763,18,254806,2951650,95,yopilgan
A000907,L0000739,BANK-01,91319028,60,2047542,77223885,0,faol
A000911,L0000740,BANK-04,12664063,18,824431,6839358,0,faol
A000912,L0000741,BANK-08,6823972,12,708627,4772532,15,yopilgan
A000913,L0000742,BANK-02,7109866,24,363618,4758885,15,faol
A000913,L0000743,BANK-10,17682642,24,830297,2356577,0,yopilgan
A000915,L0000744,BANK-02,18377963,12,1996240,12647134,0,faol
A000915,L0000745,BANK-07,34789011,6,6268893,27846638,0,faol
A000920,L0000746,BANK-08,8616988,24,462331,6291517,0,yopilgan
A000921,L0000747,BANK-09,12888458,36,403330,11505357,0,faol
A000921,L0000748,BANK-06,26965148,24,1380084,4829130,0,yopilgan
A000923,L0000749,BANK-06,30123288,60,540582,12645529,0,faol
A000923,L0000750,BANK-12,6653452,24,324578,1132506,0,faol
A000924,L0000751,BANK-03,4264320,6,760442,2985558,0,yopilgan
A000924,L0000752,BANK-01,3101596,60,65800,1149241,0,faol
A000924,L0000753,BANK-03,17733274,36,651508,13955942,0,faol
A000925,L0000754,BANK-07,7002452,36,211657,5625640,0,faol
A000926,L0000755,BANK-05,23818240,36,893017,11235845,0,faol
A000927,L0000756,BANK-06,8452712,18,599735,4034173,0,faol
A000930,L0000757,BANK-05,3021917,60,59768,2709703,0,faol
A000930,L0000758,BANK-12,7139878,60,136587,6248326,0,faol
A000930,L0000759,BANK-06,32641443,36,1158281,22702834,45,yopilgan
A000933,L0000760,BANK-10,28552539,36,1018844,19818663,0,faol
A000933,L0000761,BANK-05,5348487,6,1006751,1696221,0,faol
A000934,L0000762,BANK-09,8874306,6,1767696,4459029,0,faol
A000934,L0000763,BANK-08,14543692,36,524971,5310231,0,faol
A000935,L0000764,BANK-04,12448375,36,410807,7517776,0,faol
A000935,L0000765,BANK-10,15830561,36,524173,4407366,0,yopilgan
A000935,L0000766,BANK-07,5856675,36,199191,4688769,0,yopilgan
A000936,L0000767,BANK-04,9487304,18,597370,6637689,0,yopilgan
A000938,L0000768,BANK-12,15510455,12,1740056,1579126,0,faol
A000945,L0000769,BANK-07,37637714,6,6740084,16639297,45,faol
A000945,L0000770,BANK-12,6281066,36,226943,5256543,0,yopilgan
A000946,L0000771,BANK-02,3863274,36,119627,2051753,15,faol
A000951,L0000772,BANK-04,62497999,24,2975859,56065886,15,yopilgan
A000953,L0000773,BANK-09,7072203,6,1337542,5052109,0,faol
A000954,L0000774,BANK-06,12481778,60,246156,3878499,95,faol
A000956,L0000775,BANK-08,5007474,12,508686,2929288,0,faol
A000957,L0000776,BANK-04,16170301,18,1032185,11832593,45,yopilgan
A000959,L0000777,BANK-05,12507577,24,611400,3394489,0,yopilgan
A000959,L0000778,BANK-08,6657514,60,124197,5400730,0,faol
A000961,L0000779,BANK-07,22119625,6,4578394,4777883,15,yopilgan
A000964,L0000780,BANK-04,19050038,18,1322502,6742187,0,faol
A000964,L0000781,BANK-07,47618140,24,2400380,13418024,15,faol
A000966,L0000782,BANK-12,28731772,36,902008,10631800,0,faol
A000967,L0000783,BANK-03,1841681,24,85630,361737,15,faol
A000967,L0000784,BANK-09,21319399,24,1074013,9423168,0,yopilgan
A000971,L0000785,BANK-06,28556607,18,2086246,19020175,45,yopilgan
A000972,L0000786,BANK-01,14609905,12,1418302,3755121,0,faol
A000974,L0000787,BANK-04,1597706,60,33998,1158658,0,yopilgan
A000976,L0000788,BANK-01,12348002,12,1103654,3608588,45,faol
A000976,L0000789,BANK-07,47242466,18,3419676,37307651,0,faol
A000978,L0000790,BANK-09,6819404,36,209540,1594078,0,faol
A000978,L0000791,BANK-05,24920578,36,858736,11043567,0,faol
A000981,L0000792,BANK-08,12518511,12,1140516,11030242,0,yopilgan
A000982,L0000793,BANK-11,10932650,6,1988003,3129059,0,faol
A000983,L0000794,BANK-03,28433577,18,1727869,8371143,45,yopilgan
A000983,L0000795,BANK-08,19043348,36,559102,14898926,15,faol
A000985,L0000796,BANK-11,5075212,60,106265,832349,45,faol
A000985,L0000797,BANK-05,30788948,60,579652,21955059,0,yopilgan
A000985,L0000798,BANK-02,14023153,18,922095,2789464,0,faol
A000987,L0000799,BANK-05,15198849,12,1580188,4880525,0,faol
A000987,L0000800,BANK-06,13801950,6,2977436,6624595,0,yopilgan
A000987,L0000801,BANK-12,3079872,36,110393,1927531,15,faol
A000989,L0000802,BANK-11,11193484,18,778895,5589134,0,faol
A000992,L0000803,BANK-10,43096191,18,2937584,7731018,0,faol
A000992,L0000804,BANK-01,26579651,36,947519,4386283,15,yopilgan
A000996,L0000805,BANK-10,3970253,36,138044,2265618,45,faol
A000997,L0000806,BANK-11,5625810,12,495088,4384063,15,faol
A000997,L0000807,BANK-01,34432900,12,3455870,17868782,0,faol
A000997,L0000808,BANK-06,12879079,36,452788,8866271,0,faol
A000999,L0000809,BANK-12,53128859,60,1025127,21427150,0,faol
A000999,L0000810,BANK-06,6892638,18,458215,2357092,0,faol
A001000,L0000811,BANK-05,4245783,6,804336,2561749,0,faol
A001000,L0000812,BANK-05,33824272,24,1855801,27807652,15,faol
A001001,L0000813,BANK-12,12327297,6,2183670,6330099,45,faol
A001001,L0000814,BANK-02,13698455,6,2925948,10875834,0,yopilgan
A001001,L0000815,BANK-10,18421792,18,1083807,1936061,15,faol
A001004,L0000816,BANK-11,23194569,6,4870137,13918012,0,faol
A001005,L0000817,BANK-10,31042964,12,2738043,10949549,0,faol
A001005,L0000818,BANK-08,3750236,18,275700,2586098,0,faol
A001007,L0000819,BANK-08,3528560,18,242111,1433812,15,yopilgan
A001007,L0000820,BANK-12,19950229,36,692679,10144805,0,yopilgan
A001007,L0000821,BANK-09,31810958,24,1746737,11520168,15,faol
A001008,L0000822,BANK-06,17543922,6,3548000,9664448,0,faol
A001008,L0000823,BANK-12,6344711,36,232728,1643381,0,yopilgan
A001013,L0000824,BANK-12,11318968,60,203515,1622851,45,faol
A001015,L0000825,BANK-08,8701391,24,409465,3122421,0,faol
A001016,L0000826,BANK-03,39286508,12,4341978,21192388,0,faol
A001016,L0000827,BANK-12,30925752,18,2306158,4842273,0,faol
A001018,L0000828,BANK-02,77091841,18,5772734,51278144,0,faol
A001021,L0000829,BANK-07,2998886,18,206932,447861,45,faol
A001024,L0000830,BANK-07,32123642,36,1080883,6296197,0,faol
A001025,L0000831,BANK-01,12458925,36,428577,4811753,0,faol
A001027,L0000832,BANK-06,6424179,60,131648,2961617,0,faol
A001027,L0000833,BANK-06,18844929,24,959806,9968498,0,faol
A001029,L0000834,BANK-03,21223287,12,1965684,2331201,15,faol
A001031,L0000835,BANK-08,14030169,12,1537593,10120795,0,faol
A001031,L0000836,BANK-08,6402043,60,137011,5460488,15,yopilgan
A001033,L0000837,BANK-08,12362439,24,596918,8726756,0,yopilgan
A001034,L0000838,BANK-02,18770959,6,3410506,3123781,0,yopilgan
A001036,L0000839,BANK-02,15316901,6,3081859,8583113,0,faol
A001036,L0000840,BANK-11,7525901,60,147649,2143517,0,faol
A001047,L0000841,BANK-09,11358851,36,397179,8515117,0,faol
A001048,L0000842,BANK-12,13701720,60,261309,9547147,0,faol
A001050,L0000843,BANK-11,1138592,24,54764,668264,95,faol
A001050,L0000844,BANK-01,151310851,24,7612605,35282116,0,yopilgan
A001052,L0000845,BANK-05,45322125,60,827762,8108421,0,faol
A001056,L0000846,BANK-01,11764481,18,733108,2147223,0,faol
A001056,L0000847,BANK-03,4073037,6,868814,441072,95,yopilgan
A001057,L0000848,BANK-09,7188543,6,1288690,6439003,0,faol
A001058,L0000849,BANK-11,10807996,36,404243,9345376,0,faol
A001058,L0000850,BANK-04,11638033,6,2517084,8556752,15,yopilgan
A001059,L0000851,BANK-08,8350308,18,517013,4014176,0,yopilgan
A001059,L0000852,BANK-11,25687912,60,458838,10544147,15,yopilgan
A001061,L0000853,BANK-04,3908386,6,701820,2108248,0,faol
A001061,L0000854,BANK-07,21629535,12,2309069,16270512,0,faol
A001063,L0000855,BANK-12,29693131,12,3003333,5209048,0,faol
A001067,L0000856,BANK-02,8793977,60,196267,6526317,15,faol
A001067,L0000857,BANK-04,5545505,60,107052,2702742,0,faol
A001070,L0000858,BANK-09,27665441,60,517798,24456990,45,yopilgan
A001070,L0000859,BANK-02,3330934,6,734428,2162089,0,faol
A001071,L0000860,BANK-09,16782122,18,998275,7943810,0,faol
A001073,L0000861,BANK-12,8446866,36,285331,2868680,45,faol
A001077,L0000862,BANK-11,8528304,60,184774,5520833,0,yopilgan
A001077,L0000863,BANK-02,6940304,12,726896,4488575,0,faol
A001078,L0000864,BANK-12,4880973,24,235497,682661,0,faol
A001078,L0000865,BANK-10,1897266,6,378022,1057569,0,yopilgan
A001079,L0000866,BANK-08,15010845,36,537520,1930123,0,faol
A001079,L0000867,BANK-10,3776963,18,233272,1612027,0,yopilgan
A001079,L0000868,BANK-10,8815944,36,323080,5384690,0,faol
A001080,L0000869,BANK-07,2833748,36,98338,496965,0,faol
A001080,L0000870,BANK-05,25241414,6,5355179,20173725,0,yopilgan
A001081,L0000871,BANK-12,16415442,6,3418706,1890415,0,faol
A001084,L0000872,BANK-08,89865054,18,6414825,62979452,0,faol
A001085,L0000873,BANK-10,28028513,60,598003,6314746,0,faol
A001085,L0000874,BANK-11,13539381,24,692778,4504260,0,yopilgan
A001086,L0000875,BANK-07,6524007,36,222500,3342839,0,faol
A001087,L0000876,BANK-07,7186793,24,338370,1751711,0,faol
A001087,L0000877,BANK-07,38923563,18,2719726,22111080,0,yopilgan
A001087,L0000878,BANK-02,7932762,18,508400,6783724,0,faol
A001089,L0000879,BANK-11,12139225,12,1091657,8422385,0,faol
A001089,L0000880,BANK-03,86787104,6,18355620,20710883,15,faol
A001091,L0000881,BANK-08,12072280,60,237100,6025723,0,faol
A001093,L0000882,BANK-06,3766596,12,382684,1224008,0,faol
A001093,L0000883,BANK-04,14801319,18,990658,7476088,0,yopilgan
A001094,L0000884,BANK-07,22707240,36,817817,12843864,0,yopilgan
A001095,L0000885,BANK-10,13746931,12,1521388,5667416,0,faol
A001095,L0000886,BANK-07,4604350,60,92737,2442935,0,faol
A001095,L0000887,BANK-12,15405101,6,2859019,7324597,0,faol
A001098,L0000888,BANK-02,15004832,36,538072,2931660,0,faol
A001098,L0000889,BANK-02,6096850,12,596442,1927588,95,faol
A001100,L0000890,BANK-12,21333021,12,2003183,8070514,0,faol
A001100,L0000891,BANK-01,5744074,6,1252755,1940764,0,faol
A001102,L0000892,BANK-03,9542873,36,337249,3382865,15,faol
A001102,L0000893,BANK-04,27919560,18,1689609,16164433,0,yopilgan
A001103,L0000894,BANK-10,23221564,12,2160492,18648218,0,faol
A001106,L0000895,BANK-06,5957422,6,1204822,3136098,0,faol
A001107,L0000896,BANK-11,13298353,36,428271,7405728,45,faol
A001111,L0000897,BANK-02,9479007,6,1786639,5373461,0,faol
A001113,L0000898,BANK-09,6606572,6,1218429,2582875,0,faol
A001114,L0000899,BANK-08,35566855,6,6383910,7595062,15,faol
A001115,L0000900,BANK-11,10849498,12,988901,6577357,0,faol
A001119,L0000901,BANK-06,14638905,24,751977,12141532,0,faol
A001119,L0000902,BANK-06,32760567,12,3646787,10668120,0,faol
A001121,L0000903,BANK-03,26526574,6,5362307,17857033,0,yopilgan
A001123,L0000904,BANK-02,6959839,6,1220475,4991634,45,faol
A001124,L0000905,BANK-01,25040817,12,2527714,9253771,0,faol
A001125,L0000906,BANK-11,11131490,12,1224813,6450556,0,faol
A001125,L0000907,BANK-04,5880287,6,1187046,1805432,0,yopilgan
A001128,L0000908,BANK-06,34308330,24,1719261,10660816,0,yopilgan
A001128,L0000909,BANK-12,12241514,12,1305526,6888904,15,yopilgan
A001129,L0000910,BANK-01,11801812,18,742570,3961017,45,faol
A001130,L0000911,BANK-03,4788371,12,535551,3663571,0,yopilgan
A001131,L0000912,BANK-01,8091977,60,148021,3476109,0,faol
A001131,L0000913,BANK-05,33655721,36,1222076,10565772,0,faol
A001131,L0000914,BANK-02,12176322,60,243069,8079339,15,faol
A001133,L0000915,BANK-09,31575810,12,3477045,8354104,0,yopilgan
A001133,L0000916,BANK-07,5087892,18,312842,3011990,0,faol
A001134,L0000917,BANK-01,19631155,60,417706,11362243,0,faol
A001134,L0000918,BANK-07,5109760,12,507137,1556174,15,faol
A001136,L0000919,BANK-11,4486241,6,846904,1167618,0,yopilgan
A001137,L0000920,BANK-01,14261129,60,260065,3038794,0,faol
A001137,L0000921,BANK-02,1916847,24,86485,1216046,0,faol
A001137,L0000922,BANK-05,2966925,60,62059,906952,45,faol
A001138,L0000923,BANK-04,22200912,60,485508,9328118,0,faol
A001139,L0000924,BANK-02,6777327,36,228244,5529898,15,faol
A001140,L0000925,BANK-06,10117152,6,2044335,7240668,0,faol
A001141,L0000926,BANK-05,7763187,36,288781,4090615,0,yopilgan
A001143,L0000927,BANK-03,14406828,18,928472,3796527,0,faol
A001143,L0000928,BANK-12,35030378,36,1198925,13168355,0,faol
A001147,L0000929,BANK-10,40489497,36,1260884,9155681,15,yopilgan
A001147,L0000930,BANK-03,12694560,18,756294,9833708,0,faol
A001152,L0000931,BANK-03,7645051,12,845795,2616553,0,faol
A001152,L0000932,BANK-06,8490563,36,298440,4902713,0,faol
A001152,L0000933,BANK-11,4916682,36,177874,3720196,0,faol
A001161,L0000934,BANK-12,4783337,12,448327,1679931,0,faol
A001164,L0000935,BANK-09,14974658,60,271923,9859302,0,faol
A001168,L0000936,BANK-10,14281228,18,968235,6890706,45,faol
A001172,L0000937,BANK-10,12592085,6,2748303,1670093,15,yopilgan
A001173,L0000938,BANK-06,78113527,12,8034921,67060224,0,faol
A001174,L0000939,BANK-08,18051045,12,1923411,14087032,15,faol
A001174,L0000940,BANK-04,43009497,18,2741524,15175012,0,yopilgan
A001175,L0000941,BANK-01,40979857,36,1214532,24000621,0,faol
A001176,L0000942,BANK-06,11673314,12,1230475,4006896,0,faol
A001177,L0000943,BANK-05,13611063,36,471185,2837049,0,faol
A001180,L0000944,BANK-10,12258789,60,264187,7501205,95,yopilgan
A001181,L0000945,BANK-10,39327048,60,692591,34330257,0,faol
A001182,L0000946,BANK-03,11229880,12,1164296,3182611,45,faol
A001183,L0000947,BANK-09,42820861,60,921378,36470855,15,faol
A001184,L0000948,BANK-11,21815775,24,1015575,2834119,0,faol
A001184,L0000949,BANK-01,16828583,6,3003289,7110381,0,faol
A001186,L0000950,BANK-12,14328301,24,653759,4102872,0,faol
A001186,L0000951,BANK-08,16798719,36,521067,6367482,0,yopilgan
A001191,L0000952,BANK-12,12874904,36,464310,5251810,0,faol
A001191,L0000953,BANK-05,3230919,36,102952,459374,0,faol
A001194,L0000954,BANK-12,22528385,12,2339972,2914855,15,faol
A001196,L0000955,BANK-09,10288077,6,2149153,3774388,0,faol
A001197,L0000956,BANK-09,27808302,12,2789966,14135968,0,faol
A001198,L0000957,BANK-10,18089211,6,3864692,15994901,0,faol
A001198,L0000958,BANK-05,19872621,6,3670531,11345481,0,faol
A001201,L0000959,BANK-08,13265039,36,471758,6761858,0,faol
A001205,L0000960,BANK-11,4180498,24,210559,2536360,0,yopilgan
A001206,L0000961,BANK-10,10369232,12,1112166,2764542,0,faol
A001208,L0000962,BANK-02,13143161,18,928954,9712955,0,faol
A001208,L0000963,BANK-03,8444439,18,511811,6849536,15,faol
A001210,L0000964,BANK-07,27707233,60,565994,15799287,0,faol
A001212,L0000965,BANK-06,31189961,12,3412165,20549277,0,faol
A001214,L0000966,BANK-11,11731266,12,1249065,9187490,0,faol
A001215,L0000967,BANK-12,2114137,24,94010,524614,0,faol
A001216,L0000968,BANK-11,46444053,60,917197,26761165,45,faol
A001216,L0000969,BANK-07,24380877,6,5245804,8739417,0,faol
A001217,L0000970,BANK-10,29496208,12,3246637,12022520,0,faol
A001218,L0000971,BANK-09,12318236,36,445304,5903430,15,faol
A001219,L0000972,BANK-04,9413348,24,414485,1454561,0,faol
A001219,L0000973,BANK-12,4400692,24,212642,922571,45,yopilgan
A001219,L0000974,BANK-06,15832611,12,1556276,14109764,0,faol
A001220,L0000975,BANK-01,11645625,6,2323307,2931635,0,faol
A001220,L0000976,BANK-10,17371895,6,3895796,8595188,0,faol
A001220,L0000977,BANK-11,25647778,36,901445,15451697,0,yopilgan
A001222,L0000978,BANK-04,3243532,36,110301,1474850,0,yopilgan
A001223,L0000979,BANK-04,3338710,36,120519,1505327,45,yopilgan
A001225,L0000980,BANK-02,16937046,60,358436,14332236,0,faol
A001225,L0000981,BANK-06,8089472,6,1611511,1840497,95,yopilgan
A001225,L0000982,BANK-02,10315331,6,2046377,2255435,0,faol
A001226,L0000983,BANK-10,6379565,36,220553,1121602,0,faol
A001226,L0000984,BANK-05,17717002,6,3826133,8136063,15,faol
A001228,L0000985,BANK-12,10332305,12,943811,7555164,0,faol
A001230,L0000986,BANK-11,14730849,60,270197,12397861,15,faol
A001231,L0000987,BANK-03,1939960,24,88489,379436,0,yopilgan
A001231,L0000988,BANK-10,6228819,12,614073,4148560,0,faol
A001232,L0000989,BANK-04,6873430,6,1245463,1922050,0,faol
A001232,L0000990,BANK-11,37993496,36,1326699,9217297,15,faol
A001232,L0000991,BANK-10,43238434,24,2078688,31106243,0,faol
A001233,L0000992,BANK-09,11154626,36,367277,4704287,0,faol
A001234,L0000993,BANK-06,40607813,24,1941032,23664474,0,yopilgan
A001234,L0000994,BANK-09,6063561,18,443781,2317680,15,faol
A001234,L0000995,BANK-02,16786928,36,621869,12146105,15,faol
A001235,L0000996,BANK-04,26384749,60,520840,3493147,0,faol
A001236,L0000997,BANK-10,55095654,24,2513196,44244512,0,faol
A001238,L0000998,BANK-11,16075602,24,718610,7088040,0,faol
A001238,L0000999,BANK-12,31992250,12,2981452,20029389,0,faol
A001238,L0001000,BANK-03,14204362,24,722434,4018981,0,faol
A001239,L0001001,BANK-10,7399002,6,1403848,3834966,0,faol
A001239,L0001002,BANK-05,48443155,18,2905919,20023452,95,faol
A001239,L0001003,BANK-05,4217694,24,192560,1116064,15,faol
A001241,L0001004,BANK-09,9703854,24,432576,2787816,0,faol
A001241,L0001005,BANK-10,19018839,12,1855648,6233846,45,faol
A001242,L0001006,BANK-04,9563757,12,871543,2293018,15,faol
A001243,L0001007,BANK-03,13692879,60,246251,1811745,0,yopilgan
A001244,L0001008,BANK-01,15412150,60,277956,5908867,0,yopilgan
A001244,L0001009,BANK-10,6258212,60,121334,3559442,0,faol
A001245,L0001010,BANK-06,30855979,6,6727446,12169945,0,faol
A001246,L0001011,BANK-04,13555128,12,1402615,2248681,0,yopilgan
A001246,L0001012,BANK-03,19725718,6,4330108,9675376,0,faol
A001248,L0001013,BANK-05,33322881,24,1601474,26110069,95,faol
A001249,L0001014,BANK-07,5460358,12,591028,1009934,15,yopilgan
A001251,L0001015,BANK-02,67777823,60,1229743,47705669,0,faol
A001251,L0001016,BANK-03,21659598,6,4366697,7766030,0,faol
A001251,L0001017,BANK-10,12677856,6,2627959,10405697,0,yopilgan
A001252,L0001018,BANK-08,17102345,6,3294746,1943995,0,yopilgan
A001253,L0001019,BANK-02,8557138,18,590719,2861374,0,yopilgan
A001256,L0001020,BANK-06,12988790,6,2431441,6351973,15,yopilgan
A001256,L0001021,BANK-01,5940029,6,1154610,1252822,45,faol
A001257,L0001022,BANK-08,23909169,6,4917151,15607427,0,faol
A001257,L0001023,BANK-06,1697810,6,327006,1496852,0,faol
A001259,L0001024,BANK-02,12934655,60,262128,2129821,0,faol
A001259,L0001025,BANK-04,32162728,60,594756,18839611,0,faol
A001261,L0001026,BANK-08,3683458,36,122582,3046080,0,faol
A001261,L0001027,BANK-09,26768967,36,966337,17794442,95,faol
A001262,L0001028,BANK-02,9617130,24,451729,5699444,0,faol
A001263,L0001029,BANK-09,10401949,36,362584,5856986,0,yopilgan
A001265,L0001030,BANK-01,5612014,6,1005801,650840,0,faol
A001267,L0001031,BANK-03,7487776,6,1544901,2045355,0,faol
A001268,L0001032,BANK-08,35442498,60,719353,29136172,0,faol
A001274,L0001033,BANK-04,19483350,36,597350,5856461,0,faol
A001274,L0001034,BANK-05,8549711,24,447371,6387932,0,faol
A001277,L0001035,BANK-05,13376721,36,397948,2943727,45,faol
A001280,L0001036,BANK-04,8599977,12,881664,1391147,15,faol
A001281,L0001037,BANK-12,4694831,24,257010,3985008,45,yopilgan
A001283,L0001038,BANK-09,6935139,60,146851,3573991,0,faol
A001284,L0001039,BANK-01,12345281,6,2318362,3420889,0,faol
A001284,L0001040,BANK-01,23285954,12,2471638,6014388,0,faol
A001284,L0001041,BANK-02,25155249,6,4755547,17000970,15,yopilgan
A001285,L0001042,BANK-12,9999005,60,187528,1018292,0,yopilgan
A001286,L0001043,BANK-01,46555474,24,2425740,14912069,0,faol
A001290,L0001044,BANK-09,6187466,6,1264079,2106468,0,faol
A001291,L0001045,BANK-04,11714117,36,406808,7071544,0,faol
A001292,L0001046,BANK-03,1099168,6,212864,552990,0,faol
A001295,L0001047,BANK-07,3436809,36,125345,2048344,0,faol
A001295,L0001048,BANK-10,10425135,36,340451,1670892,0,faol
A001298,L0001049,BANK-08,24810466,12,2779954,5392439,15,yopilgan
A001298,L0001050,BANK-06,17615625,6,3586332,5846414,0,faol
A001303,L0001051,BANK-06,26414353,60,562511,14274619,15,faol
A001303,L0001052,BANK-02,10078961,36,347761,3968583,0,faol
A001305,L0001053,BANK-10,21198355,36,695273,12604691,0,yopilgan
A001307,L0001054,BANK-08,3610394,18,240517,801692,15,faol
A001307,L0001055,BANK-10,5249410,18,312332,2171591,95,faol
A001308,L0001056,BANK-03,12411575,60,226164,9535930,95,faol
A001308,L0001057,BANK-07,6754245,24,369998,3175366,45,faol
A001309,L0001058,BANK-09,10172013,36,367261,1282074,0,faol
A001310,L0001059,BANK-06,11838000,6,2127550,3084785,15,yopilgan
A001310,L0001060,BANK-01,7517085,12,688198,2932409,0,faol
A001310,L0001061,BANK-07,13371621,24,622341,9433172,0,faol
A001312,L0001062,BANK-11,17095448,18,1237442,4487523,15,faol
A001313,L0001063,BANK-06,37557546,18,2728492,6592935,0,yopilgan
A001313,L0001064,BANK-04,32362970,18,2195251,18942126,15,faol
A001314,L0001065,BANK-07,25693451,36,941687,18171745,0,faol
A001315,L0001066,BANK-11,8249789,60,180829,3211991,45,yopilgan
A001316,L0001067,BANK-02,18917270,60,376729,11110856,0,faol
A001319,L0001068,BANK-12,5005673,60,94486,2795124,15,faol
A001319,L0001069,BANK-04,36988271,24,1988514,23861336,0,faol
A001320,L0001070,BANK-03,7513774,36,222050,3354290,0,faol
A001320,L0001071,BANK-10,7524395,6,1588151,6391508,0,faol
A001320,L0001072,BANK-12,15116734,12,1613049,4356771,15,faol
A001322,L0001073,BANK-04,9111511,36,336764,7918880,15,faol
A001324,L0001074,BANK-11,22755827,18,1445299,5508364,0,yopilgan
A001326,L0001075,BANK-09,10237450,36,315250,8927131,15,faol
A001327,L0001076,BANK-12,8379228,18,560829,7345432,0,yopilgan
A001327,L0001077,BANK-12,36663169,24,1934667,26395221,15,faol
A001328,L0001078,BANK-05,4132207,24,198832,2889016,0,yopilgan
A001328,L0001079,BANK-01,6990161,12,614447,4322119,95,yopilgan
A001328,L0001080,BANK-01,7412340,36,217112,4113561,0,faol
A001330,L0001081,BANK-03,14278970,6,2607092,3011272,0,yopilgan
A001331,L0001082,BANK-03,11501236,6,2168851,1939416,0,faol
A001331,L0001083,BANK-07,19345075,18,1224754,13821280,0,faol
A001333,L0001084,BANK-02,7327913,60,143497,962786,0,yopilgan
A001333,L0001085,BANK-12,24349617,12,2262402,4849666,0,faol
A001336,L0001086,BANK-07,12483114,6,2217487,8110425,0,faol
A001338,L0001087,BANK-01,8431090,60,170907,7426436,15,faol
A001338,L0001088,BANK-12,12265268,12,1078395,3877260,0,faol
A001339,L0001089,BANK-10,11014925,36,382258,6402032,45,faol
A001341,L0001090,BANK-11,3795171,18,273265,2128647,0,faol
A001342,L0001091,BANK-11,29336738,24,1403538,25175409,0,faol
A001343,L0001092,BANK-08,22725824,36,766992,10030105,0,faol
A001343,L0001093,BANK-01,18579363,60,350619,15875555,15,faol
A001345,L0001094,BANK-02,17278305,24,841533,2568342,0,yopilgan
A001347,L0001095,BANK-06,6183466,36,184958,3167153,15,faol
A001349,L0001096,BANK-04,10128204,36,313926,7398614,95,faol
A001350,L0001097,BANK-05,5840888,24,328520,4561152,45,faol
A001351,L0001098,BANK-05,6911674,12,619919,5967002,0,faol
A001354,L0001099,BANK-02,8969306,18,581449,4603378,0,faol
A001354,L0001100,BANK-10,37985484,12,3653143,17721959,0,faol
A001355,L0001101,BANK-08,12645076,36,376792,10118868,0,faol
A001358,L0001102,BANK-07,20961576,18,1337319,8695709,45,yopilgan
A001359,L0001103,BANK-09,6030873,18,362011,2484065,0,faol
A001359,L0001104,BANK-03,49293693,6,10399218,32349803,0,yopilgan
A001360,L0001105,BANK-02,15051739,12,1644266,3275766,0,faol
A001361,L0001106,BANK-01,28689222,18,2144591,17745071,95,faol
A001361,L0001107,BANK-11,15726574,36,530297,4613258,95,faol
A001365,L0001108,BANK-04,8638490,60,169795,7574375,0,faol
A001367,L0001109,BANK-07,55231657,60,1112970,39160769,15,faol
A001373,L0001110,BANK-05,2852106,12,301799,1062722,45,faol
A001374,L0001111,BANK-04,9870106,60,176996,1801985,0,faol
A001376,L0001112,BANK-01,9984892,12,1074952,1035472,0,faol
A001377,L0001113,BANK-04,46742324,36,1621164,25945427,0,yopilgan
A001377,L0001114,BANK-02,4353448,12,452813,3490314,0,yopilgan
A001378,L0001115,BANK-03,29826000,60,614213,17285593,95,faol
A001380,L0001116,BANK-02,20650448,18,1489240,11047959,0,faol
A001380,L0001117,BANK-10,20050736,36,731169,11333015,0,faol
A001380,L0001118,BANK-05,4180701,18,265724,3613133,0,faol
A001381,L0001119,BANK-04,24098290,36,872742,10005210,0,faol
A001382,L0001120,BANK-06,17886363,6,4017601,5577270,0,faol
A001382,L0001121,BANK-09,17214548,36,575658,9291260,0,faol
A001386,L0001122,BANK-08,10613893,18,683537,7252885,15,faol
A001387,L0001123,BANK-09,8822964,6,1866040,3204093,15,faol
A001387,L0001124,BANK-05,60563992,60,1339563,39668991,45,faol
A001389,L0001125,BANK-10,4903109,18,314802,556857,0,faol
A001390,L0001126,BANK-11,13606088,24,722486,6753103,0,faol
A001390,L0001127,BANK-05,19582490,6,3678941,3072594,0,faol
A001392,L0001128,BANK-05,36563415,24,1836692,23213459,0,faol
A001392,L0001129,BANK-06,3799320,36,129444,2032355,0,faol
A001394,L0001130,BANK-01,37653073,18,2749367,25663443,0,faol
A001395,L0001131,BANK-05,4406516,12,483553,3595340,15,faol
A001395,L0001132,BANK-05,9367541,36,337459,6966897,95,faol
A001400,L0001133,BANK-08,9743106,24,439645,5952824,0,yopilgan
A001400,L0001134,BANK-05,33060984,24,1673603,5754233,0,faol
A001401,L0001135,BANK-05,4043567,18,255923,3122519,15,yopilgan
A001402,L0001136,BANK-09,7602925,36,228763,2789216,15,faol
A001403,L0001137,BANK-01,21337300,12,1983455,10660329,0,faol
A001403,L0001138,BANK-11,21329570,36,714981,13480435,0,yopilgan
A001404,L0001139,BANK-04,16916962,24,855112,14979398,15,faol
A001405,L0001140,BANK-02,2972458,18,179741,1417048,0,yopilgan
A001407,L0001141,BANK-08,14877568,60,328610,7509145,0,faol
A001408,L0001142,BANK-11,29907956,12,2616993,7700928,45,yopilgan
A001409,L0001143,BANK-05,11497730,6,2031866,5364288,45,yopilgan
A001410,L0001144,BANK-04,6468939,60,120182,4505203,0,faol
A001413,L0001145,BANK-09,18531442,12,2068829,9009478,0,faol
A001413,L0001146,BANK-12,24225493,60,534042,15603384,0,faol
A001413,L0001147,BANK-02,14664466,6,2613183,11740663,0,yopilgan
A001414,L0001148,BANK-03,16924684,60,308160,7752050,0,faol
A001414,L0001149,BANK-08,48458812,12,5099569,8380406,0,faol
A001417,L0001150,BANK-10,15275045,6,2998003,5286081,0,faol
A001417,L0001151,BANK-07,10961193,24,524000,9151575,0,faol
A001420,L0001152,BANK-11,5632080,12,507524,2339838,0,faol
A001420,L0001153,BANK-01,17945556,36,639463,5265707,0,yopilgan
A001420,L0001154,BANK-05,11263763,60,201863,8848333,0,faol
A001423,L0001155,BANK-07,22212379,36,672222,16650187,15,faol
A001423,L0001156,BANK-05,12270589,60,236179,8269579,0,faol
A001424,L0001157,BANK-05,65909250,12,6534445,44423935,0,faol
A001424,L0001158,BANK-09,6708533,36,216667,3155802,15,faol
A001425,L0001159,BANK-07,9298777,36,303936,5381235,0,faol
A001426,L0001160,BANK-05,27794356,24,1464390,8863168,95,faol
A001427,L0001161,BANK-04,5868584,24,328113,1343692,0,faol
A001432,L0001162,BANK-08,2141524,24,118649,1260315,95,faol
A001432,L0001163,BANK-08,184238607,12,20417358,87035482,0,faol
A001434,L0001164,BANK-02,12352852,60,223253,8399188,0,faol
A001436,L0001165,BANK-04,10058132,12,1026885,1177798,0,faol
A001436,L0001166,BANK-11,92649205,18,5414373,74692373,0,faol
A001437,L0001167,BANK-01,22128957,18,1322713,4219392,0,faol
A001437,L0001168,BANK-12,6750390,6,1478556,4433381,0,faol
A001437,L0001169,BANK-11,8481959,60,167881,6334029,0,faol
A001438,L0001170,BANK-08,14295646,24,657992,4090003,15,faol
A001439,L0001171,BANK-02,6663563,24,301140,4151020,0,faol
A001441,L0001172,BANK-08,8423098,36,277594,4259019,45,yopilgan
A001441,L0001173,BANK-05,5736610,6,1198296,3605852,0,faol
A001442,L0001174,BANK-08,15007669,6,3046247,10870618,0,yopilgan
A001444,L0001175,BANK-03,19637325,6,4286439,12229809,0,faol
A001444,L0001176,BANK-05,6183406,60,126200,2298955,0,faol
A001445,L0001177,BANK-12,4507533,12,418514,3213757,0,faol
A001445,L0001178,BANK-11,22929985,60,497558,18909669,0,yopilgan
A001454,L0001179,BANK-10,13116414,12,1256777,3098656,95,yopilgan
A001458,L0001180,BANK-03,6497572,36,196398,3179120,15,yopilgan
A001459,L0001181,BANK-07,13771436,24,763517,5369322,0,faol
A001459,L0001182,BANK-12,12146480,60,254065,2745741,0,faol
A001459,L0001183,BANK-10,6389644,60,143142,5724825,0,faol
A001460,L0001184,BANK-06,29954114,36,997009,13987642,0,faol
A001461,L0001185,BANK-02,4592551,24,244665,1842584,0,faol
A001461,L0001186,BANK-05,9385758,18,702716,2214540,0,yopilgan
A001462,L0001187,BANK-04,26969820,60,520294,11346287,0,faol
A001462,L0001188,BANK-10,12916129,12,1246184,10352346,15,yopilgan
A001463,L0001189,BANK-08,13743404,6,2894903,6075997,15,yopilgan
A001463,L0001190,BANK-11,15417372,18,929271,4155350,45,faol
A001464,L0001191,BANK-07,5357600,24,261822,912220,15,faol
A001464,L0001192,BANK-05,5994567,36,193584,2058028,45,yopilgan
A001466,L0001193,BANK-07,8089255,12,880608,3876488,15,faol
A001466,L0001194,BANK-06,24022756,24,1104106,12073081,0,yopilgan
A001466,L0001195,BANK-04,6855507,12,737581,2061895,15,faol
A001467,L0001196,BANK-08,3507528,18,235066,2514839,15,faol
A001469,L0001197,BANK-03,12324524,12,1212649,7072450,15,faol
A001469,L0001198,BANK-08,14724574,36,493999,8806267,0,faol
A001475,L0001199,BANK-03,10674385,6,2121191,2206935,15,faol
A001475,L0001200,BANK-10,38597393,60,740438,31798641,0,yopilgan
A001476,L0001201,BANK-02,1651930,60,35009,1242412,0,yopilgan
A001478,L0001202,BANK-07,16349724,12,1743075,11308453,0,faol
A001478,L0001203,BANK-11,12935615,12,1413905,3891301,0,faol
A001478,L0001204,BANK-01,28803349,6,5907093,22946602,0,faol
A001481,L0001205,BANK-06,3184565,12,285913,2266650,0,faol
A001482,L0001206,BANK-04,7832740,18,518606,1379342,45,faol
A001482,L0001207,BANK-08,8165694,18,592745,5008851,0,faol
A001485,L0001208,BANK-11,28830940,24,1317282,14564254,0,faol
A001485,L0001209,BANK-12,5165085,24,276182,3731599,45,faol
A001487,L0001210,BANK-05,13824962,18,960064,7107931,0,yopilgan
A001487,L0001211,BANK-12,4488858,12,499497,2210306,0,faol
A001489,L0001212,BANK-02,22428307,60,490790,2626687,0,faol
A001489,L0001213,BANK-12,40595002,24,1788077,25570275,45,faol
A001491,L0001214,BANK-09,13108582,6,2890098,10362689,0,faol
A001492,L0001215,BANK-08,6378709,60,137799,3788158,0,faol
A001492,L0001216,BANK-10,45874045,60,982567,23510062,0,faol
A001494,L0001217,BANK-03,7280347,18,509765,1665652,0,faol
A001497,L0001218,BANK-02,24665592,24,1293694,21980545,0,faol
A001497,L0001219,BANK-11,11288425,24,506143,5152014,0,faol
A001498,L0001220,BANK-05,17602801,36,536729,15220664,0,faol
A001501,L0001221,BANK-06,6092247,60,107234,3877953,0,faol
A001501,L0001222,BANK-03,7538417,36,228682,909918,0,faol
A001502,L0001223,BANK-09,39704371,60,884958,9734496,0,yopilgan
A001502,L0001224,BANK-07,21498962,24,993012,7073450,0,faol
A001506,L0001225,BANK-01,2714528,24,134761,1502149,45,yopilgan
A001507,L0001226,BANK-09,6809321,18,458936,5765334,15,faol
A001507,L0001227,BANK-12,9508271,60,169869,6006393,0,faol
A001507,L0001228,BANK-11,3215501,60,61262,693009,15,faol
A001508,L0001229,BANK-10,32432218,18,1901433,10004651,0,faol
A001508,L0001230,BANK-03,17357810,18,1133810,12645023,0,faol
A001508,L0001231,BANK-03,2060385,18,124361,763997,15,faol
A001510,L0001232,BANK-10,6035478,12,535955,784550,0,faol
A001510,L0001233,BANK-08,7161644,36,235127,2960137,0,faol
A001511,L0001234,BANK-07,22330968,60,491888,18048587,0,faol
A001514,L0001235,BANK-06,10849298,24,572178,9247051,95,yopilgan
A001515,L0001236,BANK-04,6258782,18,375334,4863518,0,faol
A001516,L0001237,BANK-08,4212961,36,146127,1339133,0,yopilgan
A001517,L0001238,BANK-03,2803491,36,92679,836102,15,faol
A001517,L0001239,BANK-09,6193038,12,572829,2651610,0,yopilgan
A001521,L0001240,BANK-03,9252026,24,480909,5167148,15,yopilgan
A001522,L0001241,BANK-04,19854686,24,1002814,4816070,0,faol
A001522,L0001242,BANK-01,17850280,12,1711668,8606979,15,faol
A001522,L0001243,BANK-11,21849253,12,2276899,5324296,45,yopilgan
A001523,L0001244,BANK-06,10850545,6,1981862,5055919,0,faol
A001524,L0001245,BANK-04,55591689,18,3962112,37068373,0,faol
A001525,L0001246,BANK-04,29147155,36,988888,19416287,45,faol
A001525,L0001247,BANK-02,19264464,18,1137959,2263927,0,faol
A001526,L0001248,BANK-10,3978371,36,144199,2516547,0,faol
A001527,L0001249,BANK-11,34121090,24,1534863,24006271,45,faol
A001528,L0001250,BANK-01,28323856,6,5938730,18878113,15,faol
A001529,L0001251,BANK-03,1170066,12,123595,148165,0,faol
A001532,L0001252,BANK-11,3699335,60,79773,542992,0,faol
A001532,L0001253,BANK-05,12697991,60,225012,9934107,0,faol
A001533,L0001254,BANK-12,11737703,60,218477,7987967,45,faol
A001534,L0001255,BANK-11,25869475,12,2825355,22022397,0,faol
A001535,L0001256,BANK-03,4713355,6,946854,2274315,0,faol
A001536,L0001257,BANK-08,9606041,36,353606,8082235,0,faol
A001536,L0001258,BANK-08,12088113,36,437891,1978437,15,faol
A001537,L0001259,BANK-11,16449775,24,883473,10440058,0,yopilgan
A001538,L0001260,BANK-04,21740639,36,697192,18398316,15,faol
A001540,L0001261,BANK-07,11783388,18,865205,5833603,0,faol
A001541,L0001262,BANK-12,1298493,60,22955,568211,0,faol
A001541,L0001263,BANK-05,16897032,60,298694,13979140,0,yopilgan
A001541,L0001264,BANK-05,10182885,12,1087551,7741969,0,faol
A001545,L0001265,BANK-12,12443246,36,367553,5507577,0,faol
A001547,L0001266,BANK-07,11961889,24,579624,10398418,0,yopilgan
A001547,L0001267,BANK-01,8116202,60,154585,6195900,0,faol
A001548,L0001268,BANK-10,26918673,6,5925327,12512881,45,faol
A001548,L0001269,BANK-02,29734613,12,3320513,14911809,15,faol
A001549,L0001270,BANK-11,9217374,24,454215,8030591,0,faol
A001549,L0001271,BANK-08,4583235,36,151361,2239901,0,faol
A001549,L0001272,BANK-02,18461300,60,364989,8064725,45,faol
A001551,L0001273,BANK-11,7324879,18,506885,5139929,0,faol
A001552,L0001274,BANK-07,9301665,6,2048986,4964521,0,faol
A001554,L0001275,BANK-08,3395145,36,119473,597467,0,faol
A001555,L0001276,BANK-02,6130801,6,1322903,5176875,0,faol
A001555,L0001277,BANK-02,5401573,6,1170718,4069477,0,faol
A001555,L0001278,BANK-04,8075345,18,496540,966394,0,faol
A001556,L0001279,BANK-02,10839511,24,592021,5524095,0,faol
A001557,L0001280,BANK-01,5368675,12,585598,2905156,0,faol
A001557,L0001281,BANK-04,8949354,6,1604195,999130,0,faol
A001558,L0001282,BANK-12,11488734,12,1181826,2804884,0,yopilgan
A001558,L0001283,BANK-07,13180759,36,430203,10853791,0,faol
A001560,L0001284,BANK-06,5043528,36,187352,2505439,0,faol
A001560,L0001285,BANK-04,7923977,36,256780,4154381,0,faol
A001561,L0001286,BANK-06,15358626,12,1660131,5059118,15,yopilgan
A001561,L0001287,BANK-04,5859592,24,286870,934249,0,faol
A001561,L0001288,BANK-07,13733171,12,1364214,6565441,0,faol
A001563,L0001289,BANK-05,18900746,60,366448,9775204,0,faol
A001564,L0001290,BANK-04,4034183,12,373569,2060433,0,faol
A001564,L0001291,BANK-06,129809219,12,13124764,69826101,95,yopilgan
A001564,L0001292,BANK-01,8949497,24,404174,3488751,0,faol
A001566,L0001293,BANK-04,10462703,60,187976,4606442,0,faol
A001566,L0001294,BANK-09,6811156,18,427020,2401068,15,faol
A001567,L0001295,BANK-07,14389240,12,1329890,8168009,15,faol
A001567,L0001296,BANK-04,7745717,12,753510,3221558,0,yopilgan
A001568,L0001297,BANK-01,93681022,6,20797725,81258471,0,faol
A001569,L0001298,BANK-07,2557445,24,139819,995462,0,faol
A001570,L0001299,BANK-10,8738249,6,1964579,7660102,15,faol
A001570,L0001300,BANK-05,2704206,6,603284,315475,0,yopilgan
A001572,L0001301,BANK-09,4637363,6,1035103,3492650,0,faol
A001572,L0001302,BANK-01,19599338,6,3820556,7147259,0,faol
A001577,L0001303,BANK-06,6172489,24,322751,712989,15,faol
A001578,L0001304,BANK-06,25209858,18,1647617,10019649,0,faol
A001578,L0001305,BANK-12,16881816,60,367163,12333902,0,faol
A001579,L0001306,BANK-06,61434082,6,11660009,13178245,0,faol
A001580,L0001307,BANK-04,71221382,12,7144230,14572155,45,faol
A001580,L0001308,BANK-03,15287539,24,737998,7456530,0,faol
A001580,L0001309,BANK-01,4408494,12,460889,2158554,15,faol
A001581,L0001310,BANK-12,11525008,24,518187,8253830,0,faol
A001581,L0001311,BANK-03,4151371,18,288006,3344192,0,faol
A001581,L0001312,BANK-10,5227876,12,465073,3928102,0,faol
A001585,L0001313,BANK-10,4371708,6,848614,3474375,0,faol
A001589,L0001314,BANK-08,5826640,18,365491,2698140,0,yopilgan
A001590,L0001315,BANK-03,39233908,12,3777357,17594894,0,faol
A001593,L0001316,BANK-07,15120134,36,562320,1638268,0,faol
A001595,L0001317,BANK-10,5251422,24,295232,3087438,15,faol
A001595,L0001318,BANK-09,48755988,12,4339202,39448036,0,yopilgan
A001596,L0001319,BANK-03,3116867,12,341252,1180813,45,yopilgan
A001596,L0001320,BANK-09,5372311,24,266569,2679146,0,faol
A001598,L0001321,BANK-05,5383635,36,186962,620478,0,faol
A001598,L0001322,BANK-09,13845662,36,495222,2406474,45,faol
A001598,L0001323,BANK-12,5300178,18,380569,1121231,15,faol
A001601,L0001324,BANK-06,6105347,6,1229093,793720,0,faol
A001601,L0001325,BANK-12,9147636,6,1723274,2955597,15,faol
A001601,L0001326,BANK-03,25229709,60,447478,2975993,0,faol
A001604,L0001327,BANK-09,9560313,12,838429,7188458,15,faol
A001606,L0001328,BANK-07,8564879,24,447009,7072596,0,faol
A001607,L0001329,BANK-05,15426883,36,486623,4459072,15,faol
A001609,L0001330,BANK-05,19553530,24,862788,16633531,0,faol
A001610,L0001331,BANK-07,48625091,6,9751034,12576349,0,faol
A001613,L0001332,BANK-08,6254737,12,702815,4754610,45,faol
A001613,L0001333,BANK-01,31049415,18,1994855,20532056,0,faol
A001616,L0001334,BANK-05,10898963,24,608677,6324296,45,faol
A001616,L0001335,BANK-05,773151,18,45915,653864,95,faol
A001616,L0001336,BANK-11,20410408,36,757743,9613152,15,faol
A001618,L0001337,BANK-04,13258587,36,476980,3189281,0,faol
A001618,L0001338,BANK-10,2207517,24,111431,1957434,0,faol
A001619,L0001339,BANK-02,9628311,60,216231,7710504,15,faol
A001619,L0001340,BANK-11,32170169,60,651401,25168162,0,faol
A001620,L0001341,BANK-07,13451617,36,448834,10138991,0,yopilgan
A001620,L0001342,BANK-08,3876251,36,121948,1571322,0,yopilgan
A001621,L0001343,BANK-12,23444027,12,2595442,2772154,15,faol
A001622,L0001344,BANK-04,6876666,60,143622,2628888,0,faol
A001626,L0001345,BANK-08,8666134,24,426254,5651282,15,faol
A001626,L0001346,BANK-08,9914418,36,325333,2520356,0,faol
A001626,L0001347,BANK-01,31227551,36,918032,7935961,0,faol
A001628,L0001348,BANK-03,5506644,36,190708,4924305,15,faol
A001629,L0001349,BANK-01,28284559,18,1950690,15690223,0,faol
A001629,L0001350,BANK-12,13543253,12,1299291,11415264,0,faol
A001629,L0001351,BANK-03,43906920,18,2813506,33256535,0,yopilgan
A001632,L0001352,BANK-05,15970518,12,1613129,10306133,0,yopilgan
A001632,L0001353,BANK-02,7319175,6,1510413,5136926,0,faol
A001634,L0001354,BANK-02,39124140,36,1247863,17435307,15,faol
A001635,L0001355,BANK-04,22022014,36,718229,16821477,0,faol
A001636,L0001356,BANK-09,6802550,18,487772,2253799,0,faol
A001637,L0001357,BANK-06,30798420,60,664334,3825797,0,faol
A001637,L0001358,BANK-09,10294175,12,903839,2440023,15,faol
A001638,L0001359,BANK-04,13669604,60,248196,2248441,0,yopilgan
A001638,L0001360,BANK-04,3428217,24,174772,2372933,0,yopilgan
A001639,L0001361,BANK-12,26130795,6,5276409,16804869,45,faol
A001639,L0001362,BANK-06,5678572,12,606872,4540715,15,faol
A001640,L0001363,BANK-04,16493139,36,536822,7545674,0,faol
A001642,L0001364,BANK-09,7273351,60,131795,2412851,0,yopilgan
A001651,L0001365,BANK-10,5563752,36,199400,1986553,0,faol
A001651,L0001366,BANK-03,12760290,6,2746742,8569206,0,faol
A001652,L0001367,BANK-12,4375478,18,327431,3035790,0,faol
A001652,L0001368,BANK-02,11506963,60,246414,7231814,0,yopilgan
A001653,L0001369,BANK-06,83157234,6,18170860,61688839,15,faol
A001657,L0001370,BANK-09,29248494,60,641089,25196760,45,faol
A001661,L0001371,BANK-10,13344163,24,628362,3892321,95,faol
A001661,L0001372,BANK-09,24919590,36,924552,15484903,0,faol
A001662,L0001373,BANK-05,6355398,24,322908,4711873,0,faol
A001664,L0001374,BANK-11,8411259,6,1604623,6294776,0,faol
A001666,L0001375,BANK-07,15235910,24,723349,4106328,0,faol
A001667,L0001376,BANK-03,9323054,24,422746,7151481,0,faol
A001667,L0001377,BANK-10,26298189,36,978870,14046365,0,faol
A001669,L0001378,BANK-07,8835072,18,532982,1355777,0,faol
A001669,L0001379,BANK-03,8090515,6,1489219,6566742,0,faol
A001671,L0001380,BANK-08,10752518,12,973288,4458381,0,faol
A001671,L0001381,BANK-02,1388978,36,45896,981617,0,faol
A001672,L0001382,BANK-12,32294576,18,2353597,28710383,15,faol
A001674,L0001383,BANK-02,17696053,24,815691,10302962,0,faol
A001676,L0001384,BANK-01,7312981,24,364087,3967820,0,yopilgan
A001677,L0001385,BANK-04,32218919,36,992106,10221555,15,faol
A001677,L0001386,BANK-03,30791368,6,6177071,18329338,0,faol
A001678,L0001387,BANK-05,29929163,36,1092907,18760445,15,faol
A001678,L0001388,BANK-12,11467038,24,565744,6197927,0,faol
A001679,L0001389,BANK-06,4928198,24,273240,1109547,0,faol
A001681,L0001390,BANK-12,5285799,60,101072,4504594,45,faol
A001682,L0001391,BANK-06,10628667,6,2307599,8211747,15,faol
A001682,L0001392,BANK-06,6808218,24,342657,4429916,0,faol
A001683,L0001393,BANK-02,27393434,6,4927242,10781756,0,yopilgan
A001686,L0001394,BANK-10,21655507,36,690546,17887481,45,faol
A001686,L0001395,BANK-05,27606042,60,522895,13613255,0,yopilgan
A001688,L0001396,BANK-07,13894629,24,753947,7482780,0,yopilgan
A001688,L0001397,BANK-12,14126177,6,2863611,7370377,0,faol
A001689,L0001398,BANK-12,12271240,6,2550224,8427915,15,faol
A001692,L0001399,BANK-12,42782579,36,1536307,18203932,95,yopilgan
A001694,L0001400,BANK-09,2041467,36,63195,501922,15,faol
A001694,L0001401,BANK-01,6001823,18,391981,3975289,0,faol
A001697,L0001402,BANK-01,15536385,60,304182,7663199,15,yopilgan
A001698,L0001403,BANK-01,5686418,36,200526,2955347,15,faol
A001698,L0001404,BANK-12,16952467,24,797816,3777207,0,faol
A001700,L0001405,BANK-11,22508804,18,1597302,2456052,0,faol
A001700,L0001406,BANK-11,8645650,60,184900,2228257,0,faol
A001702,L0001407,BANK-04,10453763,24,460990,4032058,0,faol
A001703,L0001408,BANK-07,17857440,36,641091,6163971,0,faol
A001703,L0001409,BANK-11,11965888,24,633344,3939134,0,faol
A001703,L0001410,BANK-12,10425505,12,1090266,8480752,15,faol
A001705,L0001411,BANK-04,18088904,18,1337367,3444613,15,faol
A001707,L0001412,BANK-07,20891278,18,1545057,5736555,0,faol
A001707,L0001413,BANK-07,16465155,36,564770,7154361,0,faol
A001708,L0001414,BANK-12,2685044,12,245436,860768,0,faol
A001709,L0001415,BANK-11,11785807,24,589744,2973736,0,faol
A001710,L0001416,BANK-07,19020558,12,2053526,10675576,15,yopilgan
A001710,L0001417,BANK-02,33070543,6,6456045,3389044,0,faol
A001711,L0001418,BANK-09,8891422,6,1873899,3520776,15,faol
A001711,L0001419,BANK-10,4792720,12,421983,2285504,15,faol
A001712,L0001420,BANK-02,7802017,36,267989,3162462,0,faol
A001715,L0001421,BANK-03,7222407,18,539387,6162390,45,faol
A001716,L0001422,BANK-03,8024839,12,822064,3118353,45,faol
A001716,L0001423,BANK-08,4180843,18,271179,642283,0,faol
A001716,L0001424,BANK-01,10234336,60,208311,9127502,0,yopilgan
A001718,L0001425,BANK-09,10401029,12,968430,4507673,15,yopilgan
A001718,L0001426,BANK-07,10276079,60,210020,1885479,0,yopilgan
A001719,L0001427,BANK-05,5633283,6,1097139,2802124,0,faol
A001724,L0001428,BANK-05,12554341,18,902684,8792321,0,faol
A001727,L0001429,BANK-07,15968896,12,1651892,10713375,0,faol
A001728,L0001430,BANK-06,29482236,6,5452012,18285538,0,faol
A001734,L0001431,BANK-10,10445925,24,462580,3968772,15,yopilgan
A001735,L0001432,BANK-07,18820628,60,382711,11286340,0,yopilgan
A001736,L0001433,BANK-05,22817482,6,4464858,2571734,0,yopilgan
A001736,L0001434,BANK-08,13789944,24,744857,6145182,0,faol
A001737,L0001435,BANK-03,14470865,18,1023178,10385986,0,faol
A001737,L0001436,BANK-10,18442973,18,1089887,10071579,0,yopilgan
A001740,L0001437,BANK-08,9612197,6,1917936,6579361,0,faol
A001744,L0001438,BANK-04,15650760,18,948456,6348196,0,faol
A001745,L0001439,BANK-12,11599897,60,221025,2741974,0,faol
A001750,L0001440,BANK-04,4542356,18,278199,956329,0,faol
A001750,L0001441,BANK-03,5870461,18,426142,3405992,0,faol
A001754,L0001442,BANK-03,18474652,12,1882518,3028321,0,faol
A001754,L0001443,BANK-08,10398697,36,386606,6486871,0,faol
A001754,L0001444,BANK-04,17752534,12,1600338,7697085,0,yopilgan
A001758,L0001445,BANK-07,7735064,24,341476,1134555,0,yopilgan
A001758,L0001446,BANK-06,31382545,12,3179493,17288138,45,yopilgan
A001759,L0001447,BANK-03,5473592,24,271623,578398,0,faol
A001759,L0001448,BANK-09,11223316,24,498035,6534686,0,faol
A001760,L0001449,BANK-05,6599877,18,430734,1251221,15,faol
A001760,L0001450,BANK-05,7114871,24,354288,3152474,0,faol
A001764,L0001451,BANK-02,47531225,12,4188190,19186427,15,faol
A001765,L0001452,BANK-08,22457350,18,1380117,11000644,0,faol
A001765,L0001453,BANK-09,9315322,60,180493,1214965,95,faol
A001765,L0001454,BANK-08,8211014,24,380760,7367427,15,faol
A001766,L0001455,BANK-05,86815418,36,3092341,51750418,15,faol
A001768,L0001456,BANK-06,4197216,6,923918,946343,15,faol
A001770,L0001457,BANK-04,14467006,6,2985677,3831819,45,faol
A001772,L0001458,BANK-04,9802607,60,185859,5362341,15,faol
A001773,L0001459,BANK-02,16960378,12,1694326,10992424,15,faol
A001774,L0001460,BANK-01,7994923,18,468979,6082653,0,faol
A001775,L0001461,BANK-09,17606883,36,618125,7877487,0,faol
A001775,L0001462,BANK-06,8029644,12,820600,6698590,0,faol
A001776,L0001463,BANK-05,18644793,24,954741,12749641,0,faol
A001776,L0001464,BANK-09,12077978,18,764868,2115096,15,faol
A001777,L0001465,BANK-08,34201955,60,662912,12620280,0,faol
A001777,L0001466,BANK-06,27026332,12,2442435,22349018,15,faol
A001780,L0001467,BANK-06,13909711,6,2965493,3139302,15,faol
A001783,L0001468,BANK-10,16993043,60,327276,3170797,0,faol
A001783,L0001469,BANK-05,44647610,6,9725075,31078724,0,faol
A001784,L0001470,BANK-08,9296014,24,495134,2534134,0,faol
A001784,L0001471,BANK-01,7964682,12,723319,1242844,0,faol
A001785,L0001472,BANK-10,58433320,60,1140804,36822400,0,faol
A001785,L0001473,BANK-05,6343263,12,654134,4842609,0,faol
A001786,L0001474,BANK-12,5065479,18,344687,2721717,15,faol
A001787,L0001475,BANK-07,12973874,24,710450,8481330,45,faol
A001789,L0001476,BANK-02,14859750,36,522446,3790462,0,faol
A001789,L0001477,BANK-08,7436303,18,448381,2746354,45,faol
A001790,L0001478,BANK-10,5880765,6,1114255,1427760,15,faol
A001792,L0001479,BANK-10,65414757,24,3499684,43189175,0,faol
A001796,L0001480,BANK-08,11068067,60,236020,1313771,0,yopilgan
A001796,L0001481,BANK-09,32430185,18,2316247,11381691,15,faol
A001799,L0001482,BANK-03,45286081,24,2169097,39903948,15,yopilgan
A001799,L0001483,BANK-05,6083795,6,1069774,2777102,0,faol
A001800,L0001484,BANK-11,24688118,18,1710480,18838769,0,faol
A001800,L0001485,BANK-10,3962340,18,255024,1793396,15,yopilgan
A001800,L0001486,BANK-04,24736040,12,2490211,12637541,0,yopilgan
A001801,L0001487,BANK-05,47153085,36,1700871,25685245,0,faol
A001802,L0001488,BANK-12,13534403,36,426031,6605740,15,faol
A001803,L0001489,BANK-03,5282814,60,112375,1534711,0,faol
A001805,L0001490,BANK-06,48827231,24,2356049,31319082,0,faol
A001805,L0001491,BANK-01,22131536,6,4287903,5597188,15,faol
A001805,L0001492,BANK-06,21416559,60,422581,18635306,0,yopilgan
A001806,L0001493,BANK-01,4930939,12,500208,2802709,0,faol
A001807,L0001494,BANK-04,27463180,12,2593904,24610196,0,faol
A001809,L0001495,BANK-05,26513317,60,548142,11391986,0,yopilgan
A001810,L0001496,BANK-05,9053878,24,420228,4103121,0,faol
A001812,L0001497,BANK-12,3526211,18,238125,2773670,15,yopilgan
A001813,L0001498,BANK-05,27168645,18,1834522,19807658,0,faol
A001813,L0001499,BANK-10,5776536,36,201047,3186436,45,faol
A001813,L0001500,BANK-02,56213870,24,2854137,14809364,0,faol
A001814,L0001501,BANK-06,38732701,60,868661,15629111,0,faol
A001814,L0001502,BANK-08,4417891,36,132208,3393434,0,faol
A001814,L0001503,BANK-06,8383006,60,149535,5647308,0,faol
A001817,L0001504,BANK-10,35550219,36,1255484,8939063,0,faol
A001817,L0001505,BANK-06,16832707,24,826899,13653048,0,faol
A001821,L0001506,BANK-12,993417,6,205480,707203,0,faol
A001821,L0001507,BANK-09,11591980,6,2161766,3837352,0,faol
A001821,L0001508,BANK-12,3884934,18,252113,3414196,0,faol
A001823,L0001509,BANK-04,6660864,36,205519,2429447,0,faol
A001825,L0001510,BANK-01,17616696,12,1883203,3630743,0,faol
A001826,L0001511,BANK-01,9284337,60,197501,4311505,0,faol
A001826,L0001512,BANK-12,8025613,12,758853,1313525,0,yopilgan
A001828,L0001513,BANK-02,6182506,60,121090,2923042,15,faol
A001828,L0001514,BANK-11,7843666,24,352451,6113249,0,faol
A001829,L0001515,BANK-06,5804576,12,517205,2195063,95,faol
A001830,L0001516,BANK-11,9493356,12,895078,2754424,0,yopilgan
A001831,L0001517,BANK-06,7991526,60,160656,6045788,0,faol
A001834,L0001518,BANK-02,24081361,6,4605133,8647380,0,yopilgan
A001834,L0001519,BANK-10,11623440,36,398583,4935201,0,yopilgan
A001834,L0001520,BANK-04,9281514,36,329889,8140390,15,faol
A001835,L0001521,BANK-02,24265158,6,4982933,6955582,0,faol
A001839,L0001522,BANK-07,3493415,36,127865,2401147,0,faol
A001839,L0001523,BANK-10,6573496,24,298785,2404853,0,yopilgan
A001842,L0001524,BANK-11,14513937,18,892196,5674673,15,faol
A001843,L0001525,BANK-01,12808917,24,581332,9972729,0,faol
A001845,L0001526,BANK-03,39280124,24,2146882,29341546,95,faol
A001846,L0001527,BANK-02,4185377,12,407305,1153215,45,faol
A001848,L0001528,BANK-02,3699557,60,73184,1726084,0,faol
A001849,L0001529,BANK-02,40805096,60,916796,12895737,0,faol
A001849,L0001530,BANK-03,21621731,24,962604,17514980,0,faol
A001849,L0001531,BANK-09,11784363,12,1209247,7862948,95,faol
A001850,L0001532,BANK-10,13067596,12,1321647,8194357,15,faol
A001851,L0001533,BANK-11,12978485,18,759627,6159201,0,faol
A001852,L0001534,BANK-02,21494433,18,1304914,8392914,0,faol
A001852,L0001535,BANK-09,9512653,12,957243,3922153,95,yopilgan
A001854,L0001536,BANK-06,81677299,6,14754863,8987641,0,faol
A001854,L0001537,BANK-04,16634688,36,608646,12399393,0,faol
A001855,L0001538,BANK-03,45660260,18,3186929,17469151,0,faol
A001856,L0001539,BANK-11,14165564,18,1058155,8451708,45,faol
A001856,L0001540,BANK-01,6775359,24,362405,5821861,0,faol
A001857,L0001541,BANK-03,8515682,36,278354,3615711,45,faol
A001857,L0001542,BANK-11,11316576,6,2054115,3922073,0,faol
A001858,L0001543,BANK-02,22224447,6,4784688,6873877,95,faol
A001858,L0001544,BANK-10,14829527,18,949567,6679188,0,faol
A001860,L0001545,BANK-02,26026236,24,1204857,16773160,0,faol
A001861,L0001546,BANK-03,23504780,24,1303158,20164592,0,faol
A001861,L0001547,BANK-11,8693019,24,381030,2478139,0,yopilgan
A001862,L0001548,BANK-08,8061620,18,585438,1246683,0,faol
A001863,L0001549,BANK-06,12951167,60,255959,5591200,15,faol
A001863,L0001550,BANK-03,10392512,6,2219095,1512851,0,faol
A001864,L0001551,BANK-09,12077289,60,211734,7937387,15,faol
A001865,L0001552,BANK-08,9912373,24,539604,5170852,45,faol
A001866,L0001553,BANK-02,32424480,6,6104444,22852637,0,faol
A001867,L0001554,BANK-05,21549503,60,423397,14079970,15,faol
A001867,L0001555,BANK-07,18511151,60,389120,2435128,0,faol
A001869,L0001556,BANK-06,27249078,12,3018702,16238521,45,faol
A001873,L0001557,BANK-11,4976168,24,256029,4126579,0,faol
A001873,L0001558,BANK-01,6217042,60,136658,4084649,0,faol
A001880,L0001559,BANK-11,8774085,12,902553,7883550,15,faol
A001881,L0001560,BANK-04,8767172,36,273290,7129278,15,faol
A001882,L0001561,BANK-08,4904987,24,268993,1098172,0,faol
A001883,L0001562,BANK-11,17432006,60,316602,14071855,0,faol
A001883,L0001563,BANK-04,5705835,6,1257913,621613,0,faol
A001883,L0001564,BANK-06,5779352,18,427813,1282560,0,faol
A001887,L0001565,BANK-09,13128235,24,615628,11172599,0,yopilgan
A001890,L0001566,BANK-04,1971705,12,191352,1627895,0,faol
A001895,L0001567,BANK-01,5207487,36,156098,3938291,0,faol
A001895,L0001568,BANK-11,49964702,60,938643,32744810,0,faol
A001896,L0001569,BANK-04,10068036,60,208070,5680827,0,faol
A001896,L0001570,BANK-01,10290512,6,2296242,9155102,0,faol
A001898,L0001571,BANK-09,4859909,6,982109,4151688,15,faol
A001898,L0001572,BANK-05,18356073,12,1821275,5931880,0,yopilgan
A001899,L0001573,BANK-01,65141025,36,2236271,41754292,0,faol
A001899,L0001574,BANK-08,11422542,60,215766,7409012,15,faol
A001900,L0001575,BANK-06,17181429,18,1255087,9441812,0,yopilgan
A001900,L0001576,BANK-03,14311790,12,1408619,9747316,0,faol
A001901,L0001577,BANK-01,29666643,6,5863783,20034294,15,yopilgan
A001902,L0001578,BANK-05,17346379,60,376949,6548315,45,faol
A001902,L0001579,BANK-02,5541108,60,105217,3593775,0,faol
A001905,L0001580,BANK-07,25514242,24,1245950,16583545,0,faol
A001906,L0001581,BANK-06,18644251,6,3525299,3792276,0,faol
A001908,L0001582,BANK-02,10553021,24,484122,5411383,0,faol
A001908,L0001583,BANK-10,4776659,18,305672,3529114,45,faol
A001908,L0001584,BANK-10,13283603,36,402973,11887073,0,faol
A001910,L0001585,BANK-06,6370259,24,341041,2823526,0,faol
A001911,L0001586,BANK-11,30645572,6,6111843,4490632,0,yopilgan
A001911,L0001587,BANK-09,12226155,6,2603751,7264630,15,yopilgan
A001913,L0001588,BANK-10,34528307,12,3742544,3876404,0,yopilgan
A001914,L0001589,BANK-10,2901009,36,95151,829718,0,faol
A001915,L0001590,BANK-09,5117031,60,96156,1300665,0,yopilgan
A001917,L0001591,BANK-10,7628573,6,1684136,5110325,0,yopilgan
A001917,L0001592,BANK-10,6377292,18,476014,3431310,0,faol
A001917,L0001593,BANK-11,34386648,36,1068624,15203212,0,faol
A001918,L0001594,BANK-06,10301409,60,218659,7436830,0,faol
A001919,L0001595,BANK-02,9332564,36,308967,4182931,0,faol
A001920,L0001596,BANK-09,12855080,60,261556,2018577,0,faol
A001920,L0001597,BANK-04,13444642,6,2862570,8141059,0,faol
A001922,L0001598,BANK-02,6278061,18,380564,963316,0,faol
A001922,L0001599,BANK-05,10993692,60,223903,8051200,15,faol
A001924,L0001600,BANK-02,6576707,60,124544,4889571,15,yopilgan
A001925,L0001601,BANK-06,10893873,6,2163874,2007782,0,faol
A001925,L0001602,BANK-05,4524223,12,467301,3906626,0,yopilgan
A001925,L0001603,BANK-07,14495355,24,800486,8245008,0,faol
A001926,L0001604,BANK-06,9466789,18,587815,2243491,15,yopilgan
A001929,L0001605,BANK-12,10712946,12,1028106,3357372,0,faol
A001929,L0001606,BANK-04,4010231,18,293564,2715743,0,faol
A001930,L0001607,BANK-02,6436156,60,134097,3336292,0,yopilgan
A001930,L0001608,BANK-12,10119336,6,1998951,2712525,0,yopilgan
A001930,L0001609,BANK-10,7982139,12,850624,2368488,0,faol
A001931,L0001610,BANK-02,21646729,36,674245,8886729,0,faol
A001934,L0001611,BANK-03,10867241,6,2172601,2487817,0,faol
A001935,L0001612,BANK-01,7155291,24,337454,4039906,0,faol
A001937,L0001613,BANK-08,12764887,60,244196,2927420,95,faol
A001940,L0001614,BANK-09,12956571,60,252394,10788533,0,faol
A001942,L0001615,BANK-06,8131911,60,176983,1065341,15,faol
A001943,L0001616,BANK-05,27147315,36,831052,14504848,0,faol
A001943,L0001617,BANK-10,12814741,6,2483813,8549300,15,yopilgan
A001945,L0001618,BANK-12,6532216,12,634552,3625218,0,yopilgan
A001945,L0001619,BANK-04,13591239,36,475009,10134990,15,faol
A001946,L0001620,BANK-08,1545008,60,29390,658297,15,faol
A001946,L0001621,BANK-03,4284021,18,270162,2793463,15,faol
A001947,L0001622,BANK-11,18206264,12,1727139,13008069,0,faol
A001947,L0001623,BANK-05,5507446,12,519881,2566751,0,faol
A001947,L0001624,BANK-12,45251581,6,8847857,8023043,0,faol
A001949,L0001625,BANK-04,7523390,12,844603,1110009,0,yopilgan
A001950,L0001626,BANK-09,12744171,36,458012,2480275,0,faol
A001951,L0001627,BANK-11,29643553,18,1817132,19956245,0,faol
A001953,L0001628,BANK-04,11386261,60,210985,4414950,0,faol
A001953,L0001629,BANK-10,31916796,6,6985635,4262509,0,faol
A001955,L0001630,BANK-06,11202474,24,567515,4305525,15,yopilgan
A001956,L0001631,BANK-02,9615421,6,1990607,6690475,15,faol
A001958,L0001632,BANK-11,13268780,12,1429185,5724363,15,faol
A001959,L0001633,BANK-03,64435723,60,1419243,49593356,45,faol
A001960,L0001634,BANK-12,5925053,6,1192171,3082886,15,faol
A001961,L0001635,BANK-10,20509762,6,3918012,12956230,95,faol
A001962,L0001636,BANK-09,11460355,12,1055360,2546664,0,faol
A001962,L0001637,BANK-12,30590790,60,559509,27168814,0,faol
A001963,L0001638,BANK-08,5877343,6,1268431,1485765,15,yopilgan
A001963,L0001639,BANK-12,32653954,6,7028306,24156690,0,faol
A001965,L0001640,BANK-08,19721009,18,1218092,4530226,15,yopilgan
A001965,L0001641,BANK-05,7011522,24,318467,2665013,45,faol
A001965,L0001642,BANK-12,18850054,36,566019,14076592,0,faol
A001967,L0001643,BANK-02,111907609,12,10105877,86181965,15,faol
A001967,L0001644,BANK-07,12089882,18,710294,9873599,0,faol
A001973,L0001645,BANK-09,5106711,36,169671,3867966,0,faol
A001977,L0001646,BANK-03,14000926,6,3143285,7425197,0,faol
A001977,L0001647,BANK-03,8232242,60,146561,2901523,15,faol
A001978,L0001648,BANK-11,24816134,6,4455847,15772697,0,yopilgan
A001979,L0001649,BANK-01,17154217,18,1156681,14671604,0,faol
A001980,L0001650,BANK-12,12323107,36,427276,5302237,95,faol
A001980,L0001651,BANK-12,7093158,6,1571517,879802,45,yopilgan
A001981,L0001652,BANK-04,13809518,6,2521752,5250487,0,faol
A001985,L0001653,BANK-04,4517436,12,419927,1419275,0,faol
A001986,L0001654,BANK-05,8224459,60,171478,1382811,45,faol
A001987,L0001655,BANK-08,10772061,12,1178274,7522121,45,faol
A001987,L0001656,BANK-06,39435060,24,2033165,29782834,15,faol
A001988,L0001657,BANK-02,6557621,24,335541,864637,15,faol
A001988,L0001658,BANK-12,27948653,6,5138664,14689963,0,faol
A001989,L0001659,BANK-08,20654197,6,4010145,8534323,45,faol
A001989,L0001660,BANK-07,8498197,6,1762744,3736787,0,faol
A001991,L0001661,BANK-09,39424502,24,2040768,6337102,0,yopilgan
A001991,L0001662,BANK-07,10535211,24,474356,2620034,0,faol
A001991,L0001663,BANK-06,5557412,36,182574,1447465,45,faol
A001992,L0001664,BANK-08,8439750,12,940291,1000097,15,yopilgan
A001992,L0001665,BANK-08,5211175,6,921545,1882707,45,faol
A001995,L0001666,BANK-06,4875437,18,362668,491420,45,faol
A001995,L0001667,BANK-09,14229270,36,480220,2212456,0,faol
A001996,L0001668,BANK-01,15352079,60,330785,13723528,0,yopilgan
A001996,L0001669,BANK-05,19771628,12,2132388,6644171,0,faol
A002003,L0001670,BANK-11,14594321,6,3277945,8136680,0,faol
A002003,L0001671,BANK-04,18677423,12,1892936,6365846,0,faol
A002003,L0001672,BANK-06,18423958,12,1972147,2186968,0,faol
A002004,L0001673,BANK-08,2319134,18,141397,1106497,0,faol
A002004,L0001674,BANK-07,11562930,6,2217583,1327118,0,yopilgan
A002004,L0001675,BANK-08,13082236,12,1346519,4127072,0,faol
A002005,L0001676,BANK-11,7357220,24,328712,3619232,0,yopilgan
A002005,L0001677,BANK-11,18943260,60,414938,8963925,0,faol
A002005,L0001678,BANK-01,12366338,24,692785,8522216,0,faol
A002007,L0001679,BANK-07,26191758,6,5852439,18836114,0,faol
A002008,L0001680,BANK-12,8222843,60,183165,1058461,0,faol
A002009,L0001681,BANK-07,4164804,36,153043,3387466,0,faol
A002010,L0001682,BANK-01,18467203,36,649322,11198368,15,yopilgan
A002011,L0001683,BANK-01,16081281,6,2904445,4149902,0,faol
A002012,L0001684,BANK-09,10260193,60,210623,7134788,15,faol
A002012,L0001685,BANK-06,27176267,24,1472856,11814582,0,faol
A002014,L0001686,BANK-06,2407151,36,82396,1369068,0,faol
A002015,L0001687,BANK-02,4936918,36,152111,1381276,15,faol
A002017,L0001688,BANK-08,11449646,60,210693,10190355,0,faol
A002017,L0001689,BANK-02,8383367,36,257222,5430000,0,yopilgan
A002019,L0001690,BANK-03,23432183,6,5167810,15258669,0,faol
A002020,L0001691,BANK-01,2693768,24,143397,1524894,0,faol
A002021,L0001692,BANK-01,3959232,60,77297,1030026,95,faol
A002021,L0001693,BANK-10,22820656,12,2136080,3791319,15,faol
A002022,L0001694,BANK-07,14726629,36,448305,12759215,0,faol
A002022,L0001695,BANK-01,11591252,60,223194,5919266,15,faol
A002023,L0001696,BANK-04,135453732,36,4577976,51295469,0,faol
A002025,L0001697,BANK-01,18012018,24,830637,8367596,0,yopilgan
A002026,L0001698,BANK-04,3306513,12,325000,2647152,45,faol
A002026,L0001699,BANK-02,19850429,36,670752,12437936,0,faol
A002028,L0001700,BANK-11,11661757,6,2291284,4070168,0,faol
A002029,L0001701,BANK-11,3994980,18,253448,948495,0,faol
A002029,L0001702,BANK-02,12149909,6,2698908,5479454,45,faol
A002031,L0001703,BANK-03,19285379,12,1833544,5341476,0,faol
A002031,L0001704,BANK-05,6179264,60,127477,901066,0,faol
A002032,L0001705,BANK-11,11676875,6,2431546,2587487,0,faol
A002032,L0001706,BANK-08,48690965,24,2651800,38462385,0,faol
A002032,L0001707,BANK-01,19105839,60,426798,6265188,95,faol
A002033,L0001708,BANK-08,27073374,12,2851977,8579801,0,faol
A002033,L0001709,BANK-08,5267678,6,1120369,1520035,0,faol
A002037,L0001710,BANK-09,9923491,6,1863992,5607080,0,faol
A002038,L0001711,BANK-06,10931018,18,686593,1707809,0,faol
A002039,L0001712,BANK-01,5259069,36,170051,4550609,0,faol
A002043,L0001713,BANK-02,7262093,60,154994,5335680,0,faol
A002048,L0001714,BANK-10,10298666,6,2231962,1177601,0,faol
A002050,L0001715,BANK-02,39455085,12,3701413,11026339,0,faol
A002051,L0001716,BANK-03,15749078,18,1023716,11522787,0,faol
A002051,L0001717,BANK-11,28495157,6,6215918,19689073,0,faol
A002052,L0001718,BANK-05,6655816,60,135015,3466583,0,yopilgan
A002053,L0001719,BANK-07,77374586,60,1473207,9881870,15,faol
A002053,L0001720,BANK-05,5217382,12,579883,3981073,0,faol
A002054,L0001721,BANK-09,4690048,24,227532,1512223,0,yopilgan
A002054,L0001722,BANK-03,22031940,24,1233258,7107598,0,faol
A002056,L0001723,BANK-09,16527390,36,535355,14158154,0,faol
A002057,L0001724,BANK-06,13150702,12,1163520,9207168,0,faol
A002057,L0001725,BANK-08,12635431,24,685720,5771818,0,faol
A002057,L0001726,BANK-11,25558980,18,1771472,13129371,0,faol
A002058,L0001727,BANK-06,6969089,18,418735,2215523,0,faol
A002058,L0001728,BANK-06,15668668,60,308506,5513374,45,yopilgan
A002063,L0001729,BANK-03,11444428,24,616972,6633844,0,faol
A002063,L0001730,BANK-06,2232929,60,46643,1044566,0,faol
A002064,L0001731,BANK-11,7278638,18,474768,4886285,0,faol
A002065,L0001732,BANK-12,18351944,36,597493,2347562,15,faol
A002067,L0001733,BANK-12,12029465,6,2663093,1912660,45,faol
A002068,L0001734,BANK-04,16121413,36,499742,10213043,0,faol
A002070,L0001735,BANK-09,56145269,6,10610671,13083154,0,faol
A002071,L0001736,BANK-07,11766113,12,1250217,6053259,0,yopilgan
A002072,L0001737,BANK-08,17084361,24,819116,3763575,0,faol
A002075,L0001738,BANK-01,1675620,12,182848,751951,0,faol
A002076,L0001739,BANK-07,39071221,12,4318876,22641479,0,faol
A002077,L0001740,BANK-03,5902031,60,108194,774564,0,faol
A002079,L0001741,BANK-10,40323309,6,8404729,18273901,0,faol
A002081,L0001742,BANK-12,5008343,60,105449,609299,0,yopilgan
A002083,L0001743,BANK-07,11264274,36,348995,1514982,45,faol
A002084,L0001744,BANK-11,11690669,18,739966,5014081,0,faol
A002086,L0001745,BANK-12,10207987,18,607456,4847301,0,faol
A002086,L0001746,BANK-03,5310348,60,115849,4355006,0,faol
A002087,L0001747,BANK-09,14073656,24,702171,10858003,15,faol
A002089,L0001748,BANK-11,20660046,18,1530956,9476086,0,faol
A002089,L0001749,BANK-12,50173097,18,3144472,31013980,0,faol
A002090,L0001750,BANK-04,3530284,18,219015,630416,15,yopilgan
A002092,L0001751,BANK-08,10633049,12,1101036,7129253,0,faol
A002093,L0001752,BANK-11,11959055,60,263112,6275162,0,faol
A002098,L0001753,BANK-01,6636038,18,466914,4067391,45,faol
A002098,L0001754,BANK-11,15140493,18,1036441,9910907,0,faol
A002098,L0001755,BANK-06,6007012,18,364812,3024935,95,faol
A002100,L0001756,BANK-02,19824566,6,4376216,17786534,0,faol
A002100,L0001757,BANK-09,9791846,60,175443,4406596,0,faol
A002102,L0001758,BANK-10,16514595,6,3628523,6536190,0,yopilgan
A002103,L0001759,BANK-04,22134906,6,4506049,16621088,15,faol
A002103,L0001760,BANK-05,65906405,12,7026448,56346422,0,faol
A002106,L0001761,BANK-01,9061740,18,577577,2422177,0,faol
A002106,L0001762,BANK-03,7190372,12,772038,4464291,15,faol
A002106,L0001763,BANK-03,25760504,24,1371127,12790303,0,faol
A002109,L0001764,BANK-04,35342642,24,1806913,11644697,0,faol
A002110,L0001765,BANK-01,9154936,24,499001,6646652,0,faol
A002113,L0001766,BANK-09,13722119,60,292356,10839276,45,faol
A002114,L0001767,BANK-04,12307824,18,779682,1826936,15,faol
A002114,L0001768,BANK-12,34660230,18,2190084,11244836,0,faol
A002114,L0001769,BANK-02,4738825,24,222588,2679592,0,faol
A002116,L0001770,BANK-11,12638838,12,1206288,3147191,15,faol
A002116,L0001771,BANK-08,10121929,12,1015502,2189843,0,faol
A002116,L0001772,BANK-04,17574339,36,611716,14765435,15,faol
A002119,L0001773,BANK-03,15801621,18,1065204,6351665,95,faol
A002120,L0001774,BANK-12,2981148,60,55251,1329353,0,faol
A002122,L0001775,BANK-01,10951824,6,2156202,7915842,0,yopilgan
A002124,L0001776,BANK-01,8362490,36,302722,5563754,45,faol
A002127,L0001777,BANK-07,6801936,60,119574,3766819,0,faol
A002127,L0001778,BANK-11,6267095,36,215079,691125,95,faol
A002128,L0001779,BANK-08,21264635,60,455520,7288547,0,faol
A002128,L0001780,BANK-10,14422464,18,992201,7249696,0,faol
A002129,L0001781,BANK-04,31006021,6,5847316,25383939,0,faol
A002129,L0001782,BANK-10,9823087,6,2024975,2631981,0,faol
A002129,L0001783,BANK-04,9650303,18,687765,3833896,0,yopilgan
A002130,L0001784,BANK-10,16512120,12,1824596,4419284,45,yopilgan
A002131,L0001785,BANK-07,24202874,60,532339,14487721,0,faol
A002134,L0001786,BANK-11,8026952,24,355474,3213442,0,faol
A002134,L0001787,BANK-05,16170163,60,291785,2755341,0,faol
A002139,L0001788,BANK-05,7931694,6,1485106,5224360,0,faol
A002139,L0001789,BANK-01,3920278,18,284754,856764,0,faol
A002140,L0001790,BANK-10,5553445,36,196657,1391551,0,faol
A002140,L0001791,BANK-05,37583035,60,672777,33127018,0,yopilgan
A002141,L0001792,BANK-07,72253141,12,7666509,34815941,0,yopilgan
A002141,L0001793,BANK-04,30207911,6,6502426,6113819,0,faol
A002147,L0001794,BANK-03,11083555,6,2307920,5569602,0,faol
A002150,L0001795,BANK-10,12711222,36,476355,3619218,0,faol
A002151,L0001796,BANK-11,10333364,18,766516,9241764,45,faol
A002151,L0001797,BANK-07,12393946,18,808942,2160974,0,faol
A002151,L0001798,BANK-12,2953035,60,56073,655918,0,faol
A002152,L0001799,BANK-01,3936195,60,87242,3032396,45,faol
A002152,L0001800,BANK-09,14646951,6,2845405,8498758,15,faol
A002156,L0001801,BANK-09,10630894,24,541866,3446178,0,faol
A002157,L0001802,BANK-10,29722424,36,918290,8925966,0,faol
A002157,L0001803,BANK-04,27027432,60,495724,20793286,0,yopilgan
A002158,L0001804,BANK-05,5680580,24,287002,4450949,15,yopilgan
A002161,L0001805,BANK-01,7344324,6,1619064,2670866,15,faol
A002162,L0001806,BANK-05,10247800,12,918291,6698768,0,yopilgan
A002165,L0001807,BANK-04,8549550,6,1805059,2422335,95,faol
A002171,L0001808,BANK-06,1990705,60,36699,728866,15,faol
A002171,L0001809,BANK-03,25477595,12,2518303,17207359,15,faol
A002171,L0001810,BANK-11,22954843,18,1465923,14891155,15,faol
A002172,L0001811,BANK-11,10439123,60,202629,8300909,0,faol
A002173,L0001812,BANK-10,12215723,18,914370,2584997,0,faol
A002174,L0001813,BANK-03,5473904,12,557588,592441,45,faol
A002174,L0001814,BANK-05,34637059,12,3567445,4840636,95,faol
A002176,L0001815,BANK-05,23480908,36,780291,6672610,0,faol
A002179,L0001816,BANK-09,2338368,60,41655,1520914,0,yopilgan
A002179,L0001817,BANK-11,31612742,6,6077846,15316379,0,faol
A002179,L0001818,BANK-02,10689006,6,2254130,7955989,0,yopilgan
A002183,L0001819,BANK-02,31890444,6,6939865,9060721,95,yopilgan
A002185,L0001820,BANK-11,13221778,12,1270846,3002278,0,yopilgan
A002186,L0001821,BANK-08,1343758,6,284511,434145,45,yopilgan
A002189,L0001822,BANK-11,31970214,36,941008,26174174,0,faol
A002190,L0001823,BANK-06,3940468,18,289005,1480873,0,faol
A002190,L0001824,BANK-11,3019457,36,98350,717942,0,faol
A002192,L0001825,BANK-07,25852728,6,4967984,21030589,45,faol
A002193,L0001826,BANK-09,7049064,24,324881,4168300,0,yopilgan
A002195,L0001827,BANK-03,13338816,24,709302,4592467,0,yopilgan
A002195,L0001828,BANK-01,7562049,36,226295,2405882,0,yopilgan
A002197,L0001829,BANK-01,38433585,6,7104640,23512801,45,faol
A002198,L0001830,BANK-02,8896734,60,156863,6494344,15,yopilgan
A002200,L0001831,BANK-08,8128335,60,172816,2633473,0,faol
A002201,L0001832,BANK-08,17250522,36,598837,7794164,45,yopilgan
A002201,L0001833,BANK-05,18541113,18,1233031,14446012,0,faol
A002203,L0001834,BANK-11,14110604,18,1044128,6072718,0,faol
A002203,L0001835,BANK-01,9823320,6,2084946,5675762,0,faol
A002206,L0001836,BANK-06,8620279,60,172593,3008477,0,faol
A002206,L0001837,BANK-10,14354412,6,2803993,12909164,0,faol
A002206,L0001838,BANK-01,35674944,12,3803558,7025892,0,faol
A002208,L0001839,BANK-10,22905603,18,1693262,14323166,0,faol
A002210,L0001840,BANK-01,11220415,18,684857,1942780,15,yopilgan
A002210,L0001841,BANK-02,24746917,36,739058,16489507,0,faol
A002210,L0001842,BANK-07,29755887,36,1029242,5002707,0,faol
A002211,L0001843,BANK-06,11855826,12,1238594,5780345,0,yopilgan
A002211,L0001844,BANK-02,18791396,36,622578,6492457,15,faol
A002214,L0001845,BANK-01,13313484,24,618328,9583700,0,faol
A002214,L0001846,BANK-02,4408190,18,317434,2810943,95,yopilgan
A002217,L0001847,BANK-06,13256944,24,658889,1617241,45,faol
A002219,L0001848,BANK-06,5709964,12,535226,3864038,0,faol
A002220,L0001849,BANK-07,12903863,24,570126,1833179,45,faol
A002220,L0001850,BANK-06,14314664,18,934340,1921283,15,faol
A002221,L0001851,BANK-02,28166535,60,622290,3333855,0,faol
A002222,L0001852,BANK-02,23840897,36,720882,12652482,0,yopilgan
A002223,L0001853,BANK-08,4104750,6,903786,1871483,0,faol
A002223,L0001854,BANK-09,8325265,6,1841095,2660432,0,faol
A002224,L0001855,BANK-09,8527431,24,410729,4097994,0,yopilgan
A002225,L0001856,BANK-03,13380924,18,931468,3425512,0,faol
A002226,L0001857,BANK-05,10017796,60,202765,8373849,0,yopilgan
A002228,L0001858,BANK-11,4488911,36,148007,1189047,0,faol
A002228,L0001859,BANK-06,27969465,12,2700326,10796142,0,faol
A002229,L0001860,BANK-09,16231388,36,599301,10703838,0,faol
A002230,L0001861,BANK-01,11001343,18,818368,5117711,0,yopilgan
A002232,L0001862,BANK-07,43387153,60,782090,24222090,0,faol
A002234,L0001863,BANK-02,19075852,24,1065314,16091301,0,faol
A002234,L0001864,BANK-10,16328128,12,1814821,5921349,45,faol
A002238,L0001865,BANK-02,16202527,12,1764291,11141824,15,faol
A002239,L0001866,BANK-03,1862771,60,38392,1469740,45,faol
A002239,L0001867,BANK-05,13965273,36,444663,8093553,0,faol
A002243,L0001868,BANK-03,8437264,36,251626,7563541,0,faol
A002244,L0001869,BANK-10,12132777,18,873392,3124499,0,yopilgan
A002244,L0001870,BANK-10,6683059,6,1225865,1945567,0,faol
A002245,L0001871,BANK-02,4975773,6,1015341,2398833,0,faol
A002246,L0001872,BANK-02,24500122,6,4310072,17237224,15,faol
A002246,L0001873,BANK-12,22553061,6,4034606,14232298,0,faol
A002247,L0001874,BANK-01,5253060,24,237864,2661172,0,faol
A002247,L0001875,BANK-10,12390686,12,1327319,9326441,0,faol
A002249,L0001876,BANK-12,5083514,18,342032,3539628,0,faol
A002251,L0001877,BANK-07,8933366,24,429930,3249557,0,faol
A002251,L0001878,BANK-03,20710249,36,733585,11958999,0,faol
A002251,L0001879,BANK-11,9976525,36,302684,1361093,0,faol
A002252,L0001880,BANK-01,4018433,60,81411,1299385,0,yopilgan
A002253,L0001881,BANK-06,8805877,36,302218,3055583,15,faol
A002253,L0001882,BANK-04,10698327,18,759185,7709984,15,yopilgan
A002254,L0001883,BANK-07,10349028,24,514707,4313114,0,faol
A002254,L0001884,BANK-10,13163745,60,243909,10421647,0,faol
A002257,L0001885,BANK-06,12026058,6,2581527,2161903,45,faol
A002257,L0001886,BANK-06,39891755,60,862653,4371794,0,faol
A002258,L0001887,BANK-01,8243735,24,367946,3429914,0,yopilgan
A002260,L0001888,BANK-05,22909314,6,4401606,10493024,15,faol
A002261,L0001889,BANK-10,8385041,18,551108,6330280,95,faol
A002262,L0001890,BANK-10,11025652,18,692380,5869053,0,faol
A002265,L0001891,BANK-05,51479370,60,1096810,40995759,0,faol
A002265,L0001892,BANK-12,1837694,24,80440,1253702,15,faol
A002266,L0001893,BANK-12,21981961,18,1375570,14461766,0,faol
A002267,L0001894,BANK-03,13285784,24,672496,3525859,0,faol
A002267,L0001895,BANK-03,21136608,36,741966,15519716,15,faol
A002269,L0001896,BANK-11,3265404,24,159954,2584860,0,faol
A002269,L0001897,BANK-08,19113836,36,559427,5028114,0,faol
A002270,L0001898,BANK-09,24538694,60,503216,8417964,0,faol
A002270,L0001899,BANK-06,17632536,6,3754862,9963608,0,faol
A002273,L0001900,BANK-03,25029062,36,860129,14874560,0,faol
A002274,L0001901,BANK-07,14207563,18,952739,10922046,0,faol
A002275,L0001902,BANK-06,33206835,24,1828510,6652726,15,faol
A002276,L0001903,BANK-03,8546621,36,251811,4448191,0,faol
A002276,L0001904,BANK-10,12058469,60,213720,4242562,0,faol
A002278,L0001905,BANK-11,20029248,12,1868988,16228968,0,faol
A002281,L0001906,BANK-01,2600664,6,579595,2307614,0,faol
A002283,L0001907,BANK-01,42392672,24,2301189,18447050,0,faol
A002285,L0001908,BANK-03,23854583,36,799562,8319668,0,faol
A002286,L0001909,BANK-06,26920658,24,1381179,6159096,45,faol
A002286,L0001910,BANK-07,5119718,36,173184,3694963,0,faol
A002286,L0001911,BANK-12,17020285,60,314786,5773238,0,faol
A002287,L0001912,BANK-11,21474190,36,717216,3737919,0,faol
A002289,L0001913,BANK-04,2585754,18,156102,1289194,0,yopilgan
A002291,L0001914,BANK-11,4142522,18,258308,3127979,0,faol
A002293,L0001915,BANK-03,12927891,36,393436,3888182,15,faol
A002295,L0001916,BANK-02,18250761,18,1360803,1891344,0,faol
A002299,L0001917,BANK-09,16443305,36,498253,2376949,95,faol
A002300,L0001918,BANK-08,4269498,60,94365,2826003,0,faol
A002300,L0001919,BANK-01,8714077,36,276747,2869898,0,faol
A002302,L0001920,BANK-12,6364199,18,420755,3045688,0,faol
A002303,L0001921,BANK-05,3159368,18,209316,712933,0,yopilgan
A002303,L0001922,BANK-11,29137154,12,3077984,15433448,45,faol
A002304,L0001923,BANK-05,28495171,60,596187,9069606,0,faol
A002306,L0001924,BANK-08,18216003,6,3948502,16130521,0,faol
A002306,L0001925,BANK-07,32167704,60,564353,3445226,45,faol
A002307,L0001926,BANK-03,22857924,12,2186631,15161646,0,faol
A002307,L0001927,BANK-05,57361108,18,3911253,16771469,0,faol
A002308,L0001928,BANK-11,33806724,60,622886,16341209,0,faol
A002308,L0001929,BANK-08,21211722,36,691753,15188351,95,faol
A002311,L0001930,BANK-08,12564879,6,2580351,1578006,0,faol
A002311,L0001931,BANK-09,13766746,36,482841,3110456,0,faol
A002312,L0001932,BANK-06,10195192,12,1023326,5542294,15,faol
A002312,L0001933,BANK-04,1626969,6,362275,629313,45,faol
A002313,L0001934,BANK-08,2992845,60,58093,2053518,15,faol
A002313,L0001935,BANK-01,24159033,6,4438536,10448669,0,faol
A002317,L0001936,BANK-02,9673185,12,997453,4595041,0,yopilgan
A002318,L0001937,BANK-09,51762816,60,1131279,26228677,0,faol
A002321,L0001938,BANK-10,19683226,60,435075,7135178,0,yopilgan
A002322,L0001939,BANK-04,12303924,6,2179590,8723486,0,faol
A002325,L0001940,BANK-07,3983629,24,201501,2143117,45,faol
A002326,L0001941,BANK-03,5750280,36,175321,2871822,95,faol
A002328,L0001942,BANK-10,9484616,18,615592,5046676,45,faol
A002328,L0001943,BANK-04,4927689,60,92175,1325637,95,faol
A002331,L0001944,BANK-10,16004149,60,298484,10126047,0,faol
A002332,L0001945,BANK-11,17913788,12,1571880,11480373,0,faol
A002332,L0001946,BANK-08,15772572,6,3393580,4207478,0,yopilgan
A002333,L0001947,BANK-03,19668568,36,664747,13595865,0,faol
A002335,L0001948,BANK-08,69357514,36,2154618,38389467,0,faol
A002336,L0001949,BANK-07,12715816,36,404334,10600273,0,faol
A002337,L0001950,BANK-12,10197746,24,527913,7687996,0,faol
A002338,L0001951,BANK-10,8583512,36,273105,3984369,15,faol
A002340,L0001952,BANK-12,18254386,60,380005,6955486,0,faol
A002340,L0001953,BANK-08,10694464,6,1915286,4745114,15,faol
A002340,L0001954,BANK-01,2527954,18,157969,540131,0,yopilgan
A002345,L0001955,BANK-03,11371266,12,1099509,9987510,0,faol
A002346,L0001956,BANK-05,24925672,24,1247688,20513474,0,faol
A002348,L0001957,BANK-06,24261212,36,900925,8622191,0,faol
A002353,L0001958,BANK-07,12244487,6,2602400,3061560,0,faol
A002354,L0001959,BANK-12,4642374,24,250307,1117906,15,faol
A002355,L0001960,BANK-05,4463177,24,235436,1763289,15,faol
A002356,L0001961,BANK-02,15019801,12,1480805,6266440,0,faol
A002356,L0001962,BANK-10,7257345,18,481078,2365521,0,faol
A002360,L0001963,BANK-10,11731987,6,2088223,1870341,0,faol
A002361,L0001964,BANK-07,26085228,36,842224,8377163,0,faol
A002363,L0001965,BANK-10,28410047,24,1451097,24352243,0,faol
A002363,L0001966,BANK-03,7984744,12,867780,4950602,0,faol
A002363,L0001967,BANK-11,4249107,24,228293,2956389,0,faol
A002369,L0001968,BANK-03,18034977,12,1895311,1838029,0,yopilgan
A002369,L0001969,BANK-01,2037343,18,127031,480490,0,faol
A002370,L0001970,BANK-02,5069258,36,151992,2877028,95,faol
A002371,L0001971,BANK-11,4424244,36,162812,2843245,0,faol
A002371,L0001972,BANK-03,6936362,24,350028,4464925,0,faol
A002372,L0001973,BANK-07,33435593,60,750924,18327279,0,faol
A002374,L0001974,BANK-04,11621007,24,532153,4619870,0,faol
A002374,L0001975,BANK-10,74004321,12,7457735,65382091,45,faol
A002375,L0001976,BANK-03,32374317,6,6863078,27282378,15,faol
A002376,L0001977,BANK-02,32443384,24,1434162,27513995,0,yopilgan
A002381,L0001978,BANK-01,9891102,36,315737,3399329,0,faol
A002383,L0001979,BANK-10,26935931,18,1836591,14388620,15,faol
A002384,L0001980,BANK-02,6468202,36,225318,2694923,0,faol
A002384,L0001981,BANK-07,24950823,18,1626440,19936401,0,faol
A002384,L0001982,BANK-02,3103882,24,172305,1769477,0,faol
A002388,L0001983,BANK-12,12399207,12,1198482,8145751,0,faol
A002390,L0001984,BANK-12,7189338,36,263475,2105786,0,yopilgan
A002391,L0001985,BANK-11,12677725,60,274387,2999416,15,faol
A002398,L0001986,BANK-07,13952891,6,2558154,6281826,0,yopilgan
A002400,L0001987,BANK-05,5135380,12,518102,3428938,95,faol
A002402,L0001988,BANK-10,7956355,6,1665742,1644071,15,faol
A002403,L0001989,BANK-11,16364355,24,731754,1644070,95,faol
A002404,L0001990,BANK-09,11983691,60,227366,7597636,0,faol
A002407,L0001991,BANK-04,18961941,36,664062,2537933,0,faol
A002407,L0001992,BANK-10,13054832,36,422816,6300515,0,yopilgan
A002407,L0001993,BANK-08,9610157,18,714947,6381116,0,faol
A002408,L0001994,BANK-03,3831108,12,373151,2984854,15,faol
A002410,L0001995,BANK-09,2002533,24,93134,841905,0,faol
A002411,L0001996,BANK-03,15468133,60,335936,10465036,0,faol
A002411,L0001997,BANK-10,30482953,36,1061671,20547906,0,faol
A002413,L0001998,BANK-07,33803270,18,2171327,24588315,0,faol
A002413,L0001999,BANK-05,30168787,18,2061439,11632076,0,faol
A002415,L0002000,BANK-07,19078706,24,1009979,11460834,0,faol
A002415,L0002001,BANK-11,7511717,6,1426522,5111519,0,faol
A002416,L0002002,BANK-10,2360650,36,81618,2003697,15,faol
A002416,L0002003,BANK-02,23505053,60,525172,19938558,15,faol
A002417,L0002004,BANK-02,13392151,36,392518,3429290,0,faol
A002419,L0002005,BANK-06,8040537,60,158913,3851236,0,faol
A002419,L0002006,BANK-06,4161121,18,255643,2904101,0,faol
A002420,L0002007,BANK-11,39102127,24,1789806,13970644,0,faol
A002424,L0002008,BANK-12,6643897,60,121550,4844595,0,faol
A002424,L0002009,BANK-04,23823762,24,1235522,2879472,0,yopilgan
A002424,L0002010,BANK-06,15920244,36,468437,5145500,0,yopilgan
A002425,L0002011,BANK-05,23894926,36,824127,8426071,0,yopilgan
A002426,L0002012,BANK-04,17518967,36,580193,10398195,0,faol
A002429,L0002013,BANK-09,23604845,24,1059319,19874082,0,faol
A002429,L0002014,BANK-08,10513420,6,2333973,3847195,0,faol
A002430,L0002015,BANK-11,12501518,24,552326,2967966,0,faol
A002430,L0002016,BANK-01,10050998,24,487769,7491671,0,faol
A002430,L0002017,BANK-02,23928605,6,4842124,10404346,45,yopilgan
A002433,L0002018,BANK-02,6035991,36,192978,2081108,0,faol
A002433,L0002019,BANK-07,10228036,6,1901047,7456347,45,faol
A002434,L0002020,BANK-05,4970225,36,175171,1064934,0,faol
A002438,L0002021,BANK-12,16863322,12,1498837,8804120,0,faol
A002439,L0002022,BANK-07,52192026,24,2730211,27609902,0,faol
A002439,L0002023,BANK-10,12401344,60,260087,10051386,0,yopilgan
A002440,L0002024,BANK-01,57016341,12,5939662,36740311,0,faol
A002441,L0002025,BANK-10,5760706,18,338505,1051135,0,faol
A002444,L0002026,BANK-06,11848422,36,361696,3938123,0,faol
A002445,L0002027,BANK-09,9101000,6,1625868,5488558,0,faol
A002446,L0002028,BANK-05,12125450,60,260943,9160340,0,faol
A002447,L0002029,BANK-07,10072163,36,321998,5725321,0,yopilgan
A002447,L0002030,BANK-10,5384218,18,395741,4655534,0,faol
A002449,L0002031,BANK-11,7311089,24,402141,4695044,0,faol
A002450,L0002032,BANK-02,6201864,6,1354123,2954722,0,faol
A002451,L0002033,BANK-08,34911039,12,3336276,12778601,45,faol
A002453,L0002034,BANK-06,4414515,36,148569,1446345,0,yopilgan
A002455,L0002035,BANK-06,27057468,18,1679447,16458907,0,faol
A002455,L0002036,BANK-09,5395348,36,161703,585212,0,yopilgan
A002457,L0002037,BANK-02,26747808,60,529641,14285156,0,faol
A002457,L0002038,BANK-07,8871499,18,517621,6857560,15,yopilgan
A002458,L0002039,BANK-11,5650007,60,114771,1248239,0,faol
A002459,L0002040,BANK-11,11427352,24,502212,6624553,0,faol
A002463,L0002041,BANK-05,53942524,12,5796864,47205808,0,faol
A002463,L0002042,BANK-01,19737160,60,362057,13030950,0,faol
A002466,L0002043,BANK-11,4137226,36,134361,1980996,0,faol
A002467,L0002044,BANK-02,4049135,60,86846,2721420,0,yopilgan
A002468,L0002045,BANK-09,50521689,36,1780196,20509207,45,faol
A002468,L0002046,BANK-10,44337208,60,842012,21134799,0,faol
A002469,L0002047,BANK-04,18532842,24,913828,3659723,45,faol
A002470,L0002048,BANK-08,3026057,18,206436,573621,95,faol
A002470,L0002049,BANK-10,22777442,60,472942,19997812,95,yopilgan
A002471,L0002050,BANK-12,4053814,6,866785,1470488,15,faol
A002471,L0002051,BANK-08,40177511,18,2877072,4956515,0,faol
A002471,L0002052,BANK-06,25616920,6,5337058,11063769,0,faol
A002473,L0002053,BANK-12,5118997,6,1022297,1353920,15,faol
A002475,L0002054,BANK-03,4735607,36,162810,1487350,0,faol
A002476,L0002055,BANK-12,10216376,36,308023,2958378,0,faol
A002478,L0002056,BANK-03,3694805,18,246521,931223,0,faol
A002480,L0002057,BANK-12,18603767,36,544072,2082565,0,faol
A002481,L0002058,BANK-11,8727481,6,1672923,5949129,15,faol
A002481,L0002059,BANK-01,7797518,60,153670,3385789,0,faol
A002481,L0002060,BANK-10,28582638,36,972960,10478449,0,faol
A002482,L0002061,BANK-06,6526576,24,297313,5477354,0,faol
A002482,L0002062,BANK-06,11430459,60,219947,8047519,45,yopilgan
A002484,L0002063,BANK-02,13515369,36,503352,3500728,0,faol
A002486,L0002064,BANK-04,21724849,60,453730,7760582,0,faol
A002489,L0002065,BANK-04,7040890,6,1363815,1620531,0,yopilgan
A002491,L0002066,BANK-08,10344115,6,1915745,5655374,0,faol
A002493,L0002067,BANK-03,12496080,12,1233058,3157533,0,faol
A002494,L0002068,BANK-01,15301125,24,679530,6964446,0,faol
A002495,L0002069,BANK-11,20420740,36,683718,7276993,0,yopilgan
A002496,L0002070,BANK-06,26729976,18,1757318,9410404,15,faol
A002496,L0002071,BANK-04,29924284,6,5643614,11975471,0,faol
A002497,L0002072,BANK-05,6309213,36,234630,3666340,45,faol
A002497,L0002073,BANK-03,34234044,24,1528989,27444897,0,faol
A002501,L0002074,BANK-11,9219990,24,469781,5745105,15,faol
A002501,L0002075,BANK-05,3282425,36,105317,806380,15,faol
A002502,L0002076,BANK-07,12957326,18,848521,4699485,0,yopilgan
A002503,L0002077,BANK-12,10432814,6,2093595,6675679,0,faol
A002503,L0002078,BANK-01,14292116,60,261392,2600757,0,faol
A002505,L0002079,BANK-08,17553229,6,3100865,13447003,0,faol
A002508,L0002080,BANK-07,37578963,36,1369011,6895279,15,yopilgan
A002508,L0002081,BANK-02,26650742,18,1944030,10452082,0,faol
A002509,L0002082,BANK-06,21644037,24,1200695,15824696,0,faol
A002514,L0002083,BANK-02,6427260,6,1168090,3689453,0,faol
A002515,L0002084,BANK-12,27922735,18,1842500,21796011,15,faol
A002515,L0002085,BANK-04,12198406,6,2453863,5103796,0,faol
A002516,L0002086,BANK-04,32443580,24,1630434,13448550,15,faol
A002516,L0002087,BANK-03,7518032,24,382107,4092678,0,faol
A002516,L0002088,BANK-10,33751507,24,1687392,10926733,45,faol
A002517,L0002089,BANK-12,17044776,60,318131,6193063,0,faol
A002518,L0002090,BANK-09,5441704,24,287364,4013537,0,faol
A002520,L0002091,BANK-12,15110372,36,448530,6555986,0,faol
A002521,L0002092,BANK-06,11178986,24,611555,4602828,0,faol
A002522,L0002093,BANK-03,6490294,12,572686,1232631,15,faol
A002522,L0002094,BANK-03,6550871,60,130217,2181579,0,yopilgan
A002523,L0002095,BANK-08,24115693,60,505964,16498510,0,yopilgan
A002524,L0002096,BANK-08,7237127,18,471709,1716092,0,faol
A002528,L0002097,BANK-03,10019628,36,353977,2995799,0,faol
A002532,L0002098,BANK-01,13342791,12,1234407,6342738,0,faol
A002533,L0002099,BANK-10,43347842,6,9580339,5871689,0,faol
A002533,L0002100,BANK-10,10423571,12,932883,7825091,0,yopilgan
A002533,L0002101,BANK-06,50845754,6,10352932,38763047,0,yopilgan
A002535,L0002102,BANK-12,17187013,12,1777251,1816895,0,yopilgan
A002535,L0002103,BANK-02,117790889,36,3619918,38686817,0,faol
A002535,L0002104,BANK-12,7423669,36,264191,4118664,0,yopilgan
A002536,L0002105,BANK-10,7640028,6,1657022,5503646,0,faol
A002537,L0002106,BANK-02,6852131,12,657856,5709351,0,yopilgan
A002537,L0002107,BANK-06,12891604,12,1245394,2544865,0,faol
A002538,L0002108,BANK-01,14594638,12,1383249,10539647,15,yopilgan
A002540,L0002109,BANK-11,3763209,6,782117,1878714,0,faol
A002540,L0002110,BANK-12,4815072,60,96209,3226781,0,faol
A002542,L0002111,BANK-11,38946705,18,2666638,12133736,0,faol
A002543,L0002112,BANK-11,30080553,36,939841,19551919,0,yopilgan
A002543,L0002113,BANK-05,5660988,18,356458,3621267,0,yopilgan
A002544,L0002114,BANK-07,5092314,18,335512,1053269,0,yopilgan
A002545,L0002115,BANK-07,16410296,60,348170,14280471,0,faol
A002546,L0002116,BANK-11,9038102,12,945682,7775315,0,faol
A002547,L0002117,BANK-11,4737550,6,1055197,2121140,0,faol
A002548,L0002118,BANK-05,4513363,18,326921,2273028,45,faol
A002549,L0002119,BANK-06,47426887,36,1444464,27133188,95,faol
A002550,L0002120,BANK-05,2852585,24,156088,1532432,0,faol
A002551,L0002121,BANK-12,9051839,12,850322,2201596,0,faol
A002551,L0002122,BANK-04,94900189,36,2903811,64538338,0,faol
A002551,L0002123,BANK-03,6568145,12,661395,3627445,0,yopilgan
A002554,L0002124,BANK-04,20814702,60,402877,13133713,0,faol
A002556,L0002125,BANK-05,5539038,24,295395,3180798,0,faol
A002558,L0002126,BANK-09,56562283,60,1069761,17956625,0,faol
A002560,L0002127,BANK-12,16738714,12,1493141,4684274,0,yopilgan
A002561,L0002128,BANK-07,7028982,12,764047,6179257,0,faol
A002561,L0002129,BANK-10,14825923,6,2773323,7383044,0,faol
A002561,L0002130,BANK-12,3693047,6,733520,718790,45,faol
A002567,L0002131,BANK-04,13383213,12,1310505,9948310,15,faol
A002567,L0002132,BANK-11,2571210,18,171589,2031893,15,faol
A002570,L0002133,BANK-01,3008962,12,287226,2421746,15,faol
A002570,L0002134,BANK-07,17257836,18,1218805,13440594,0,faol
A002574,L0002135,BANK-09,6287177,24,343501,3661553,0,faol
A002574,L0002136,BANK-05,3807313,6,749299,2685437,0,yopilgan
A002577,L0002137,BANK-05,45192239,24,2414342,12635495,0,faol
A002577,L0002138,BANK-04,4779055,24,254747,3652155,0,yopilgan
A002580,L0002139,BANK-11,17463581,24,800051,7630847,0,faol
A002582,L0002140,BANK-03,25282861,60,482494,18576762,0,faol
A002582,L0002141,BANK-12,32104387,60,591445,17247991,0,faol
A002583,L0002142,BANK-09,10872846,36,325574,8815489,0,faol
A002584,L0002143,BANK-02,8631015,24,452121,3240665,0,faol
A002585,L0002144,BANK-07,7994610,60,152379,6294666,0,faol
A002585,L0002145,BANK-04,26593586,36,916419,13572958,0,faol
A002586,L0002146,BANK-07,11874371,60,266535,2314416,0,faol
A002586,L0002147,BANK-06,4283045,6,830767,640205,0,faol
A002589,L0002148,BANK-10,4931061,12,436891,2348822,0,faol
A002589,L0002149,BANK-01,46943196,24,2617138,17075560,95,yopilgan
A002592,L0002150,BANK-07,11629235,24,576654,4375115,45,faol
A002593,L0002151,BANK-04,17497782,6,3395900,15558973,0,faol
A002593,L0002152,BANK-02,25172013,24,1249657,18463234,0,faol
A002595,L0002153,BANK-03,3866978,36,131371,3417135,0,yopilgan
A002597,L0002154,BANK-08,5651280,12,635546,3246949,0,faol
A002600,L0002155,BANK-11,9568220,12,1052404,5241388,0,faol
A002601,L0002156,BANK-11,17421007,6,3158160,5787636,15,faol
A002601,L0002157,BANK-05,17337626,36,646072,13783109,0,yopilgan
A002602,L0002158,BANK-05,14092215,18,831621,2255719,0,faol
A002603,L0002159,BANK-04,6064752,6,1180978,4745847,15,yopilgan
A002603,L0002160,BANK-09,17464780,12,1801499,6803438,0,faol
A002604,L0002161,BANK-08,8061354,24,453362,1592466,0,faol
A002606,L0002162,BANK-09,14568484,18,904360,11388026,0,faol
A002610,L0002163,BANK-02,8527044,36,274656,2892325,0,faol
A002610,L0002164,BANK-05,5321627,12,543329,559452,0,faol
A002610,L0002165,BANK-07,45441696,12,4303190,12590224,95,faol
A002611,L0002166,BANK-08,15857538,60,328204,8982914,0,faol
A002612,L0002167,BANK-11,5229562,24,287250,3035731,0,yopilgan
A002612,L0002168,BANK-04,6766623,18,447655,1723573,0,faol
A002613,L0002169,BANK-04,27838700,36,941161,19613510,0,faol
A002613,L0002170,BANK-02,8222920,36,305695,2925762,0,faol
A002613,L0002171,BANK-04,12442731,60,270476,7824445,0,faol
A002614,L0002172,BANK-04,7978707,12,837543,5865252,0,faol
A002618,L0002173,BANK-07,7258948,60,137347,2053343,45,faol
A002620,L0002174,BANK-03,2043110,36,73146,1076779,0,faol
A002622,L0002175,BANK-09,2567705,36,76878,1811801,0,faol
A002624,L0002176,BANK-11,16477305,36,510859,9630497,0,faol
A002624,L0002177,BANK-12,3279806,6,636915,2887520,15,yopilgan
A002624,L0002178,BANK-03,39813614,60,714503,28539192,0,faol
A002629,L0002179,BANK-01,5020294,6,952378,847930,0,faol
A002629,L0002180,BANK-03,5367804,60,104584,4326145,0,faol
A002631,L0002181,BANK-04,4698273,60,98070,2613388,15,faol
A002632,L0002182,BANK-04,11562746,18,825427,7255182,15,faol
A002633,L0002183,BANK-05,32487755,24,1485362,14518972,0,faol
A002633,L0002184,BANK-04,23224928,6,4125376,11511682,0,faol
A002634,L0002185,BANK-03,32578113,24,1498566,25986232,0,faol
A002634,L0002186,BANK-07,23704017,6,5106461,6659373,0,yopilgan
A002635,L0002187,BANK-08,4578994,24,253666,3596855,0,faol
A002635,L0002188,BANK-03,5499786,6,1153519,4014691,0,faol
A002636,L0002189,BANK-01,25511301,12,2628378,19035882,0,yopilgan
A002636,L0002190,BANK-03,3028515,60,57717,1024847,0,faol
A002638,L0002191,BANK-07,4494506,24,243506,2470258,95,faol
A002638,L0002192,BANK-02,5580396,60,101289,1000931,0,faol
A002638,L0002193,BANK-10,2877143,18,179795,2196231,0,faol
A002639,L0002194,BANK-01,16282346,36,572799,13773550,0,yopilgan
A002640,L0002195,BANK-07,17365652,60,313464,15116430,45,faol
A002641,L0002196,BANK-10,14619922,60,301978,5186734,0,faol
A002642,L0002197,BANK-03,32344769,18,2209227,24715053,0,faol
A002645,L0002198,BANK-12,7576951,12,791014,3502188,15,faol
A002645,L0002199,BANK-11,8882572,24,479140,2174446,0,yopilgan
A002647,L0002200,BANK-11,15978043,6,3088856,13934139,0,faol
A002650,L0002201,BANK-03,18130624,18,1228059,14930266,0,faol
A002651,L0002202,BANK-03,11221949,12,1238244,1594054,0,faol
A002653,L0002203,BANK-11,15619898,36,500366,8546823,0,yopilgan
A002656,L0002204,BANK-08,77220234,12,7357398,23657042,15,yopilgan
A002657,L0002205,BANK-06,9273663,18,680860,1664469,0,faol
A002658,L0002206,BANK-11,27971810,18,1966624,9823850,0,faol
A002658,L0002207,BANK-11,6228147,36,230677,3595571,0,yopilgan
A002659,L0002208,BANK-05,10320897,12,1091608,3852297,0,faol
A002659,L0002209,BANK-12,5867213,36,201234,3186369,95,faol
A002664,L0002210,BANK-12,26975691,12,2413428,12860857,0,faol
A002665,L0002211,BANK-09,16771323,12,1590340,4462919,0,faol
A002666,L0002212,BANK-04,5548190,18,359547,3703979,0,faol
A002667,L0002213,BANK-12,13095356,12,1182772,3972542,0,faol
A002668,L0002214,BANK-01,14932798,60,304487,2401203,0,yopilgan
A002670,L0002215,BANK-11,15654412,24,877643,10808231,0,faol
A002671,L0002216,BANK-01,4473770,36,164185,1631857,15,faol
A002672,L0002217,BANK-05,11729566,18,815582,8209286,45,faol
A002672,L0002218,BANK-02,4808617,24,258031,1217013,0,faol
A002672,L0002219,BANK-03,11574852,18,818299,3549804,0,faol
A002674,L0002220,BANK-08,7664492,36,283281,1978532,0,faol
A002674,L0002221,BANK-05,8884180,24,397122,3021840,0,faol
A002676,L0002222,BANK-06,13943652,18,1026962,1742667,0,yopilgan
A002676,L0002223,BANK-04,7543560,18,451314,4121787,0,yopilgan
A002678,L0002224,BANK-07,11799277,6,2109573,2273681,0,faol
A002678,L0002225,BANK-01,106312382,18,6628635,83194762,45,faol
A002679,L0002226,BANK-05,7167578,36,234286,5971227,95,faol
A002679,L0002227,BANK-04,6252403,12,648308,4670352,0,faol
A002679,L0002228,BANK-08,5790469,18,386596,3451889,0,faol
A002680,L0002229,BANK-07,9048231,36,265796,1538571,95,yopilgan
A002681,L0002230,BANK-04,3656535,60,69297,1932292,0,faol
A002682,L0002231,BANK-05,11572473,6,2048736,9162348,0,faol
A002684,L0002232,BANK-02,26605880,12,2696445,13790833,0,yopilgan
A002686,L0002233,BANK-01,73767790,24,3575948,21547690,0,faol
A002687,L0002234,BANK-10,17264227,6,3583035,13077343,45,faol
A002687,L0002235,BANK-02,11254572,18,807299,4938300,0,faol
A002688,L0002236,BANK-07,29039003,18,1694512,4719364,15,faol
A002690,L0002237,BANK-03,14842016,60,272552,10622360,0,faol
A002694,L0002238,BANK-10,15984443,18,940024,12721210,0,faol
A002695,L0002239,BANK-04,3416856,60,75313,1211471,0,faol
A002698,L0002240,BANK-09,29384264,12,3078719,9932950,15,faol
A002698,L0002241,BANK-08,6978927,24,376132,728093,95,faol
A002699,L0002242,BANK-11,5479454,36,192219,563972,0,yopilgan
A002700,L0002243,BANK-09,9170093,6,1691461,3418192,0,faol
